-- Adminer 4.2.1 MySQL dump

SET NAMES utf8;
SET time_zone = '+00:00';
SET foreign_key_checks = 0;
SET sql_mode = 'NO_AUTO_VALUE_ON_ZERO';

DROP TABLE IF EXISTS `multi_addon_apply_config`;
CREATE TABLE `multi_addon_apply_config` (
  `id` int(10) unsigned NOT NULL AUTO_INCREMENT,
  `name` text DEFAULT NULL,
  `event` text DEFAULT NULL,
  `time_range` text DEFAULT NULL,
  `introduce` text DEFAULT NULL,
  `visiter` int(11) DEFAULT 0,
  `apply` int(11) DEFAULT 0,
  `status` int(11) DEFAULT 0,
  `time` timestamp NOT NULL DEFAULT CURRENT_TIMESTAMP ON UPDATE CURRENT_TIMESTAMP,
  PRIMARY KEY (`id`)
) ENGINE=InnoDB DEFAULT CHARSET=utf8;

INSERT INTO `multi_addon_apply_config` (`id`, `name`, `event`, `time_range`, `introduce`, `visiter`, `apply`, `status`, `time`) VALUES
(1,	'1',	'1,5,3',	'2',	'<font color=\"#000000\" style=\"font-size: 18px; background-color: yellow;\">2</font>',	86,	6,	1,	'2016-06-15 00:08:04');

DROP TABLE IF EXISTS `multi_addon_apply_contact`;
CREATE TABLE `multi_addon_apply_contact` (
  `id` int(10) unsigned NOT NULL AUTO_INCREMENT,
  `user_id` int(11) DEFAULT 0,
  `name` text DEFAULT NULL,
  `address` text DEFAULT NULL,
  `time` timestamp NOT NULL DEFAULT CURRENT_TIMESTAMP ON UPDATE CURRENT_TIMESTAMP,
  PRIMARY KEY (`id`)
) ENGINE=InnoDB DEFAULT CHARSET=utf8;


DROP TABLE IF EXISTS `multi_addon_apply_record`;
CREATE TABLE `multi_addon_apply_record` (
  `id` int(10) unsigned NOT NULL AUTO_INCREMENT,
  `user_id` int(11) DEFAULT 0,
  `contact_id` int(11) DEFAULT 0,
  `name` text DEFAULT NULL,
  `phone` text DEFAULT NULL,
  `event` text DEFAULT NULL,
  `note` text DEFAULT NULL,
  `time` timestamp NOT NULL DEFAULT CURRENT_TIMESTAMP ON UPDATE CURRENT_TIMESTAMP,
  PRIMARY KEY (`id`)
) ENGINE=InnoDB DEFAULT CHARSET=utf8;


DROP TABLE IF EXISTS `multi_addon_card_config`;
CREATE TABLE `multi_addon_card_config` (
  `id` int(10) unsigned NOT NULL AUTO_INCREMENT,
  `notify_url` text DEFAULT NULL,
  `about_url` text DEFAULT NULL,
  `address` text DEFAULT NULL,
  `tel` text DEFAULT NULL,
  `remark` text DEFAULT NULL,
  `time` timestamp NOT NULL DEFAULT CURRENT_TIMESTAMP ON UPDATE CURRENT_TIMESTAMP,
  `shop_id` int(11) DEFAULT 0,
  PRIMARY KEY (`id`)
) ENGINE=InnoDB DEFAULT CHARSET=utf8;

INSERT INTO `multi_addon_card_config` (`id`, `notify_url`, `about_url`, `address`, `tel`, `remark`, `time`, `shop_id`) VALUES
(1,	'#',	'#',	'浙江杭州',	'#',	'',	'2016-05-04 08:48:01',	0);

DROP TABLE IF EXISTS `multi_addon_vote_config`;
CREATE TABLE `multi_addon_vote_config` (
  `id` int(10) unsigned NOT NULL AUTO_INCREMENT,
  `name` text DEFAULT NULL,
  `activity_time` text DEFAULT NULL,
  `about` text DEFAULT NULL,
  `vote_num` int(11) DEFAULT 0,
  `visiter_num` int(11) DEFAULT 0,
  `time` timestamp NOT NULL DEFAULT CURRENT_TIMESTAMP ON UPDATE CURRENT_TIMESTAMP,
  PRIMARY KEY (`id`)
) ENGINE=InnoDB DEFAULT CHARSET=utf8;

INSERT INTO `multi_addon_vote_config` (`id`, `name`, `activity_time`, `about`, `vote_num`, `visiter_num`, `time`) VALUES
(1,	'WeMall5.0满意度投票',	'2015年10月10日-2015年11月11日',	'<p>&nbsp; &nbsp; &nbsp; &nbsp;近期我们将要上线WeMall5.0版本，这次将给大家的是全新的界面，完美的体验，为了让Wemall官方更加了解你们的意愿，请投上您宝贵的一票。</p><p><img src=\"http://192.168.1.101/wemall/Public/Uploads/20151023/14455681934289.jpg\" _src=\"http://192.168.1.101/wemall/Public/Uploads/20151023/14455681934289.jpg\" style=\"width: 317px; height: 248px;\"/></p>',	688,	1556,	'2016-06-13 14:51:49');

DROP TABLE IF EXISTS `multi_addon_vote_record`;
CREATE TABLE `multi_addon_vote_record` (
  `id` int(10) unsigned NOT NULL AUTO_INCREMENT,
  `user_id` int(11) DEFAULT 0,
  `time` timestamp NOT NULL DEFAULT CURRENT_TIMESTAMP ON UPDATE CURRENT_TIMESTAMP,
  PRIMARY KEY (`id`)
) ENGINE=InnoDB DEFAULT CHARSET=utf8;

INSERT INTO `multi_addon_vote_record` (`id`, `user_id`, `time`) VALUES
(1,	2,	'2015-08-28 10:16:13'),
(2,	2,	'2015-08-28 10:16:16'),
(3,	2,	'2015-08-28 10:17:39'),
(4,	2,	'2015-08-28 10:18:07'),
(5,	2,	'2015-08-28 10:20:10'),
(6,	2,	'2015-08-28 10:26:16'),
(7,	2,	'2015-10-23 02:15:07'),
(8,	2,	'2015-10-23 02:46:22'),
(9,	2,	'2015-10-23 02:46:24'),
(10,	2,	'2015-10-23 02:46:27'),
(11,	2,	'2016-05-21 08:27:55'),
(12,	2,	'2016-06-01 02:26:54'),
(13,	2,	'2016-06-13 11:35:54');

DROP TABLE IF EXISTS `multi_addon_wheel_config`;
CREATE TABLE `multi_addon_wheel_config` (
  `id` int(10) unsigned NOT NULL AUTO_INCREMENT,
  `name` text DEFAULT NULL,
  `activity_time` text DEFAULT NULL,
  `activity_explain` text DEFAULT NULL,
  `everyday` int(11) DEFAULT 0,
  `status` int(11) DEFAULT 0,
  `level1_prob` float DEFAULT 0,
  `level2_prob` float DEFAULT 0,
  `level3_prob` float DEFAULT 0,
  `level4_prob` float DEFAULT 0,
  `level5_prob` float DEFAULT 0,
  `level6_prob` float DEFAULT 0,
  `level7_prob` float DEFAULT 0,
  `level1_store` int(11) DEFAULT 0,
  `level2_store` int(11) DEFAULT 0,
  `level3_store` int(11) DEFAULT 0,
  `level4_store` int(11) DEFAULT 0,
  `level5_store` int(11) DEFAULT 0,
  `level6_store` int(11) DEFAULT 0,
  `level7_store` int(11) DEFAULT 0,
  `time` timestamp NOT NULL DEFAULT CURRENT_TIMESTAMP ON UPDATE CURRENT_TIMESTAMP,
  PRIMARY KEY (`id`)
) ENGINE=InnoDB DEFAULT CHARSET=utf8;

INSERT INTO `multi_addon_wheel_config` (`id`, `name`, `activity_time`, `activity_explain`, `everyday`, `status`, `level1_prob`, `level2_prob`, `level3_prob`, `level4_prob`, `level5_prob`, `level6_prob`, `level7_prob`, `level1_store`, `level2_store`, `level3_store`, `level4_store`, `level5_store`, `level6_store`, `level7_store`, `time`) VALUES
(1,	'幸运大转盘',	'5月28日-6月1日',	'<div><strong>111112313231</strong></div><div><br/></div>',	1,	0,	0,	0,	0,	0,	0,	15,	75,	0,	0,	0,	0,	0,	500,	75,	'2015-08-27 18:20:47');

DROP TABLE IF EXISTS `multi_addon_wheel_record`;
CREATE TABLE `multi_addon_wheel_record` (
  `id` int(11) DEFAULT 0 AUTO_INCREMENT,
  `user_id` int(11) DEFAULT 0,
  `level` int(11) DEFAULT 0,
  `time` timestamp NOT NULL DEFAULT CURRENT_TIMESTAMP ON UPDATE CURRENT_TIMESTAMP,
  PRIMARY KEY (`id`)
) ENGINE=InnoDB DEFAULT CHARSET=latin1;

INSERT INTO `multi_addon_wheel_record` (`id`, `user_id`, `level`, `time`) VALUES
(1,	2,	0,	'2015-08-27 18:09:12'),
(2,	2,	0,	'2016-04-16 14:31:45'),
(3,	843,	0,	'2016-04-16 14:36:52'),
(4,	843,	6,	'2016-04-16 16:40:14'),
(5,	843,	0,	'2016-04-21 07:14:16'),
(6,	2,	0,	'2016-04-27 12:40:45'),
(7,	2,	0,	'2016-05-04 09:55:54'),
(8,	2,	0,	'2016-05-16 05:50:16');

DROP TABLE IF EXISTS `multi_admin`;
CREATE TABLE `multi_admin` (
  `id` int(10) unsigned NOT NULL AUTO_INCREMENT,
  `shop_id` int(11) DEFAULT 0,
  `username` text DEFAULT NULL,
  `password` text DEFAULT NULL,
  `phone` text DEFAULT NULL,
  `email` text DEFAULT NULL,
  `token` text DEFAULT NULL,
  `lastip` text DEFAULT NULL,
  `remark` text DEFAULT NULL,
  `status` tinyint(1) NOT NULL,
  `time` timestamp NOT NULL DEFAULT CURRENT_TIMESTAMP ON UPDATE CURRENT_TIMESTAMP,
  PRIMARY KEY (`id`)
) ENGINE=InnoDB DEFAULT CHARSET=utf8;

INSERT INTO `multi_admin` (`id`, `shop_id`, `username`, `password`, `phone`, `email`, `token`, `lastip`, `remark`, `status`, `time`) VALUES
(1,	0,	'admin',	'21232f297a57a5a743894a0e4a801fc3',	'10086',	'admin@admin.com',	'6l8WPhxL6o7sMNFvt8LInfzzBHULh8f',	'',	'333',	1,	'2016-01-05 03:17:31'),
(2,	0,	'1',	'c4ca4238a0b923820dcc509a6f75849b',	'1',	'1604583867@qq.com',	NULL,	'',	'1',	1,	'2016-03-26 10:35:55');

DROP TABLE IF EXISTS `multi_ads`;
CREATE TABLE `multi_ads` (
  `id` int(10) unsigned NOT NULL AUTO_INCREMENT,
  `name` text DEFAULT NULL,
  `sub` text DEFAULT NULL,
  `file_id` int(11) DEFAULT 0,
  `url` text DEFAULT NULL,
  `adsname` text DEFAULT NULL COMMENT '1幻灯片2插件位3广告位',
  `remark` text DEFAULT NULL,
  `rank` int(11) DEFAULT 0,
  `time` timestamp NOT NULL DEFAULT CURRENT_TIMESTAMP ON UPDATE CURRENT_TIMESTAMP,
  `shop_id` int(11) DEFAULT 0,
  PRIMARY KEY (`id`)
) ENGINE=InnoDB DEFAULT CHARSET=utf8;

INSERT INTO `multi_ads` (`id`, `name`, `sub`, `file_id`, `url`, `adsname`, `remark`, `rank`, `time`, `shop_id`) VALUES
(1,	'轮播1',	'',	30,	'',	'1',	'',	0,	'2016-03-26 01:54:28',	136),
(2,	'轮播2',	'',	31,	'',	'1',	'',	0,	'2016-03-26 01:54:33',	136),
(3,	'首页广告1',	'',	5,	'',	'3',	'',	0,	'2016-03-26 02:07:28',	136),
(4,	'首页广告2',	'',	4,	'',	'3',	'',	0,	'2016-03-26 02:07:33',	136),
(5,	'首页广告3',	'',	3,	'',	'3',	'',	0,	'2016-03-26 02:07:36',	136),
(6,	'首页广告4',	'2222',	2,	'',	'3',	'',	222,	'2016-03-26 02:07:40',	136),
(7,	'更多',	'好玩',	45,	'',	'2',	'',	0,	'2016-04-19 01:41:50',	136),
(8,	'报名',	'',	33,	'http://1.inuoer.com/multi/App/Index/index/addon/Apply',	'2',	'',	0,	'2016-04-19 01:23:14',	136),
(9,	'积分',	'',	34,	'http://1.inuoer.com/multi/App/Index/index/addon/Sign',	'2',	'',	0,	'2016-04-19 01:36:25',	136),
(11,	'会员卡',	'',	43,	'http://1.inuoer.com/multi/App/Index/index/addon/Card',	'2',	'',	0,	'2016-04-19 01:32:18',	136),
(12,	'签到',	'',	44,	'http://1.inuoer.com/multi/App/Index/index/addon/Sign',	'2',	'',	0,	'2016-04-19 01:38:41',	136),
(13,	'投票',	'',	42,	'http://1.inuoer.com/multi/App/Index/index/addon/Vote',	'2',	'',	0,	'2016-04-19 01:28:05',	136),
(15,	'1',	'1',	31,	'1',	'1',	'1',	1,	'2016-03-26 10:10:50',	136),
(17,	'44444444',	'44444444444',	51,	'',	'1',	'',	0,	'2016-05-22 09:36:43',	186),
(18,	'AAA',	'旅游A旅游A旅游A',	0,	'',	'',	'',	0,	'2016-06-05 07:40:02',	192);

DROP TABLE IF EXISTS `multi_alipay`;
CREATE TABLE `multi_alipay` (
  `id` int(11) DEFAULT 0 AUTO_INCREMENT,
  `alipayname` varchar(100) DEFAULT NULL COMMENT '支付宝名称',
  `partner` varchar(100) DEFAULT NULL COMMENT '合作身份者id',
  `key` varchar(100) DEFAULT NULL COMMENT '安全检验码',
  `time` timestamp NOT NULL DEFAULT CURRENT_TIMESTAMP ON UPDATE CURRENT_TIMESTAMP,
  PRIMARY KEY (`id`)
) ENGINE=InnoDB DEFAULT CHARSET=utf8;

INSERT INTO `multi_alipay` (`id`, `alipayname`, `partner`, `key`, `time`) VALUES
(1,	'xiujida@163.com',	'2088411818635564',	'q97lmadjh6rfmy3y94ngx7rx7iedulne',	'2016-01-05 02:15:13');

DROP TABLE IF EXISTS `multi_analysis`;
CREATE TABLE `multi_analysis` (
  `id` int(10) unsigned NOT NULL AUTO_INCREMENT,
  `orders` int(11) DEFAULT 0,
  `trades` float DEFAULT 0,
  `registers` int(11) DEFAULT 0,
  `users` int(11) DEFAULT 0,
  `time` timestamp NOT NULL DEFAULT CURRENT_TIMESTAMP ON UPDATE CURRENT_TIMESTAMP,
  `shops` int(11) DEFAULT 0,
  PRIMARY KEY (`id`)
) ENGINE=InnoDB DEFAULT CHARSET=utf8;

INSERT INTO `multi_analysis` (`id`, `orders`, `trades`, `registers`, `users`, `time`, `shops`) VALUES
(1,	0,	0,	1,	0,	'2015-11-16 13:57:10',	0),
(2,	3,	46,	0,	3,	'2016-03-24 09:19:41',	46),
(3,	5,	180,	0,	5,	'2016-03-24 09:19:50',	16),
(4,	9,	286,	0,	9,	'2016-03-24 09:19:58',	23),
(5,	1,	36,	0,	1,	'2016-03-24 09:20:01',	7),
(6,	2,	84,	0,	2,	'2016-03-24 09:20:11',	8),
(7,	5,	90,	0,	5,	'2016-03-24 09:20:15',	2),
(8,	65,	72,	0,	0,	'2016-03-24 09:20:19',	8),
(9,	6,	48,	0,	0,	'2016-03-24 09:20:31',	10),
(10,	2,	38,	0,	0,	'2016-03-24 09:20:34',	8),
(11,	1,	24,	0,	0,	'2016-03-24 09:20:37',	3),
(12,	12,	664,	0,	0,	'2016-03-24 09:20:40',	5),
(13,	1,	84,	0,	0,	'2016-03-24 09:20:46',	1),
(14,	16,	293,	0,	0,	'2016-03-12 08:23:26',	0),
(15,	1,	32,	0,	0,	'2016-03-13 14:41:04',	0),
(16,	0,	0,	3,	0,	'2016-03-25 09:36:07',	2),
(17,	1,	0,	2,	0,	'2016-03-28 09:10:48',	2),
(18,	1,	14,	0,	0,	'2016-03-29 07:39:20',	0),
(19,	0,	0,	2,	0,	'2016-03-30 06:31:13',	2),
(20,	0,	0,	2,	0,	'2016-04-01 02:08:35',	2),
(21,	3,	23.8,	0,	0,	'2016-04-05 06:43:57',	0),
(22,	33,	202.4,	3,	0,	'2016-04-06 15:04:23',	2),
(23,	10,	7.09,	0,	0,	'2016-04-07 08:36:22',	0),
(24,	0,	0,	8,	0,	'2016-04-12 14:34:03',	6),
(25,	2,	15.02,	11,	0,	'2016-04-13 13:19:37',	7),
(26,	0,	0,	12,	0,	'2016-04-14 14:01:27',	8),
(27,	0,	0,	23,	0,	'2016-04-15 15:26:04',	14),
(28,	0,	0,	11,	0,	'2016-04-16 06:19:07',	8),
(29,	0,	0,	8,	0,	'2016-04-17 02:38:47',	6),
(30,	1,	5,	4,	0,	'2016-04-18 05:38:48',	2),
(31,	0,	0,	18,	0,	'2016-04-19 15:24:53',	12),
(32,	0,	0,	13,	0,	'2016-04-20 14:38:15',	9),
(33,	0,	0,	11,	0,	'2016-04-21 07:58:41',	7),
(34,	0,	0,	0,	0,	'2016-04-22 13:17:00',	0),
(35,	0,	0,	5,	0,	'2016-04-25 12:37:24',	3),
(36,	1,	0,	3,	0,	'2016-04-26 06:32:29',	2),
(37,	1,	0,	1,	0,	'2016-04-28 10:18:47',	1),
(38,	0,	0,	0,	0,	'2016-04-28 18:44:01',	0),
(39,	0,	0,	2,	0,	'2016-04-30 12:15:25',	2),
(40,	0,	0,	1,	0,	'2016-05-02 06:54:17',	1),
(41,	7,	106,	4,	0,	'2016-05-04 09:59:58',	2),
(42,	0,	0,	0,	0,	'2016-05-08 08:43:18',	0),
(43,	1,	0,	0,	0,	'2016-05-09 02:01:41',	0),
(44,	1,	0,	0,	0,	'2016-05-10 02:18:55',	0),
(45,	1,	0.01,	3,	0,	'2016-05-12 07:05:09',	2),
(46,	2,	10,	0,	0,	'2016-05-14 08:00:39',	0),
(47,	0,	0,	2,	0,	'2016-05-15 11:11:03',	2),
(48,	0,	0,	5,	0,	'2016-05-16 09:16:35',	4),
(49,	4,	5,	3,	0,	'2016-05-17 12:41:10',	2),
(50,	0,	0,	2,	0,	'2016-05-20 02:47:59',	2),
(51,	3,	47,	0,	0,	'2016-05-21 08:39:05',	0),
(52,	0,	0,	2,	0,	'2016-05-22 09:34:32',	2),
(53,	0,	0,	0,	0,	'2016-05-23 02:49:28',	0),
(54,	1,	0,	2,	0,	'2016-05-25 15:42:46',	1),
(55,	4,	7.03,	0,	0,	'2016-05-28 09:22:16',	0),
(56,	0,	0,	1,	0,	'2016-05-29 02:41:36',	1),
(57,	1,	0,	0,	0,	'2016-05-31 14:36:35',	0),
(58,	1,	2.01,	0,	0,	'2016-06-01 02:25:46',	0),
(59,	0,	0,	3,	0,	'2016-06-02 13:05:20',	3),
(60,	0,	0,	1,	0,	'2016-06-03 04:05:36',	1),
(61,	0,	0,	0,	0,	'2016-06-05 07:38:59',	0),
(62,	0,	0,	0,	0,	'2016-06-06 07:41:43',	0),
(63,	1,	0.04,	2,	0,	'2016-06-08 14:50:43',	2),
(64,	0,	0,	2,	0,	'2016-06-10 09:34:15',	2),
(65,	0,	0,	1,	0,	'2016-06-12 11:21:54',	1),
(66,	0,	0,	2,	0,	'2016-06-13 08:16:36',	2),
(67,	0,	0,	3,	0,	'2016-06-14 13:19:07',	3),
(68,	0,	0,	6,	0,	'2016-06-15 07:50:37',	4);

DROP TABLE IF EXISTS `multi_artical`;
CREATE TABLE `multi_artical` (
  `id` int(10) unsigned NOT NULL AUTO_INCREMENT,
  `shop_id` int(11) DEFAULT 0,
  `title` text DEFAULT NULL,
  `file_id` int(11) DEFAULT 0,
  `author` text DEFAULT NULL,
  `sub` text DEFAULT NULL,
  `content` text DEFAULT NULL,
  `remark` text DEFAULT NULL,
  `visiter` int(11) DEFAULT 0,
  `time` timestamp NOT NULL DEFAULT CURRENT_TIMESTAMP ON UPDATE CURRENT_TIMESTAMP,
  PRIMARY KEY (`id`)
) ENGINE=InnoDB DEFAULT CHARSET=utf8;

INSERT INTO `multi_artical` (`id`, `shop_id`, `title`, `file_id`, `author`, `sub`, `content`, `remark`, `visiter`, `time`) VALUES
(4,	0,	'1',	0,	'1',	'1',	'<p>1</p>',	'1',	3,	'2016-05-11 02:09:09'),
(5,	0,	'今天微信朋友圈最火爆的情人节游戏你玩了没',	47,	'lee',	'123',	'<p>ddddddddd</p>',	'ssss',	46,	'2016-06-15 07:39:29'),
(7,	136,	'001',	47,	'001',	'2222222',	'<p>11111</p>',	'2020',	3,	'2016-05-17 23:54:48'),
(9,	186,	'555555',	0,	'55',	'555555',	'<p>5555555555555555555<br/></p>',	'',	3,	'2016-05-25 07:58:49'),
(10,	187,	'asdf',	0,	'asdf',	'asfd',	'<p>asdf<br/></p>',	'asfd',	4,	'2016-05-29 16:17:36'),
(12,	0,	'这个文章算谁的',	0,	'你猜',	'简介',	'<p>这里的内容</p>',	'没有',	5,	'2016-06-14 14:24:41'),
(14,	193,	'我们发放',	57,	'打扫打扫大大',	'打扫大大是大三大四的',	'<p>打扫打扫打扫打扫大三大四的啊阿萨德啊</p>',	'打扫打扫',	3,	'2016-06-15 07:39:46');

DROP TABLE IF EXISTS `multi_auth_group`;
CREATE TABLE `multi_auth_group` (
  `id` mediumint(8) unsigned NOT NULL AUTO_INCREMENT,
  `title` char(100) NOT NULL DEFAULT '',
  `status` tinyint(1) NOT NULL DEFAULT '1',
  `rules` text DEFAULT NULL,
  `time` timestamp NOT NULL DEFAULT CURRENT_TIMESTAMP ON UPDATE CURRENT_TIMESTAMP,
  PRIMARY KEY (`id`)
) ENGINE=InnoDB DEFAULT CHARSET=utf8;

INSERT INTO `multi_auth_group` (`id`, `title`, `status`, `rules`, `time`) VALUES
(1,	'超级管理员',	1,	'1',	'2015-11-06 03:46:17'),
(2,	'普通管理员',	1,	'58,57,56,55,54,53,52,51,50,49,48,47,46,45,44,43,42,41,40,39,38,37,36,35,34,33,32,31,30,29,28,27,26,25,24,23,22,21,20,19,18,17,16,15,14,13,12,11,10,9,8,7,6,5,4,3,2,1',	'2016-01-05 03:03:01'),
(3,	'普通管理员',	1,	'58,57,56,55,54,53,52,51,50,49,48,47,46,45,44,43,42,41,40,39,38,37,36,35,34,33,32,31,30,29,28,27,26,25,24,23,22,21,20,19,18,17,16,15,14,13,12,11,10,9,8,7,6,5,4,3,2,1',	'2016-05-04 06:29:39');

DROP TABLE IF EXISTS `multi_auth_group_access`;
CREATE TABLE `multi_auth_group_access` (
  `id` int(10) unsigned NOT NULL AUTO_INCREMENT,
  `uid` int(11) DEFAULT 0,
  `group_id` int(11) DEFAULT 0,
  PRIMARY KEY (`id`)
) ENGINE=InnoDB DEFAULT CHARSET=utf8;

INSERT INTO `multi_auth_group_access` (`id`, `uid`, `group_id`) VALUES
(1,	1,	1),
(3,	2,	1),
(5,	4,	2),
(6,	5,	2),
(7,	6,	2),
(8,	7,	1);

DROP TABLE IF EXISTS `multi_auth_rule`;
CREATE TABLE `multi_auth_rule` (
  `id` mediumint(8) unsigned NOT NULL AUTO_INCREMENT,
  `name` char(80) NOT NULL DEFAULT '',
  `title` char(20) NOT NULL DEFAULT '',
  `type` int(11) DEFAULT 0,
  `status` tinyint(1) NOT NULL DEFAULT '1',
  `condition` char(100) NOT NULL DEFAULT '',
  `time` timestamp NOT NULL DEFAULT CURRENT_TIMESTAMP ON UPDATE CURRENT_TIMESTAMP,
  PRIMARY KEY (`id`),
  UNIQUE KEY `name` (`name`)
) ENGINE=InnoDB DEFAULT CHARSET=utf8;

INSERT INTO `multi_auth_rule` (`id`, `name`, `title`, `type`, `status`, `condition`, `time`) VALUES
(1,	'Admin/Index/index',	'系统首页',	1,	1,	'',	'2015-10-13 21:51:29'),
(2,	'Admin/Index/userChart',	'用户分析',	1,	1,	'',	'2015-10-18 02:19:06'),
(3,	'Admin/Config/shopSet',	'商城设置',	1,	1,	'',	'2015-10-14 10:15:02'),
(4,	'Admin/Config/addressSet',	'地址设置',	1,	1,	'',	'2015-10-14 06:03:58'),
(5,	'Admin/Config/tplSet',	'模板设置',	1,	1,	'',	'2015-10-14 06:04:24'),
(6,	'Admin/Config/alipaySet',	'支付宝设置',	1,	1,	'',	'2015-10-14 06:04:46'),
(7,	'Admin/Config/wxPrintSet',	'微信打印机设置',	1,	1,	'',	'2015-10-14 06:05:04'),
(8,	'Admin/Config/smsSet',	'短信验证设置',	1,	1,	'',	'2015-10-14 06:05:26'),
(9,	'Admin/Config/wxTplMsgSet',	'微信模板消息设置',	1,	1,	'',	'2015-10-14 06:05:45'),
(10,	'Admin/Weixin/wxSet',	'微信设置',	1,	1,	'',	'2015-10-14 06:07:56'),
(11,	'Admin/Weixin/wxMenuSet',	'微信菜单设置',	1,	1,	'',	'2015-10-14 06:08:13'),
(12,	'Admin/Weixin/wxReplySet',	'自定义回复设置',	1,	1,	'',	'2015-10-14 06:08:26'),
(13,	'Admin/Shop/ads',	'广告管理',	1,	1,	'',	'2015-10-14 06:08:44'),
(14,	'Admin/Shop/menu',	'菜单管理',	1,	1,	'',	'2015-10-14 06:09:00'),
(15,	'Admin/Shop/product',	'商品管理',	1,	1,	'',	'2015-10-14 06:09:15'),
(16,	'Admin/Order/order',	'订单管理',	1,	1,	'',	'2015-10-14 06:09:41'),
(17,	'Admin/Trade/trade',	'财务管理',	1,	1,	'',	'2015-10-14 06:09:59'),
(18,	'Admin/User/authGroup',	'用户组管理',	1,	1,	'',	'2015-10-14 06:10:16'),
(19,	'Admin/Addon/addon',	'插件管理',	1,	1,	'',	'2015-10-14 06:11:01'),
(20,	'Admin/User/authRule',	'权限管理',	1,	1,	'',	'2015-10-14 06:10:16'),
(21,	'Admin/User/user',	'用户管理',	1,	1,	'',	'2015-10-14 10:18:46'),
(22,	'Admin/Config/addProvince',	'添加省份',	1,	1,	'',	'2015-10-14 10:19:00'),
(23,	'Admin/Config/modifyProvince',	'修改省份',	1,	1,	'',	'2015-10-14 06:03:58'),
(24,	'Admin/Config/delProvince',	'删除省份',	1,	1,	'',	'2015-10-14 06:03:58'),
(25,	'Admin/Config/addCity',	'添加城市',	1,	1,	'',	'2015-10-14 06:03:58'),
(26,	'Admin/Config/city',	'城市管理',	1,	1,	'',	'2015-10-14 10:19:56'),
(27,	'Admin/Config/delCity',	'删除城市',	1,	1,	'',	'2015-10-14 06:03:58'),
(28,	'Admin/Config/modifyCity',	'修改城市',	1,	1,	'',	'2015-10-14 06:03:58'),
(29,	'Admin/File/imageUploader',	'图片管理',	1,	1,	'',	'2015-10-14 10:20:12'),
(30,	'Admin/File/delImage',	'删除图片',	1,	1,	'',	'2015-10-14 10:20:18'),
(31,	'Admin/File/uploadImage',	'上传图片',	1,	1,	'',	'2015-10-14 10:20:24'),
(32,	'Admin/Shop/addMenu',	'添加菜单',	1,	1,	'',	'2015-10-14 06:08:44'),
(33,	'Admin/Shop/modifyMenu',	'修改菜单',	1,	1,	'',	'2015-10-14 06:08:44'),
(34,	'Admin/Shop/delMenu',	'删除菜单',	1,	1,	'',	'2015-10-14 06:08:44'),
(35,	'Admin/Shop/addProduct',	'添加商品',	1,	1,	'',	'2015-10-14 06:08:44'),
(36,	'Admin/Shop/modifyProduct',	'修改商品',	1,	1,	'',	'2015-10-14 06:08:44'),
(37,	'Admin/Shop/updateProduct',	'更新商品',	1,	1,	'',	'2015-10-18 03:09:21'),
(38,	'Admin/Shop/delProduct',	'删除商品',	1,	1,	'',	'2015-10-14 10:21:04'),
(39,	'Admin/Shop/addAds',	'添加广告',	1,	1,	'',	'2015-10-14 10:21:11'),
(40,	'Admin/Shop/modifyAds',	'修改广告',	1,	1,	'',	'2015-10-14 10:21:17'),
(41,	'Admin/Shop/delAds',	'删除广告',	1,	1,	'',	'2015-10-14 10:21:23'),
(42,	'Admin/User/login',	'用户登录',	1,	1,	'',	'2015-10-14 10:21:31'),
(43,	'Admin/User/logout',	'用户注销',	1,	1,	'',	'2015-10-14 10:21:37'),
(44,	'Admin/User/delUser',	'删除用户',	1,	1,	'',	'2015-10-14 10:21:43'),
(45,	'Admin/User/addUser',	'添加用户',	1,	1,	'',	'2015-10-14 10:21:48'),
(46,	'Admin/User/modifyUser',	'修改用户',	1,	1,	'',	'2015-10-14 10:21:54'),
(47,	'Admin/User/addAuthGroup',	'添加用户组',	1,	1,	'',	'2015-10-14 10:22:00'),
(48,	'Admin/User/modifyAuthGroup',	'修改用户组',	1,	1,	'',	'2015-10-14 10:22:09'),
(49,	'Admin/User/delAuthGroup',	'删除用户组',	1,	1,	'',	'2015-10-14 10:22:14'),
(50,	'Admin/Base/getNotify',	'系统通知',	1,	1,	'',	'2015-10-18 02:16:38'),
(51,	'Admin/Addon/addonShop',	'插件商店',	1,	1,	'',	'2015-10-14 06:11:01'),
(52,	'Admin/Index/orderChart',	'订单分析',	1,	1,	'',	'2015-10-18 02:19:17'),
(53,	'Admin/Index/productChart',	'商品分析',	1,	1,	'',	'2015-10-18 02:19:35'),
(54,	'Admin/Shop/comment',	'评论管理',	1,	1,	'',	'2015-10-14 10:21:23'),
(55,	'Admin/Shop/productSearch',	'商品搜索',	1,	1,	'',	'2015-10-18 02:21:13'),
(56,	'Admin/Order/search',	'订单搜索',	1,	1,	'',	'2015-10-18 02:24:07'),
(57,	'Admin/Shop/delComment',	'删除评论',	1,	1,	'',	'2015-10-14 10:21:23'),
(58,	'Admin/Order/update',	'订单操作',	1,	1,	'',	'2015-10-18 03:00:46');

DROP TABLE IF EXISTS `multi_comment`;
CREATE TABLE `multi_comment` (
  `id` int(10) unsigned NOT NULL AUTO_INCREMENT,
  `shop_id` int(11) DEFAULT 0,
  `product_id` int(11) DEFAULT 0,
  `user_id` int(11) DEFAULT 0,
  `user_name` text DEFAULT NULL,
  `name` text DEFAULT NULL,
  `remark` text DEFAULT NULL,
  `time` timestamp NOT NULL DEFAULT CURRENT_TIMESTAMP ON UPDATE CURRENT_TIMESTAMP,
  PRIMARY KEY (`id`)
) ENGINE=InnoDB DEFAULT CHARSET=utf8;

INSERT INTO `multi_comment` (`id`, `shop_id`, `product_id`, `user_id`, `user_name`, `name`, `remark`, `time`) VALUES
(1,	136,	1,	792,	'清月曦',	'不错呦',	NULL,	'2016-04-07 08:59:10');

DROP TABLE IF EXISTS `multi_config`;
CREATE TABLE `multi_config` (
  `id` int(10) unsigned NOT NULL AUTO_INCREMENT,
  `name` text DEFAULT NULL,
  `tel` text DEFAULT NULL,
  `address` text DEFAULT NULL,
  `qrcode` text DEFAULT NULL,
  `oauth` tinyint(1) NOT NULL,
  `oauth_debug` int(1) NOT NULL,
  `web_login` int(10) NOT NULL DEFAULT '0' COMMENT '1:开启手机账号登录',
  `balance_payment` tinyint(1) NOT NULL,
  `wechat_payment` tinyint(1) NOT NULL,
  `alipay_payment` tinyint(1) NOT NULL,
  `cool_payment` tinyint(1) NOT NULL,
  `theme` text DEFAULT NULL,
  `remark` text DEFAULT NULL,
  `recommend_shop` text DEFAULT NULL,
  `tx_fee` float DEFAULT 0 COMMENT '提现手续费',
  `time` timestamp NOT NULL DEFAULT CURRENT_TIMESTAMP ON UPDATE CURRENT_TIMESTAMP,
  PRIMARY KEY (`id`)
) ENGINE=InnoDB DEFAULT CHARSET=utf8;

INSERT INTO `multi_config` (`id`, `name`, `tel`, `address`, `qrcode`, `oauth`, `oauth_debug`, `web_login`, `balance_payment`, `wechat_payment`, `alipay_payment`, `cool_payment`, `theme`, `remark`, `recommend_shop`, `tx_fee`, `time`) VALUES
(1, '校内派', '0374-8588991', '河南省许昌市', 'https://mp.weixin.qq.com/cgi-bin/showqrcode?ticket=gQGU7zoAAAAAAAAAASxodHRwOi8vd2VpeGluLnFxLmNvbS9xL0lEdkhCcGZsSGxSbjlXYTd3eE5pAAIEEQ9yVgMEAAAAAA%3D%3D', 1, 1, 1, 1, 1, 1, 1, 'waimai', '', '1,8,9,16,12,19', 0.011, '2016-07-27 07:06:12');

DROP TABLE IF EXISTS `multi_contact`;
CREATE TABLE `multi_contact` (
  `id` int(10) unsigned NOT NULL AUTO_INCREMENT,
  `user_id` int(11) DEFAULT 0,
  `name` text DEFAULT NULL,
  `phone` text DEFAULT NULL,
  `province` text DEFAULT NULL,
  `city` text DEFAULT NULL,
  `district` text DEFAULT NULL,
  `address` text DEFAULT NULL,
  `postcode` text DEFAULT NULL,
  `remark` text DEFAULT NULL,
  `time` timestamp NOT NULL DEFAULT CURRENT_TIMESTAMP ON UPDATE CURRENT_TIMESTAMP,
  PRIMARY KEY (`id`)
) ENGINE=InnoDB DEFAULT CHARSET=utf8;

INSERT INTO `multi_contact` (`id`, `user_id`, `name`, `phone`, `province`, `city`, `district`, `address`, `postcode`, `remark`, `time`) VALUES
(1,	2,	'崔',	'10086',	'河南',	'郑州',	NULL,	'哦哦',	NULL,	NULL,	'2016-06-08 14:50:43'),
(2,	792,	'哈',	'10086',	'河南',	'郑州',	NULL,	'哈哈',	NULL,	NULL,	'2016-04-07 07:20:03'),
(3,	818,	'呃呃呃额额',	'15995252412',	'河南',	'郑州',	NULL,	'555555',	NULL,	NULL,	'2016-04-13 02:08:40'),
(4,	848,	'经历了',	'18660011218',	'山东',	'青岛',	NULL,	'推茉',	NULL,	NULL,	'2016-04-18 03:29:21'),
(5,	996,	'Jdndn',	'Jdndj',	'山东',	'青岛',	NULL,	'Dnnsnd',	NULL,	NULL,	'2016-04-26 00:55:50');

DROP TABLE IF EXISTS `multi_feedback`;
CREATE TABLE `multi_feedback` (
  `id` int(10) unsigned NOT NULL AUTO_INCREMENT,
  `user_id` int(11) DEFAULT 0,
  `value` text DEFAULT NULL,
  `remark` text DEFAULT NULL,
  `time` timestamp NOT NULL DEFAULT CURRENT_TIMESTAMP ON UPDATE CURRENT_TIMESTAMP,
  PRIMARY KEY (`id`)
) ENGINE=InnoDB DEFAULT CHARSET=utf8;


DROP TABLE IF EXISTS `multi_file`;
CREATE TABLE `multi_file` (
  `id` int(10) unsigned NOT NULL AUTO_INCREMENT,
  `name` text DEFAULT NULL,
  `ext` text DEFAULT NULL,
  `type` text DEFAULT NULL,
  `savename` text DEFAULT NULL,
  `savepath` text DEFAULT NULL,
  `time` timestamp NOT NULL DEFAULT CURRENT_TIMESTAMP ON UPDATE CURRENT_TIMESTAMP,
  PRIMARY KEY (`id`)
) ENGINE=InnoDB DEFAULT CHARSET=utf8;

INSERT INTO `multi_file` (`id`, `name`, `ext`, `type`, `savename`, `savepath`, `time`) VALUES
(1,	'55e6b902cef38.jpg',	'jpg',	'image/jpeg',	'56149e72a10c4.jpg',	'2015-10-07/',	'2015-10-07 04:24:18'),
(2,	'5615e26f54d75.jpg',	'jpg',	'image/jpeg',	'563c4f4336719.jpg',	'2015-11-06/',	'2015-11-06 06:57:07'),
(3,	'5615ea4fd93f4.jpg',	'jpg',	'image/jpeg',	'563c4f433762a.jpg',	'2015-11-06/',	'2015-11-06 06:57:07'),
(4,	'5615eaa90c582.jpg',	'jpg',	'image/jpeg',	'563c4f4337c28.jpg',	'2015-11-06/',	'2015-11-06 06:57:07'),
(5,	'5615eaa90d34c.jpg',	'jpg',	'image/jpeg',	'563c4f4338996.jpg',	'2015-11-06/',	'2015-11-06 06:57:07'),
(6,	'5615eaa90dfad.jpg',	'jpg',	'image/jpeg',	'563c4f4339b2d.jpg',	'2015-11-06/',	'2015-11-06 06:57:07'),
(7,	'5615eaa90e804.jpg',	'jpg',	'image/jpeg',	'563c4f433ab12.jpg',	'2015-11-06/',	'2015-11-06 06:57:07'),
(9,	'1-370x370-1420.jpg',	'jpg',	'image/jpeg',	'563c52adac85f.jpg',	'2015-11-06/',	'2015-11-06 07:11:41'),
(10,	'1-370x370-5844-4KHF8KDU.jpg',	'jpg',	'image/jpeg',	'563c52bb4b7eb.jpg',	'2015-11-06/',	'2015-11-06 07:11:55'),
(11,	'1-370x370-5985-9KPFBWR1.jpg',	'jpg',	'image/jpeg',	'563c52bb4bced.jpg',	'2015-11-06/',	'2015-11-06 07:11:55'),
(12,	'1-370x370-6486-BXPDCPCU.jpg',	'jpg',	'image/jpeg',	'563c540523c16.jpg',	'2015-11-06/',	'2015-11-06 07:17:25'),
(13,	'1-370x370-5942-KCHKPX9K.jpg',	'jpg',	'image/jpeg',	'563c540524b9c.jpg',	'2015-11-06/',	'2015-11-06 07:17:25'),
(14,	'1-370x370-4394-3YU37TSK.jpg',	'jpg',	'image/jpeg',	'563c54052539a.jpg',	'2015-11-06/',	'2015-11-06 07:17:25'),
(15,	'1-370x370-3265-PU41F9AB.jpg',	'jpg',	'image/jpeg',	'563c540525aca.jpg',	'2015-11-06/',	'2015-11-06 07:17:25'),
(16,	'1-370x370-4854-4TC46UPX.jpg',	'jpg',	'image/jpeg',	'563c5405260d0.jpg',	'2015-11-06/',	'2015-11-06 07:17:25'),
(17,	'1-370x370-6423-YSDU6WA6.jpg',	'jpg',	'image/jpeg',	'563c540526487.jpg',	'2015-11-06/',	'2015-11-06 07:17:25'),
(18,	'55fa7cf5d3c70.jpg',	'jpg',	'image/jpeg',	'563c61f936dbd.jpg',	'2015-11-06/',	'2015-11-06 08:16:57'),
(19,	'55fa79e11089e.png',	'png',	'image/jpeg',	'563c61f937aff.png',	'2015-11-06/',	'2015-11-06 08:16:57'),
(20,	'55fa76b46c708.png',	'png',	'image/jpeg',	'563c61f938112.png',	'2015-11-06/',	'2015-11-06 08:16:57'),
(21,	'55fa763dbe297.png',	'png',	'image/jpeg',	'563c61f9385ba.png',	'2015-11-06/',	'2015-11-06 08:16:57'),
(22,	'55fa76266b041.png',	'png',	'image/jpeg',	'563c61f938931.png',	'2015-11-06/',	'2015-11-06 08:16:57'),
(23,	'55fa759ae7a02.png',	'png',	'image/jpeg',	'563c61f938cac.png',	'2015-11-06/',	'2015-11-06 08:16:57'),
(24,	'55fa73efc80f0.png',	'png',	'image/jpeg',	'563c61f939289.png',	'2015-11-06/',	'2015-11-06 08:16:57'),
(25,	'55fa737d985f2.png',	'png',	'image/jpeg',	'563c61f9395ed.png',	'2015-11-06/',	'2015-11-06 08:16:57'),
(26,	'563885a8a6b84.jpg',	'jpg',	'image/jpeg',	'563c61f93985d.jpg',	'2015-11-06/',	'2015-11-06 08:16:57'),
(27,	'1417595621584.jpg',	'jpg',	'image/jpeg',	'563c68eff3721.jpg',	'2015-11-06/',	'2015-11-06 08:46:40'),
(28,	'1417597271905.jpg',	'jpg',	'image/jpeg',	'563c695de2403.jpg',	'2015-11-06/',	'2015-11-06 08:48:29'),
(29,	'1434268044104.jpg',	'jpg',	'image/jpeg',	'563c695de2cbe.jpg',	'2015-11-06/',	'2015-11-06 08:48:29'),
(30,	'56332ab690d5a.jpg',	'jpg',	'image/jpeg',	'56e26376be595.jpg',	'2016-03-11/',	'2016-03-11 06:19:34'),
(31,	'56332aceadb31.jpg',	'jpg',	'image/jpeg',	'56e2638503403.jpg',	'2016-03-11/',	'2016-03-11 06:19:49'),
(32,	'icon_dazhuanpan.png',	'png',	'image/png',	'56e286150aba1.png',	'2016-03-11/',	'2016-03-11 08:47:17'),
(33,	'icon_huodongbaoming.png',	'png',	'image/png',	'56e2867c67ab5.png',	'2016-03-11/',	'2016-03-11 08:49:00'),
(34,	'icon_jifen.png',	'png',	'image/png',	'56e2884a14ae6.png',	'2016-03-11/',	'2016-03-11 08:56:42'),
(35,	'icon_coupon.png',	'png',	'image/png',	'56e2887d5a3ff.png',	'2016-03-11/',	'2016-03-11 08:57:33'),
(36,	'icon_card.png',	'png',	'image/png',	'56e288b77caf6.png',	'2016-03-11/',	'2016-03-11 08:58:31'),
(37,	'icon_kehuguanli.png',	'png',	'image/png',	'56e289bc27610.png',	'2016-03-11/',	'2016-03-11 09:02:52'),
(38,	'icon_erweima.png',	'png',	'image/png',	'56e289e1c1135.png',	'2016-03-11/',	'2016-03-11 09:03:29'),
(39,	'icon_add.png',	'png',	'image/png',	'56e28a2a771f2.png',	'2016-03-11/',	'2016-03-11 09:04:42'),
(40,	'1.jpg',	'jpg',	'image/jpeg',	'570e47959131f.jpg',	'2016-04-13/',	'2016-04-13 13:20:21'),
(41,	'logo.png',	'png',	'image/png',	'5710e3ce98414.png',	'2016-04-15/',	'2016-04-15 12:51:26'),
(42,	'投票.png',	'png',	'image/png',	'5715898caf6ac.png',	'2016-04-19/',	'2016-04-19 01:27:40'),
(43,	'会员卡.png',	'png',	'image/png',	'57158a9b9c780.png',	'2016-04-19/',	'2016-04-19 01:32:10'),
(44,	'签到 (1).png',	'png',	'image/png',	'57158c0fa78bc.png',	'2016-04-19/',	'2016-04-19 01:38:22'),
(45,	'更多.png',	'png',	'image/png',	'57158cd8cd13e.png',	'2016-04-19/',	'2016-04-19 01:41:43'),
(46,	'2.jpg',	'jpg',	'image/jpeg',	'57163086c7d8c.jpg',	'2016-04-19/',	'2016-04-19 13:20:06'),
(47,	'1.jpg',	'jpg',	'image/jpeg',	'5716308ef1a2c.jpg',	'2016-04-19/',	'2016-04-19 13:20:14'),
(48,	'26796-3.jpg',	'jpg',	'image/jpeg',	'573ae3e8bd92a.jpg',	'2016-05-17/',	'2016-05-17 09:27:04'),
(49,	'f.png',	'png',	'image/png',	'573e7a9633eb9.png',	'2016-05-20/',	'2016-05-20 02:46:46'),
(50,	'wemallshop.jpg',	'jpg',	'image/jpeg',	'573e7f3a5b190.jpg',	'2016-05-20/',	'2016-05-20 03:06:34'),
(51,	'QQ图片20160122162852.gif',	'gif',	'image/gif',	'573e8a51f2977.gif',	'2016-05-20/',	'2016-05-20 03:53:53'),
(52,	'0.gif',	'gif',	'image/gif',	'57417cb2b6316.gif',	'2016-05-22/',	'2016-05-22 09:32:34'),
(53,	'1992992_102246642000_2.jpg',	'jpg',	'image/jpeg',	'57426eece8a8e.jpg',	'2016-05-23/',	'2016-05-23 02:46:04'),
(54,	'3227365_195354089853_2.jpg',	'jpg',	'image/jpeg',	'57426ef570f7e.jpg',	'2016-05-23/',	'2016-05-23 02:46:13'),
(55,	'4666865_193650601000_2.jpg',	'jpg',	'image/jpeg',	'57426efb6b382.jpg',	'2016-05-23/',	'2016-05-23 02:46:19'),
(56,	'10153800_095509451179_2.jpg',	'jpg',	'image/jpeg',	'57426f03d6809.jpg',	'2016-05-23/',	'2016-05-23 02:46:27'),
(57,	'20131030_337ad553-5c6e-4f8b-895f-1d094fe780ff.jpg',	'jpg',	'image/jpeg',	'57426f07c2ba1.jpg',	'2016-05-23/',	'2016-05-23 02:46:31'),
(58,	'Redocn_2013111402330775.jpg',	'jpg',	'image/jpeg',	'57426f0dbe52f.jpg',	'2016-05-23/',	'2016-05-23 02:46:37'),
(59,	'1.jpg',	'jpg',	'image/jpeg',	'5746a0ef31ea6.jpg',	'2016-05-26/',	'2016-05-26 07:08:31'),
(60,	'七阶层叠水平图.png',	'png',	'image/png',	'574ce8906ad1b.png',	'2016-05-31/',	'2016-05-31 01:27:44');

DROP TABLE IF EXISTS `multi_loc_city`;
CREATE TABLE `multi_loc_city` (
  `id` int(10) unsigned NOT NULL AUTO_INCREMENT,
  `shop_id` int(11) DEFAULT 0,
  `province_id` int(11) DEFAULT 0,
  `name` text DEFAULT NULL,
  PRIMARY KEY (`id`)
) ENGINE=InnoDB DEFAULT CHARSET=utf8;

INSERT INTO `multi_loc_city` (`id`, `shop_id`, `province_id`, `name`) VALUES
(1,	0,	1,	'郑州市'),
(2,	0,	1,	'洛阳市'),
(3,	0,	2,	'海淀区'),
(4,	0,	2,	'朝阳区'),
(5,	0,	3,	'邯郸市'),
(6,	0,	4,	'合肥市'),
(7,	136,	6,	'郑州市'),
(8,	136,	5,	'太原市'),
(9,	140,	7,	'郑州'),
(10,	146,	8,	'青岛'),
(11,	136,	10,	'临沂');

DROP TABLE IF EXISTS `multi_loc_district`;
CREATE TABLE `multi_loc_district` (
  `id` int(10) unsigned NOT NULL AUTO_INCREMENT,
  `province_id` int(11) DEFAULT 0,
  `city_id` int(11) DEFAULT 0,
  `name` text DEFAULT NULL,
  `zipcode` text DEFAULT NULL,
  PRIMARY KEY (`id`)
) ENGINE=InnoDB DEFAULT CHARSET=utf8;


DROP TABLE IF EXISTS `multi_loc_province`;
CREATE TABLE `multi_loc_province` (
  `id` int(10) unsigned NOT NULL AUTO_INCREMENT,
  `shop_id` int(11) DEFAULT 0,
  `name` text DEFAULT NULL,
  PRIMARY KEY (`id`)
) ENGINE=InnoDB DEFAULT CHARSET=utf8;

INSERT INTO `multi_loc_province` (`id`, `shop_id`, `name`) VALUES
(1,	0,	'河南省'),
(2,	0,	'北京市'),
(3,	0,	'河北省'),
(4,	0,	'安微省'),
(5,	136,	'山西省'),
(6,	136,	'河南省'),
(7,	140,	'河南'),
(8,	146,	'山东'),
(10,	136,	'山东'),
(11,	183,	'湖南'),
(13,	192,	'SD'),
(14,	188,	''),
(15,	193,	'');

DROP TABLE IF EXISTS `multi_log`;
CREATE TABLE `multi_log` (
  `id` int(10) unsigned NOT NULL AUTO_INCREMENT,
  `user_id` int(11) DEFAULT 0,
  `type` int(11) DEFAULT 0,
  `time` timestamp NOT NULL DEFAULT CURRENT_TIMESTAMP ON UPDATE CURRENT_TIMESTAMP,
  `product_id` int(11) DEFAULT 0,
  `order_id` int(11) DEFAULT 0,
  `name` text DEFAULT NULL,
  PRIMARY KEY (`id`)
) ENGINE=InnoDB DEFAULT CHARSET=utf8;


DROP TABLE IF EXISTS `multi_menu`;
CREATE TABLE `multi_menu` (
  `id` int(11) unsigned NOT NULL AUTO_INCREMENT,
  `name` text DEFAULT NULL,
  `pid` int(11) DEFAULT 0,
  `file_id` int(11) DEFAULT 0,
  `remark` text DEFAULT NULL,
  `rank` int(11) DEFAULT 0,
  `time` timestamp NOT NULL DEFAULT CURRENT_TIMESTAMP ON UPDATE CURRENT_TIMESTAMP,
  `shop_id` int(11) DEFAULT 0,
  PRIMARY KEY (`id`)
) ENGINE=InnoDB DEFAULT CHARSET=utf8;

INSERT INTO `multi_menu` (`id`, `name`, `pid`, `file_id`, `remark`, `rank`, `time`, `shop_id`) VALUES
(1,	'水果',	0,	0,	'',	1,	'2016-03-26 02:17:26',	136),
(2,	'生鲜',	0,	0,	'',	0,	'2016-03-26 02:18:22',	136),
(3,	'外卖',	0,	0,	'',	0,	'2016-03-26 02:18:35',	136),
(4,	'超市',	0,	24,	'',	0,	'2016-01-05 02:30:11',	0),
(5,	'社区1',	1,	24,	'',	0,	'2016-01-05 08:14:31',	0),
(6,	'水果',	0,	10,	'2',	1,	'2016-03-28 09:15:12',	138),
(7,	'蔬菜',	0,	25,	'1',	1,	'2016-03-28 09:22:22',	138),
(8,	'菜单1号',	0,	33,	'',	0,	'2016-04-06 09:07:52',	140),
(9,	'1',	0,	0,	'',	0,	'2016-04-16 02:40:40',	156),
(10,	'饮料',	0,	1,	'',	1,	'2016-04-16 14:34:12',	146),
(11,	'Organe',	0,	10,	'1',	1,	'2016-04-16 16:27:37',	159),
(12,	'APPLE',	0,	11,	'2',	2,	'2016-04-16 16:30:10',	159),
(13,	'cddd',	0,	0,	'1',	1,	'2016-04-17 13:53:45',	161),
(15,	'小吃',	0,	45,	'',	0,	'2016-05-10 14:04:32',	136),
(16,	'Hello',	0,	45,	'',	0,	'2016-05-12 10:38:47',	177),
(17,	'twerwe',	0,	0,	'',	1,	'2016-05-20 07:58:14',	184),
(18,	'测试',	0,	0,	'2',	1,	'2016-05-22 09:37:31',	186),
(19,	'水果',	0,	0,	'',	1,	'2016-05-23 02:50:27',	187),
(20,	'日用',	0,	0,	'',	2,	'2016-05-23 02:50:39',	187),
(21,	'sdfsdf',	0,	60,	'sdf',	1,	'2016-06-02 13:33:38',	189),
(22,	'123',	0,	59,	'12',	1,	'2016-06-07 03:34:35',	0),
(23,	'asd',	0,	60,	'',	0,	'2016-06-07 03:35:24',	0);

DROP TABLE IF EXISTS `multi_order`;
CREATE TABLE `multi_order` (
  `id` int(10) unsigned NOT NULL AUTO_INCREMENT,
  `shop_id` int(11) DEFAULT 0,
  `user_id` int(11) DEFAULT 0,
  `orderid` text DEFAULT NULL,
  `totalprice` text DEFAULT NULL,
  `payment` text DEFAULT NULL,
  `pay_status` int(11) DEFAULT 0,
  `delivery_time` text DEFAULT NULL,
  `freight` float DEFAULT 0,
  `discount` int(11) DEFAULT 0,
  `remark` text DEFAULT NULL,
  `status` int(11) DEFAULT 0 COMMENT '0:未处理，1:已发货，-2:退货中，-3:退货完成，-4:申请退货，-1:交易取消，2:交易完成',
  `time` text DEFAULT NULL,
  PRIMARY KEY (`id`)
) ENGINE=InnoDB DEFAULT CHARSET=utf8;

INSERT INTO `multi_order` (`id`, `shop_id`, `user_id`, `orderid`, `totalprice`, `payment`, `pay_status`, `delivery_time`, `freight`, `discount`, `remark`, `status`, `time`) VALUES
(1,	136,	2,	'1604061104233',	'7.00',	'2',	0,	'10:30-11:30',	2,	2,	'',	2,	'2016-04-06 23:04:23'),
(2,	136,	792,	'1604070320031',	'7.00',	'0',	1,	'10:30-11:30',	2,	2,	'哈',	2,	'2016-04-07 15:20:03'),
(3,	136,	792,	'1604070322391',	'0.01',	'2',	0,	'10:30-11:30',	0,	0,	'',	2,	'2016-04-07 15:22:39'),
(4,	136,	792,	'1604070323049',	'0.01',	'2',	0,	'10:30-11:30',	0,	0,	'',	2,	'2016-04-07 15:23:04'),
(5,	136,	792,	'1604070324113',	'0.01',	'2',	1,	'10:30-11:30',	0,	0,	'',	2,	'2016-04-07 15:24:11'),
(6,	136,	792,	'1604070333357',	'0.01',	'0',	1,	'10:30-11:30',	0,	0,	'',	2,	'2016-04-07 15:33:35'),
(7,	136,	792,	'1604070338434',	'0.01',	'0',	1,	'10:30-11:30',	0,	0,	'',	2,	'2016-04-07 15:38:43'),
(8,	136,	792,	'1604070341197',	'0.01',	'0',	1,	'10:30-11:30',	0,	0,	'',	2,	'2016-04-07 15:41:19'),
(9,	136,	792,	'1604070355221',	'0.01',	'0',	1,	'10:30-11:30',	0,	0,	'',	2,	'2016-04-07 15:55:22'),
(10,	136,	792,	'1604070431308',	'0.01',	'0',	1,	'10:30-11:30',	0,	0,	'',	2,	'2016-04-07 16:31:30'),
(11,	136,	792,	'1604070436224',	'0.01',	'0',	1,	'10:30-11:30',	0,	0,	'',	2,	'2016-04-07 16:36:22'),
(12,	135,	2,	'1604131000177',	'0.02',	'3',	0,	'10:30-11:30',	0,	0,	'',	1,	'2016-04-13 10:00:17'),
(13,	0,	818,	'1604131008405',	'15.00',	'2',	0,	'10:30-11:30',	0,	0,	'',	0,	'2016-04-13 10:08:40'),
(14,	0,	848,	'1604181129214',	'5.00',	'1',	0,	'10:30-11:30',	0,	2,	'12333',	0,	'2016-04-18 11:29:21'),
(15,	0,	996,	'1604260855505',	'NaN',	'1',	0,	'',	0,	0,	'',	1,	'2016-04-26 08:55:50'),
(16,	0,	2,	'1604280618471',	'NaN',	'2',	0,	'',	0,	0,	'',	0,	'2016-04-28 18:18:47'),
(17,	0,	2,	'1605040548574',	'5.00',	'2',	0,	'10:30-11:30',	0,	2,	'',	0,	'2016-05-04 17:48:57'),
(18,	0,	2,	'1605040549461',	'20.00',	'1',	0,	'10:30-11:30',	0,	2,	'',	0,	'2016-05-04 17:49:46'),
(19,	0,	2,	'1605040550083',	'5.00',	'3',	0,	'10:30-11:30',	0,	2,	'',	0,	'2016-05-04 17:50:08'),
(20,	0,	2,	'1605040550552',	'10.00',	'1',	0,	'10:30-11:30',	0,	0,	'',	0,	'2016-05-04 17:50:55'),
(21,	0,	2,	'1605040552078',	'46.00',	'0',	1,	'10:30-11:30',	0,	2,	'',	0,	'2016-05-04 17:52:07'),
(22,	0,	2,	'1605040559068',	'5.00',	'1',	0,	'10:30-11:30',	0,	2,	'',	0,	'2016-05-04 17:59:06'),
(23,	0,	2,	'1605040559587',	'15.00',	'1',	0,	'10:30-11:30',	0,	0,	'',	0,	'2016-05-04 17:59:58'),
(24,	0,	2,	'1605091001404',	'NaN',	'1',	0,	'',	0,	0,	'',	0,	'2016-05-09 10:01:40'),
(25,	0,	2,	'1605101018553',	'NaN',	'2',	0,	'',	0,	0,	'',	0,	'2016-05-10 10:18:55'),
(26,	0,	2,	'1605120305093',	'0.01',	'1',	0,	'10:30-11:30',	0,	0,	'',	0,	'2016-05-12 15:05:09'),
(27,	0,	2,	'1605140115445',	'NaN',	'0',	1,	'',	0,	0,	'',	0,	'2016-05-14 01:15:44'),
(28,	149,	2,	'1605140400395',	'10.00',	'1',	0,	'10:30-11:30',	0,	0,	'',	0,	'2016-05-14 16:00:39'),
(29,	0,	2,	'1605171142503',	'NaN',	'2',	1,	'',	0,	0,	'',	1,	'2016-05-17 11:42:50'),
(30,	0,	2,	'1605171148284',	'NaN',	'2',	1,	'',	0,	0,	'',	-1,	'2016-05-17 11:48:28'),
(31,	0,	2,	'1605171148555',	'NaN',	'1',	1,	'',	0,	0,	'',	-1,	'2016-05-17 11:48:55'),
(32,	0,	2,	'1605170423106',	'5.00',	'1',	0,	'10:30-11:30',	0,	2,	'',	0,	'2016-05-17 16:23:10'),
(33,	149,	2,	'1605210429351',	'25.00',	'1',	0,	'10:30-11:30',	0,	2,	'',	0,	'2016-05-21 16:29:35'),
(34,	149,	2,	'1605210430386',	'20.00',	'2',	0,	'10:30-11:30',	0,	2,	'',	0,	'2016-05-21 16:30:38'),
(35,	0,	2,	'1605210439048',	'2.00',	'1',	0,	'10:30-11:30',	0,	0,	'',	0,	'2016-05-21 16:39:04'),
(36,	0,	2,	'1605250423102',	'NaN',	'1',	0,	'',	0,	0,	'',	0,	'2016-05-25 16:23:10'),
(37,	0,	2,	'1605280719276',	'0.02',	'3',	0,	'10:30-11:30',	0,	0,	'',	0,	'2016-05-28 07:19:27'),
(38,	0,	2,	'1605280722527',	'2.00',	'1',	0,	'10:30-11:30',	0,	0,	'',	0,	'2016-05-28 07:22:52'),
(39,	0,	2,	'1605280441515',	'0.01',	'1',	0,	'10:30-11:30',	0,	0,	'',	0,	'2016-05-28 16:41:51'),
(40,	0,	2,	'1605280522164',	'5.00',	'3',	0,	'10:30-11:30',	0,	2,	'',	1,	'2016-05-28 17:22:16'),
(41,	0,	2,	'1605311036356',	'NaN',	'1',	0,	'',	0,	0,	'',	0,	'2016-05-31 22:36:35'),
(42,	0,	2,	'1606011025469',	'2.01',	'0',	1,	'10:30-11:30',	0,	0,	'',	0,	'2016-06-01 10:25:46'),
(43,	0,	2,	'1606081050431',	'0.04',	'0',	1,	'10:30-11:30',	0,	0,	'',	0,	'2016-06-08 22:50:43');

DROP TABLE IF EXISTS `multi_order_contact`;
CREATE TABLE `multi_order_contact` (
  `id` int(10) unsigned NOT NULL AUTO_INCREMENT,
  `user_id` int(11) DEFAULT 0,
  `order_id` int(11) DEFAULT 0,
  `name` text DEFAULT NULL,
  `phone` text DEFAULT NULL,
  `province` text DEFAULT NULL,
  `city` text DEFAULT NULL,
  `district` text DEFAULT NULL,
  `address` text DEFAULT NULL,
  `postcode` text DEFAULT NULL,
  `remark` text DEFAULT NULL,
  `time` timestamp NOT NULL DEFAULT CURRENT_TIMESTAMP ON UPDATE CURRENT_TIMESTAMP,
  PRIMARY KEY (`id`)
) ENGINE=InnoDB DEFAULT CHARSET=utf8;

INSERT INTO `multi_order_contact` (`id`, `user_id`, `order_id`, `name`, `phone`, `province`, `city`, `district`, `address`, `postcode`, `remark`, `time`) VALUES
(1,	2,	1,	'崔',	'10086',	'河南',	'郑州',	NULL,	'哈哈',	NULL,	NULL,	'2016-04-06 09:44:52'),
(2,	792,	2,	'哈',	'10086',	'河南',	'郑州',	NULL,	'哈哈',	NULL,	NULL,	'2016-04-07 07:20:03'),
(3,	792,	3,	'哈',	'10086',	'河南',	'郑州',	NULL,	'哈哈',	NULL,	NULL,	'2016-04-07 07:20:03'),
(4,	792,	4,	'哈',	'10086',	'河南',	'郑州',	NULL,	'哈哈',	NULL,	NULL,	'2016-04-07 07:20:03'),
(5,	792,	5,	'哈',	'10086',	'河南',	'郑州',	NULL,	'哈哈',	NULL,	NULL,	'2016-04-07 07:20:03'),
(6,	792,	6,	'哈',	'10086',	'河南',	'郑州',	NULL,	'哈哈',	NULL,	NULL,	'2016-04-07 07:20:03'),
(7,	792,	7,	'哈',	'10086',	'河南',	'郑州',	NULL,	'哈哈',	NULL,	NULL,	'2016-04-07 07:20:03'),
(8,	792,	8,	'哈',	'10086',	'河南',	'郑州',	NULL,	'哈哈',	NULL,	NULL,	'2016-04-07 07:20:03'),
(9,	792,	9,	'哈',	'10086',	'河南',	'郑州',	NULL,	'哈哈',	NULL,	NULL,	'2016-04-07 07:20:03'),
(10,	792,	10,	'哈',	'10086',	'河南',	'郑州',	NULL,	'哈哈',	NULL,	NULL,	'2016-04-07 07:20:03'),
(11,	792,	11,	'哈',	'10086',	'河南',	'郑州',	NULL,	'哈哈',	NULL,	NULL,	'2016-04-07 07:20:03'),
(12,	2,	12,	'崔',	'10086',	'河南',	'郑州',	NULL,	'哈哈',	NULL,	NULL,	'2016-04-06 09:44:52'),
(13,	818,	13,	'呃呃呃额额',	'15995252412',	'河南',	'郑州',	NULL,	'555555',	NULL,	NULL,	'2016-04-13 02:08:40'),
(14,	848,	14,	'经历了',	'18660011218',	'山东',	'青岛',	NULL,	'推茉',	NULL,	NULL,	'2016-04-18 03:29:21'),
(15,	996,	15,	'Jdndn',	'Jdndj',	'山东',	'青岛',	NULL,	'Dnnsnd',	NULL,	NULL,	'2016-04-26 00:55:50'),
(16,	2,	16,	'崔',	'10086',	'河南',	'郑州',	NULL,	'哈哈',	NULL,	NULL,	'2016-04-06 09:44:52'),
(17,	2,	17,	'崔',	'10086',	'山东',	'青岛',	NULL,	'哈哈',	NULL,	NULL,	'2016-05-04 09:48:57'),
(18,	2,	18,	'崔',	'10086',	'山东',	'青岛',	NULL,	'哈哈',	NULL,	NULL,	'2016-05-04 09:48:57'),
(19,	2,	19,	'崔',	'10086',	'山东',	'青岛',	NULL,	'哈哈',	NULL,	NULL,	'2016-05-04 09:48:57'),
(20,	2,	20,	'崔',	'10086',	'山东',	'青岛',	NULL,	'哈哈',	NULL,	NULL,	'2016-05-04 09:48:57'),
(21,	2,	21,	'崔',	'10086',	'山东',	'青岛',	NULL,	'哈哈',	NULL,	NULL,	'2016-05-04 09:48:57'),
(22,	2,	22,	'崔',	'10086',	'山东',	'青岛',	NULL,	'哈哈',	NULL,	NULL,	'2016-05-04 09:48:57'),
(23,	2,	23,	'崔',	'10086',	'山东',	'青岛',	NULL,	'哈哈',	NULL,	NULL,	'2016-05-04 09:48:57'),
(24,	2,	24,	'崔',	'10086',	'山东',	'临沂',	NULL,	'哈哈',	NULL,	NULL,	'2016-05-09 02:01:40'),
(25,	2,	25,	'崔',	'10086',	'河北省',	'邯郸市',	NULL,	'哈哈',	NULL,	NULL,	'2016-05-10 02:18:55'),
(26,	2,	26,	'崔',	'10086',	'山东',	'临沂',	NULL,	'哈哈',	NULL,	NULL,	'2016-05-12 07:05:09'),
(27,	2,	27,	'崔',	'10086',	'安微省',	'合肥市',	NULL,	'哈哈',	NULL,	NULL,	'2016-05-13 17:15:44'),
(28,	2,	28,	'崔',	'10086',	'山东',	'临沂',	NULL,	'哈哈',	NULL,	NULL,	'2016-05-14 08:00:38'),
(29,	2,	29,	'崔',	'10086',	'山东',	'临沂',	NULL,	'哈哈',	NULL,	NULL,	'2016-05-14 08:00:38'),
(30,	2,	30,	'崔',	'10086',	'山东',	'临沂',	NULL,	'哈哈',	NULL,	NULL,	'2016-05-14 08:00:38'),
(31,	2,	31,	'崔',	'10086',	'山东',	'临沂',	NULL,	'哈哈',	NULL,	NULL,	'2016-05-14 08:00:38'),
(32,	2,	32,	'崔',	'10086',	'山东',	'临沂',	NULL,	'哈哈',	NULL,	NULL,	'2016-05-14 08:00:38'),
(33,	2,	33,	'崔',	'10086',	'山东',	'临沂',	NULL,	'哈哈',	NULL,	NULL,	'2016-05-14 08:00:38'),
(34,	2,	34,	'崔',	'10086',	'山东',	'临沂',	NULL,	'哈哈',	NULL,	NULL,	'2016-05-14 08:00:38'),
(35,	2,	35,	'崔',	'10086',	'山东',	'临沂',	NULL,	'哈哈',	NULL,	NULL,	'2016-05-14 08:00:38'),
(36,	2,	36,	'崔',	'10086',	'湖南',	'',	NULL,	'哈哈',	NULL,	NULL,	'2016-05-25 08:23:10'),
(37,	2,	37,	'崔',	'10086',	'山东',	'青岛',	NULL,	'哦哦',	NULL,	NULL,	'2016-05-27 23:19:27'),
(38,	2,	38,	'崔',	'10086',	'山西省',	'太原市',	NULL,	'哦哦',	NULL,	NULL,	'2016-05-27 23:22:52'),
(39,	2,	39,	'崔',	'10086',	'湖南',	'',	NULL,	'哦哦',	NULL,	NULL,	'2016-05-28 08:41:51'),
(40,	2,	40,	'崔',	'10086',	'湖南',	'',	NULL,	'哦哦',	NULL,	NULL,	'2016-05-28 08:41:51'),
(41,	2,	41,	'崔',	'10086',	'湖南',	'',	NULL,	'哦哦',	NULL,	NULL,	'2016-05-28 08:41:51'),
(42,	2,	42,	'崔',	'10086',	'湖南',	'',	NULL,	'哦哦',	NULL,	NULL,	'2016-05-28 08:41:51'),
(43,	2,	43,	'崔',	'10086',	'河南',	'郑州',	NULL,	'哦哦',	NULL,	NULL,	'2016-06-08 14:50:43');

DROP TABLE IF EXISTS `multi_order_detail`;
CREATE TABLE `multi_order_detail` (
  `id` int(10) unsigned NOT NULL AUTO_INCREMENT,
  `order_id` int(11) DEFAULT 0,
  `product_id` int(11) DEFAULT 0,
  `user_id` int(11) DEFAULT 0,
  `file_id` int(11) DEFAULT 0,
  `name` text DEFAULT NULL,
  `sku_id` int(11) DEFAULT 0,
  `sku_name` text DEFAULT NULL,
  `num` int(11) DEFAULT 0,
  `price` text DEFAULT NULL,
  `remark` text DEFAULT NULL,
  `time` timestamp NOT NULL DEFAULT CURRENT_TIMESTAMP ON UPDATE CURRENT_TIMESTAMP,
  PRIMARY KEY (`id`)
) ENGINE=InnoDB DEFAULT CHARSET=utf8;

INSERT INTO `multi_order_detail` (`id`, `order_id`, `product_id`, `user_id`, `file_id`, `name`, `sku_id`, `sku_name`, `num`, `price`, `remark`, `time`) VALUES
(1,	1,	1,	2,	10,	'橙子（美味可口）',	0,	'',	1,	'5',	NULL,	'2016-04-06 15:04:23'),
(2,	2,	1,	792,	10,	'橙子（美味可口）',	0,	'',	1,	'5',	NULL,	'2016-04-07 07:20:03'),
(3,	3,	1,	792,	10,	'橙子（美味可口）',	0,	'',	1,	'0.01',	NULL,	'2016-04-07 07:22:39'),
(4,	4,	1,	792,	10,	'橙子（美味可口）',	0,	'',	1,	'0.01',	NULL,	'2016-04-07 07:23:04'),
(5,	5,	1,	792,	10,	'橙子（美味可口）',	0,	'',	1,	'0.01',	NULL,	'2016-04-07 07:24:11'),
(6,	6,	1,	792,	10,	'橙子（美味可口）',	0,	'',	1,	'0.01',	NULL,	'2016-04-07 07:33:35'),
(7,	7,	1,	792,	10,	'橙子（美味可口）',	0,	'',	1,	'0.01',	NULL,	'2016-04-07 07:38:43'),
(8,	8,	1,	792,	10,	'橙子（美味可口）',	0,	'',	1,	'0.01',	NULL,	'2016-04-07 07:41:19'),
(9,	9,	1,	792,	10,	'橙子（美味可口）',	0,	'',	1,	'0.01',	NULL,	'2016-04-07 07:55:22'),
(10,	10,	1,	792,	10,	'橙子（美味可口）',	0,	'',	1,	'0.01',	NULL,	'2016-04-07 08:31:30'),
(11,	11,	1,	792,	10,	'橙子（美味可口）',	0,	'',	1,	'0.01',	'1',	'2016-04-07 08:59:10'),
(12,	12,	1,	2,	10,	'橙子（美味可口）',	0,	'',	2,	'0.01',	NULL,	'2016-04-13 02:00:17'),
(13,	13,	1,	818,	10,	'橙子（美味可口）',	24,	'红色',	3,	'5',	NULL,	'2016-04-13 02:08:40'),
(14,	14,	1,	848,	10,	'橙子（美味可口）',	24,	'红色',	1,	'5',	NULL,	'2016-04-18 03:29:21'),
(15,	15,	4,	996,	17,	'香梨',	0,	'',	1,	'12',	NULL,	'2016-04-26 00:55:50'),
(16,	16,	3,	2,	11,	'苹果',	0,	'',	3,	'12',	NULL,	'2016-04-28 10:18:47'),
(17,	17,	1,	2,	10,	'خوتەننىڭ لەمپۇڭلىرى',	24,	'红色',	1,	'5',	NULL,	'2016-05-04 09:48:57'),
(18,	18,	1,	2,	10,	'خوتەننىڭ لەمپۇڭلىرى',	24,	'红色',	4,	'5',	NULL,	'2016-05-04 09:49:46'),
(19,	19,	1,	2,	10,	'خوتەننىڭ لەمپۇڭلىرى',	24,	'红色',	1,	'5',	NULL,	'2016-05-04 09:50:08'),
(20,	20,	1,	2,	10,	'خوتەننىڭ لەمپۇڭلىرى',	24,	'红色',	2,	'5',	NULL,	'2016-05-04 09:50:55'),
(21,	21,	3,	2,	11,	'苹果',	0,	'',	4,	'12',	NULL,	'2016-05-04 09:52:07'),
(22,	22,	1,	2,	10,	'خوتەننىڭ لەمپۇڭلىرى',	24,	'红色',	1,	'5',	NULL,	'2016-05-04 09:59:06'),
(23,	23,	1,	2,	10,	'خوتەننىڭ لەمپۇڭلىرى',	24,	'红色',	3,	'5',	NULL,	'2016-05-04 09:59:58'),
(24,	24,	3,	2,	11,	'苹果',	0,	'',	1,	'12',	NULL,	'2016-05-09 02:01:40'),
(25,	24,	4,	2,	17,	'香梨',	0,	'',	1,	'12',	NULL,	'2016-05-09 02:01:40'),
(26,	25,	3,	2,	11,	'苹果',	0,	'',	1,	'12',	NULL,	'2016-05-10 02:18:55'),
(27,	26,	1,	2,	10,	'خوتەننىڭ لەمپۇڭلىرى',	0,	'',	1,	'0.01',	NULL,	'2016-05-12 07:05:09'),
(28,	27,	3,	2,	11,	'苹果',	0,	'',	2,	'12',	NULL,	'2016-05-13 17:15:44'),
(29,	28,	1,	2,	10,	'خوتەننىڭ لەمپۇڭلىرى',	24,	'红色',	2,	'5',	NULL,	'2016-05-14 08:00:39'),
(30,	29,	3,	2,	11,	'苹果',	0,	'',	1,	'12',	NULL,	'2016-05-17 03:42:50'),
(31,	30,	3,	2,	11,	'苹果',	0,	'',	1,	'12',	NULL,	'2016-05-17 03:48:28'),
(32,	31,	3,	2,	11,	'苹果',	0,	'',	1,	'12',	NULL,	'2016-05-17 03:48:55'),
(33,	32,	1,	2,	10,	'خوتەننىڭ لەمپۇڭلىرى',	24,	'红色',	1,	'5',	NULL,	'2016-05-17 08:23:10'),
(34,	33,	26,	2,	42,	'南沙臭豆腐',	197,	'费茵涵',	1,	'27',	NULL,	'2016-05-21 08:29:35'),
(35,	34,	1,	2,	10,	'خوتەننىڭ لەمپۇڭلىرى',	24,	'红色',	4,	'5',	NULL,	'2016-05-21 08:30:38'),
(36,	35,	26,	2,	42,	'南沙臭豆腐',	0,	'',	1,	'2',	NULL,	'2016-05-21 08:39:04'),
(37,	36,	3,	2,	11,	'苹果',	0,	'',	1,	'12',	NULL,	'2016-05-25 08:23:10'),
(38,	37,	1,	2,	10,	'خوتەننىڭ لەمپۇڭلىرى',	0,	'',	2,	'0.01',	NULL,	'2016-05-27 23:19:27'),
(39,	38,	26,	2,	42,	'南沙臭豆腐',	0,	'',	1,	'2',	NULL,	'2016-05-27 23:22:52'),
(40,	39,	1,	2,	10,	'خوتەننىڭ لەمپۇڭلىرى',	0,	'',	1,	'0.01',	NULL,	'2016-05-28 08:41:51'),
(41,	40,	1,	2,	10,	'خوتەننىڭ لەمپۇڭلىرى',	24,	'红色',	1,	'5',	NULL,	'2016-05-28 09:22:16'),
(42,	41,	3,	2,	11,	'苹果',	0,	'',	1,	'12',	NULL,	'2016-05-31 14:36:35'),
(43,	41,	4,	2,	17,	'香梨',	0,	'',	1,	'12',	NULL,	'2016-05-31 14:36:35'),
(44,	42,	1,	2,	10,	'خوتەننىڭ لەمپۇڭلىرى',	0,	'',	1,	'0.01',	NULL,	'2016-06-01 02:25:46'),
(45,	42,	26,	2,	42,	'南沙臭豆腐',	0,	'',	1,	'2',	NULL,	'2016-06-01 02:25:46'),
(46,	43,	1,	2,	10,	'خوتەننىڭ لەمپۇڭلىرى',	0,	'',	4,	'0.01',	NULL,	'2016-06-08 14:50:43');

DROP TABLE IF EXISTS `multi_product`;
CREATE TABLE `multi_product` (
  `id` int(10) unsigned NOT NULL AUTO_INCREMENT,
  `shop_id` int(11) DEFAULT 0,
  `menu_id` int(11) DEFAULT 0,
  `name` text DEFAULT NULL,
  `subname` text DEFAULT NULL,
  `price` text DEFAULT NULL,
  `old_price` float DEFAULT 0,
  `unit` text DEFAULT NULL,
  `score` float DEFAULT 0,
  `sales` int(11) DEFAULT 0,
  `store` int(11) DEFAULT 0,
  `albums` text DEFAULT NULL,
  `visiter` int(11) DEFAULT 0,
  `psku` tinyint(1) NOT NULL,
  `file_id` int(11) DEFAULT 0,
  `detail` text DEFAULT NULL,
  `status` int(11) DEFAULT 0 COMMENT '0:售罄，-1:下架，1:出售',
  `label` text COMMENT '标签值',
  `remark` text DEFAULT NULL,
  `rank` int(11) DEFAULT 0,
  `time` timestamp NOT NULL DEFAULT CURRENT_TIMESTAMP ON UPDATE CURRENT_TIMESTAMP,
  PRIMARY KEY (`id`)
) ENGINE=InnoDB DEFAULT CHARSET=utf8;

INSERT INTO `multi_product` (`id`, `shop_id`, `menu_id`, `name`, `subname`, `price`, `old_price`, `unit`, `score`, `sales`, `store`, `albums`, `visiter`, `psku`, `file_id`, `detail`, `status`, `label`, `remark`, `rank`, `time`) VALUES
(1,	136,	1,	'خوتەننىڭ لەمپۇڭلىرى',	'',	'0.01',	0,	'',	12,	0,	0,	'29,41,36,43,,,,',	16,	1,	10,	'<p>دەششەتسىز</p>',	1,	'推荐',	'',	0,	'2016-05-09 02:20:56'),
(2,	138,	6,	'香蕉',	'222',	'12',	10,	'个',	12,	0,	0,	'0,',	1,	1,	9,	'',	0,	'推荐,热销',	'',	0,	'2016-05-17 13:30:46'),
(3,	0,	5,	'苹果',	'美味',	'12',	0,	'',	12,	0,	0,	'',	13,	0,	11,	'',	1,	'推荐',	'',	0,	'2016-03-13 14:51:45'),
(4,	0,	1,	'香梨',	'',	'12',	0,	'',	12,	0,	0,	'',	0,	0,	17,	'',	1,	'推荐',	'',	0,	'2016-03-13 14:51:31'),
(5,	0,	1,	'葡萄',	NULL,	'12',	0,	'',	12,	0,	0,	'',	0,	0,	16,	'',	1,	'',	'',	0,	'2016-01-05 03:02:23'),
(6,	0,	1,	'菠萝',	NULL,	'12',	0,	'',	12,	0,	0,	'',	0,	0,	15,	'',	1,	'',	'',	0,	'2016-01-05 03:02:23'),
(7,	0,	1,	'火龙果',	NULL,	'12',	0,	'',	12,	0,	0,	'',	2,	0,	14,	'',	1,	'',	'',	0,	'2016-01-05 03:02:23'),
(8,	0,	1,	'奇异果',	NULL,	'12',	0,	'',	12,	0,	0,	'',	0,	0,	13,	'',	1,	'',	'',	0,	'2016-01-05 03:02:23'),
(9,	0,	1,	'蓝莓',	NULL,	'12',	0,	'',	12,	0,	0,	'',	1,	0,	12,	'',	1,	'',	'',	0,	'2016-01-05 03:02:23'),
(10,	0,	2,	'清蒸鲈鱼',	NULL,	'12',	0,	'',	12,	0,	0,	'',	0,	0,	24,	'',	1,	'',	'',	0,	'2016-01-05 03:02:23'),
(11,	0,	2,	'香辣大闸蟹',	NULL,	'12',	0,	'',	12,	0,	0,	'',	0,	0,	18,	'',	1,	'',	'',	0,	'2016-01-05 03:02:23'),
(12,	0,	2,	'大米饽饽嫩羊肉',	NULL,	'12',	0,	'',	12,	0,	0,	'',	1,	0,	26,	'',	1,	'',	'',	0,	'2016-01-05 03:02:23'),
(13,	0,	2,	'蘸汁菠菜',	NULL,	'12',	0,	'',	12,	0,	0,	'',	0,	0,	25,	'',	1,	'',	'',	0,	'2016-01-05 03:02:23'),
(14,	0,	2,	'手抓羊排',	NULL,	'12',	0,	'',	12,	0,	0,	'',	0,	0,	23,	'',	1,	'',	'',	0,	'2016-01-05 03:02:23'),
(15,	0,	5,	'美汁活鲍',	'',	'12',	0,	'',	12,	0,	0,	'',	0,	0,	22,	'',	1,	'',	'',	0,	'2016-01-05 03:02:23'),
(16,	0,	2,	'香辣花甲',	NULL,	'12',	0,	'',	12,	0,	0,	'',	0,	0,	20,	'',	1,	'',	'',	0,	'2016-01-05 03:02:23'),
(17,	0,	2,	'香辣蛏子',	NULL,	'12',	0,	'',	12,	0,	0,	'',	0,	0,	19,	'',	1,	'',	'',	0,	'2016-01-05 03:02:23'),
(18,	0,	5,	'清蒸黄花鱼',	'',	'12',	0,	'',	12,	0,	0,	'',	0,	0,	21,	'',	1,	'',	'',	0,	'2016-01-05 03:02:23'),
(19,	0,	5,	'红烧排骨',	'',	'12',	0,	'',	12,	0,	0,	'',	1,	1,	27,	'',	1,	NULL,	'',	0,	'2016-01-11 10:39:35'),
(21,	0,	4,	'肉末茄子',	'好吃不贵',	'12',	0,	'',	12,	0,	0,	'24,18,',	0,	1,	28,	'<p>哈哈哈哈哈哈</p>',	-1,	'推荐',	'',	0,	'2016-04-14 02:08:15'),
(22,	140,	8,	'哇哈哈',	'好喝的哇哈哈',	'10',	12,	'1',	10,	0,	0,	'22,28,',	0,	0,	11,	'<p><img src=\"/multi/Public/Uploads/20160406/1459933830133613.jpg\" title=\"1459933830133613.jpg\" alt=\"1453362949.jpg\"/></p>',	1,	'热销',	'这是备注',	0,	'2016-04-13 02:35:52'),
(23,	147,	0,	'321321312',	'3213213',	'23',	3232,	'3232',	32323,	0,	0,	'',	0,	0,	0,	'<p>32323</p>',	1,	NULL,	'',	3232,	'2016-04-14 09:21:54'),
(24,	146,	10,	'可乐',	'',	'2.5',	2,	'1',	0,	0,	0,	'30,',	0,	0,	40,	'<p>可乐</p>',	1,	'热销',	'',	1,	'2016-04-16 14:35:15'),
(25,	175,	0,	'123',	'456',	'1',	2,	'度',	1,	0,	0,	'1,',	0,	0,	40,	'',	1,	NULL,	'',	0,	'2016-05-10 02:09:12'),
(26,	136,	15,	'南沙臭豆腐',	'商品子名称2',	'2',	3,	'盒',	1,	0,	0,	'40,39,37,36,',	0,	1,	42,	'<p>阿斯顿发的说法阿斯顿发斯蒂芬阿斯顿发私房安慰法阿</p><hr/><p>斯顿发打发<br/></p><hr/><p>是对方过后煽风点火<br/></p><hr/><p><br/></p><p>2016-05-10</p><hr/><p>22:06:30<br/></p><p><br/></p><p><br/></p><p><br/></p><p><br/></p><p><br/></p><section class=\"wx96Diy\" data-source=\"bj.96weixin.com\"><section class=\"96wxDiy\" style=\"display:block;clear:both;position:relative;width:100%;margin:0 auto;overflow:hidden;\"><section style=\"display: block;margin: 0.5em 0;\"><section style=\"padding: 0px; border: none;\"><section class=\"wx96Diy\" data-source=\"bj.96weixin.com\"><section class=\"wx96Diy\" data-source=\"bj.96weixin.com\"><p><img width=\"100%\" class=\"96wx-img\" data-wxsrc=\"https://mmbiz.qlogo.cn/mmbiz/p6Vlqvia1UiczKYzR5BFpbgdTZibauic3QAl7h8AibZ8aZscL2KJNSkbGjcaLyYgPwwKRibrAiadnH3NHF3uJs3vQxEtg/0?wx_fmt=gif\" src=\"http://cdn.96weixin.com/sucai/guanzhu/82.gif\"/></p></section><section class=\"96wxDiyt\" style=\"clear: both; position: relative; width: 100%; margin: 0px auto; overflow: hidden;\"><section style=\"margin: 0.5em auto;\"><section style=\"margin: 5px 0px; font-size: 16px; line-height: 32px; box-sizing: border-box; padding: 0px;\"><section class=\"96wx-bdtc 96wx-bdbc\" style=\"white-space: normal; border-top-style: solid; border-top-width: 3px; border-bottom-style: solid; border-bottom-width: 1px; line-height: 30px; text-align: center; box-sizing: border-box; padding: 0px; border-color: rgb(241, 83, 28) rgb(247, 150, 70); display: inline-block; width: 80%;\"><p class=\"96wx-color\" style=\"color: rgb(241, 83, 28); margin-top: 0px; margin-bottom: 0px;\">琦艺私房</p></section></section></section></section></section></section></section></section></section><p><br/></p><p><br/></p><p><br/></p><p><br/></p><p><br/></p>',	1,	'推荐',	'',	0,	'2016-05-11 08:02:14'),
(27,	177,	16,	'HelloWorld',	'HelloWorld',	'11',	11,	'份',	10,	0,	0,	'',	0,	1,	46,	'<p>HelloWorld</p>',	1,	'新品',	'',	0,	'2016-05-12 10:41:24'),
(28,	138,	7,	'1块钱',	'',	'0.18',	0.18,	'',	1,	0,	0,	'',	0,	1,	0,	'<p>111111111</p>',	1,	'新品,热销',	'',	1,	'2016-05-17 09:48:36'),
(29,	184,	17,	'1231',	'',	'45',	60,	'件',	0,	0,	0,	'',	0,	1,	0,	'<p>他玩儿玩儿</p>',	1,	'新品',	'',	0,	'2016-05-20 07:59:59'),
(30,	186,	18,	'抱枕',	'大麦网络',	'1',	22,	'件',	5,	0,	0,	'',	0,	0,	46,	'<p>11111111111111111111111111111111111111111111111111111111111111<br/></p>',	1,	'新品',	'',	1,	'2016-05-22 09:38:48'),
(31,	138,	6,	'猕猴桃',	'新鲜猕猴桃',	'50',	100,	'盒',	0,	0,	0,	'57,54,',	0,	0,	58,	'<p><img src=\"/multi/Public/Uploads/2016-05-23/57426f03d6809.jpg\" style=\"\"/></p><p><img src=\"/multi/Public/Uploads/2016-05-23/57426efb6b382.jpg\" style=\"\"/></p><p><img src=\"/multi/Public/Uploads/2016-05-23/57426f07c2ba1.jpg\" style=\"\"/></p><p><img src=\"/multi/Public/Uploads/2016-05-23/57426ef570f7e.jpg\" style=\"\"/></p><p><img src=\"/multi/Public/Uploads/2016-05-23/57426eece8a8e.jpg\" style=\"\"/></p><p><img src=\"/multi/Public/Uploads/2016-05-23/57426f0dbe52f.jpg\" style=\"\"/></p><p><br/></p>',	1,	'新品,热销',	'最新鲜好吃的水果猕猴桃',	0,	'2016-06-15 07:39:15'),
(32,	189,	21,	'sdfsdf',	'sf',	'',	0,	'',	0,	0,	0,	'',	0,	1,	59,	'<p>sdfsdf</p>',	1,	'特卖',	'',	0,	'2016-06-03 08:41:10'),
(33,	192,	0,	'test',	'22',	'33',	22,	'33',	33,	0,	0,	'57,',	0,	0,	59,	'<p><img src=\"/multi/Public/Uploads/20160606/1465199366108799.jpg\" title=\"1465199366108799.jpg\" alt=\"18805388_13.jpg\"/></p>',	0,	NULL,	'',	33,	'2016-06-09 13:47:35'),
(34,	193,	0,	'1',	'1',	'1',	1,	'1',	1,	0,	0,	'',	0,	1,	0,	'<p>11111<br/></p>',	1,	NULL,	'1',	1,	'2016-06-14 02:38:39'),
(35,	188,	0,	'屠龙刀',	'1',	'1',	11,	'1',	1,	0,	0,	'',	0,	1,	0,	'<p>的点点滴滴<br/></p>',	1,	NULL,	'',	1,	'2016-06-13 14:12:48'),
(36,	189,	21,	'12345',	'123',	'12',	12,	'个',	0,	0,	0,	'',	0,	0,	0,	'',	1,	NULL,	'',	0,	'2016-06-14 02:33:12'),
(37,	193,	0,	'1232',	'121',	'12',	12,	'个',	0,	0,	0,	'',	0,	0,	0,	'<embed id=\"xunlei_com_thunder_helper_plugin_d462f475-c18e-46be-bd10-327458d045bd\" type=\"application/thunder_download_plugin\" height=\"0\" width=\"0\"/>12',	1,	NULL,	'',	0,	'2016-06-14 02:36:49');

DROP TABLE IF EXISTS `multi_product_label`;
CREATE TABLE `multi_product_label` (
  `id` int(10) unsigned NOT NULL AUTO_INCREMENT,
  `shop_id` int(11) DEFAULT 0,
  `name` text DEFAULT NULL,
  `subname` text DEFAULT NULL,
  `remark` text DEFAULT NULL,
  `time` timestamp NOT NULL DEFAULT CURRENT_TIMESTAMP ON UPDATE CURRENT_TIMESTAMP,
  PRIMARY KEY (`id`)
) ENGINE=InnoDB DEFAULT CHARSET=utf8;

INSERT INTO `multi_product_label` (`id`, `shop_id`, `name`, `subname`, `remark`, `time`) VALUES
(1,	136,	'热销',	'热销',	'',	'2016-03-26 02:28:51'),
(2,	136,	'推荐',	'推荐',	'',	'2016-03-26 02:28:55'),
(3,	136,	'特卖',	'特卖',	'',	'2016-03-26 03:08:11'),
(4,	159,	'1',	'1',	'1',	'2016-04-16 16:30:28'),
(5,	138,	'新品',	'',	'',	'2016-04-24 01:42:07'),
(6,	187,	'asdf',	'asdf',	'asfd',	'2016-05-23 03:45:40');

DROP TABLE IF EXISTS `multi_product_sku`;
CREATE TABLE `multi_product_sku` (
  `id` int(10) unsigned NOT NULL AUTO_INCREMENT,
  `shop_id` int(11) DEFAULT 0,
  `product_id` int(11) DEFAULT 0,
  `name` text DEFAULT NULL,
  `path` text DEFAULT NULL,
  `price` float DEFAULT 0 COMMENT '价格',
  `freight` float DEFAULT 0,
  `store` int(11) DEFAULT 0 COMMENT '库存',
  `sales` int(11) DEFAULT 0 COMMENT '销售量',
  `remark` text DEFAULT NULL,
  `time` timestamp NOT NULL DEFAULT CURRENT_TIMESTAMP ON UPDATE CURRENT_TIMESTAMP,
  PRIMARY KEY (`id`)
) ENGINE=InnoDB DEFAULT CHARSET=utf8;

INSERT INTO `multi_product_sku` (`id`, `shop_id`, `product_id`, `name`, `path`, `price`, `freight`, `store`, `sales`, `remark`, `time`) VALUES
(24,	136,	1,	'红色',	NULL,	5,	2,	10,	0,	NULL,	'2016-04-06 07:24:00'),
(25,	136,	1,	'蓝色',	NULL,	6,	2,	11,	0,	NULL,	'2016-04-06 07:24:24'),
(26,	138,	2,	'外网',	NULL,	12,	22,	11,	0,	NULL,	'2016-05-05 07:03:41'),
(27,	138,	2,	'AAAAA',	NULL,	144,	0,	0,	0,	NULL,	'2016-05-11 02:16:45'),
(28,	138,	2,	'HAO BA ',	NULL,	1,	333,	12,	0,	NULL,	'2016-05-11 02:17:02'),
(29,	136,	26,	'胡晶喻',	NULL,	9,	1,	1,	0,	NULL,	'2016-05-14 02:48:12'),
(30,	136,	26,	'侯申喻',	NULL,	4,	1,	1,	0,	NULL,	'2016-05-14 02:48:12'),
(31,	136,	26,	'雷博幄',	NULL,	12,	1,	1,	0,	NULL,	'2016-05-14 02:48:11'),
(32,	136,	26,	'白幽智',	NULL,	18,	0,	0,	0,	NULL,	'2016-05-14 02:48:11'),
(33,	136,	26,	'谢诗捷',	NULL,	93,	0,	0,	0,	NULL,	'2016-05-14 02:48:11'),
(34,	136,	26,	'葛炫瓿',	NULL,	69,	0,	0,	0,	NULL,	'2016-05-14 02:48:11'),
(35,	136,	26,	'尉迟炫敢',	NULL,	69,	1,	1,	0,	NULL,	'2016-05-14 02:48:11'),
(36,	136,	26,	'雷顾捷',	NULL,	57,	1,	1,	0,	NULL,	'2016-05-14 02:48:11'),
(37,	136,	26,	'骆瑞捷',	NULL,	68,	1,	1,	0,	NULL,	'2016-05-14 02:48:11'),
(38,	136,	26,	'潘益淼',	NULL,	37,	1,	1,	0,	NULL,	'2016-05-14 02:48:11'),
(39,	136,	26,	'谭茂晴',	NULL,	72,	1,	1,	0,	NULL,	'2016-05-14 02:48:11'),
(40,	136,	26,	'奥鸿淮',	NULL,	81,	1,	1,	0,	NULL,	'2016-05-14 02:48:11'),
(41,	136,	26,	'晨迪晴',	NULL,	93,	1,	1,	0,	NULL,	'2016-05-14 02:48:11'),
(42,	136,	26,	'樊博婷',	NULL,	80,	1,	1,	0,	NULL,	'2016-05-14 02:48:11'),
(43,	136,	26,	'司马豪款',	NULL,	15,	1,	1,	0,	NULL,	'2016-05-14 02:48:11'),
(44,	136,	26,	'朱茂淡',	NULL,	83,	1,	1,	0,	NULL,	'2016-05-14 02:48:11'),
(45,	136,	26,	'梁瀚雅',	NULL,	46,	1,	1,	0,	NULL,	'2016-05-14 02:48:11'),
(46,	136,	26,	'潘雅梅',	NULL,	89,	1,	1,	0,	NULL,	'2016-05-14 02:48:11'),
(47,	136,	26,	'温玮暖',	NULL,	93,	1,	1,	0,	NULL,	'2016-05-14 02:48:11'),
(48,	136,	26,	'程鑫雯',	NULL,	11,	1,	1,	0,	NULL,	'2016-05-14 02:48:11'),
(49,	136,	26,	'费诗斑',	NULL,	30,	1,	1,	0,	NULL,	'2016-05-14 02:48:11'),
(50,	136,	26,	'邹志捷',	NULL,	73,	1,	1,	0,	NULL,	'2016-05-14 02:48:11'),
(51,	136,	26,	'常桦瓿',	NULL,	93,	1,	1,	0,	NULL,	'2016-05-14 02:48:11'),
(52,	136,	26,	'布雷涯',	NULL,	80,	1,	1,	0,	NULL,	'2016-05-14 02:48:11'),
(53,	136,	26,	'骆秋奠',	NULL,	80,	1,	1,	0,	NULL,	'2016-05-14 02:48:11'),
(54,	136,	26,	'恭博棠',	NULL,	49,	1,	1,	0,	NULL,	'2016-05-14 02:48:11'),
(55,	136,	26,	'葛霞惠',	NULL,	31,	1,	1,	0,	NULL,	'2016-05-14 02:48:11'),
(56,	136,	26,	'乔祥喋',	NULL,	17,	1,	1,	0,	NULL,	'2016-05-14 02:48:11'),
(57,	136,	26,	'萧兴凯',	NULL,	86,	1,	1,	0,	NULL,	'2016-05-14 02:48:11'),
(58,	136,	26,	'庄媛雅',	NULL,	2,	1,	1,	0,	NULL,	'2016-05-14 02:48:11'),
(59,	136,	26,	'徐桦塘',	NULL,	9,	1,	1,	0,	NULL,	'2016-05-14 02:48:10'),
(60,	136,	26,	'邹瀚塔',	NULL,	19,	1,	1,	0,	NULL,	'2016-05-14 02:48:10'),
(61,	136,	26,	'雷琳磊',	NULL,	49,	1,	1,	0,	NULL,	'2016-05-14 02:48:10'),
(62,	136,	26,	'屠瑞款',	NULL,	23,	1,	1,	0,	NULL,	'2016-05-14 02:48:10'),
(63,	136,	26,	'尉迟静婷',	NULL,	20,	1,	1,	0,	NULL,	'2016-05-14 02:48:10'),
(64,	136,	26,	'伊慧暖',	NULL,	69,	1,	1,	0,	NULL,	'2016-05-14 02:48:10'),
(65,	136,	26,	'冯炫棠',	NULL,	56,	1,	1,	0,	NULL,	'2016-05-14 02:48:10'),
(66,	136,	26,	'匡楚晴',	NULL,	98,	1,	1,	0,	NULL,	'2016-05-14 02:48:10'),
(67,	136,	26,	'潘君焦',	NULL,	55,	1,	1,	0,	NULL,	'2016-05-14 02:48:10'),
(68,	136,	26,	'车楚雅',	NULL,	36,	1,	1,	0,	NULL,	'2016-05-14 02:48:10'),
(69,	136,	26,	'邰泉酣',	NULL,	6,	1,	1,	0,	NULL,	'2016-05-14 02:48:10'),
(70,	136,	26,	'赖慧邯',	NULL,	31,	1,	1,	0,	NULL,	'2016-05-14 02:48:10'),
(71,	136,	26,	'肖泉捷',	NULL,	20,	1,	1,	0,	NULL,	'2016-05-14 02:48:10'),
(72,	136,	26,	'景鑫辜',	NULL,	65,	1,	1,	0,	NULL,	'2016-05-14 02:48:10'),
(73,	136,	26,	'燕玉塘',	NULL,	88,	1,	1,	0,	NULL,	'2016-05-14 02:48:10'),
(74,	136,	26,	'徐逸荔',	NULL,	47,	1,	1,	0,	NULL,	'2016-05-14 02:48:10'),
(75,	136,	26,	'卜倩奠',	NULL,	43,	1,	1,	0,	NULL,	'2016-05-14 02:48:10'),
(76,	136,	26,	'夏侯然幄',	NULL,	91,	1,	1,	0,	NULL,	'2016-05-14 02:48:10'),
(77,	136,	26,	'余蓉彬',	NULL,	27,	1,	1,	0,	NULL,	'2016-05-14 02:48:10'),
(78,	136,	26,	'晨倩敦',	NULL,	1,	1,	1,	0,	NULL,	'2016-05-14 02:48:10'),
(79,	136,	26,	'马马婷',	NULL,	2,	1,	1,	0,	NULL,	'2016-05-14 02:48:10'),
(80,	136,	26,	'白博楠',	NULL,	71,	1,	1,	0,	NULL,	'2016-05-14 02:48:10'),
(81,	136,	26,	'尉迟淑惠',	NULL,	36,	1,	1,	0,	NULL,	'2016-05-14 02:48:10'),
(82,	136,	26,	'卜苑淮',	NULL,	80,	1,	1,	0,	NULL,	'2016-05-14 02:48:10'),
(83,	136,	26,	'贾迪焰',	NULL,	46,	1,	1,	0,	NULL,	'2016-05-14 02:48:10'),
(84,	136,	26,	'梁莠淦',	NULL,	61,	1,	1,	0,	NULL,	'2016-05-14 02:48:10'),
(85,	136,	26,	'屠豪酣',	NULL,	8,	1,	1,	0,	NULL,	'2016-05-14 02:48:10'),
(86,	136,	26,	'郝宸喋',	NULL,	23,	1,	1,	0,	NULL,	'2016-05-14 02:48:09'),
(87,	136,	26,	'蔡渊雯',	NULL,	1,	1,	1,	0,	NULL,	'2016-05-14 02:48:09'),
(88,	136,	26,	'奥慧晴',	NULL,	34,	1,	1,	0,	NULL,	'2016-05-14 02:48:09'),
(89,	136,	26,	'赵新惠',	NULL,	56,	1,	1,	0,	NULL,	'2016-05-14 02:48:09'),
(90,	136,	26,	'阎玮贵',	NULL,	9,	1,	1,	0,	NULL,	'2016-05-14 02:48:09'),
(91,	136,	26,	'童诗筐',	NULL,	92,	1,	1,	0,	NULL,	'2016-05-14 02:48:09'),
(92,	136,	26,	'屠熙捷',	NULL,	26,	1,	1,	0,	NULL,	'2016-05-14 02:48:09'),
(93,	136,	26,	'余桦媚',	NULL,	10,	1,	1,	0,	NULL,	'2016-05-14 02:48:09'),
(94,	136,	26,	'孟彩番',	NULL,	86,	1,	1,	0,	NULL,	'2016-05-14 02:48:09'),
(95,	136,	26,	'余诗媚',	NULL,	93,	1,	1,	0,	NULL,	'2016-05-14 02:48:09'),
(96,	136,	26,	'袁蓉探',	NULL,	4,	1,	1,	0,	NULL,	'2016-05-14 02:48:09'),
(97,	136,	26,	'骆终敦',	NULL,	48,	1,	1,	0,	NULL,	'2016-05-14 02:48:09'),
(98,	136,	26,	'欧阳君敢',	NULL,	92,	1,	1,	0,	NULL,	'2016-05-14 02:48:09'),
(99,	136,	26,	'潘淑宸',	NULL,	25,	1,	1,	0,	NULL,	'2016-05-14 02:48:09'),
(100,	136,	26,	'蔡泉淘',	NULL,	10,	1,	1,	0,	NULL,	'2016-05-14 02:48:09'),
(101,	136,	26,	'巫泉喻',	NULL,	46,	1,	1,	0,	NULL,	'2016-05-14 02:48:09'),
(102,	136,	26,	'翁熙淮',	NULL,	67,	1,	1,	0,	NULL,	'2016-05-14 02:48:09'),
(103,	136,	26,	'邵哲植',	NULL,	35,	1,	1,	0,	NULL,	'2016-05-14 02:48:09'),
(104,	136,	26,	'白琪宸',	NULL,	12,	1,	1,	0,	NULL,	'2016-05-14 02:48:09'),
(105,	136,	26,	'费霞婷',	NULL,	71,	1,	1,	0,	NULL,	'2016-05-14 02:48:09'),
(106,	136,	26,	'诸葛辉款',	NULL,	21,	1,	1,	0,	NULL,	'2016-05-14 02:48:09'),
(107,	136,	26,	'魏君婺',	NULL,	71,	1,	1,	0,	NULL,	'2016-05-14 02:48:09'),
(108,	136,	26,	'程彩惠',	NULL,	72,	1,	1,	0,	NULL,	'2016-05-14 02:48:09'),
(109,	136,	26,	'翁新焦',	NULL,	35,	1,	1,	0,	NULL,	'2016-05-14 02:48:09'),
(110,	136,	26,	'范顾敢',	NULL,	8,	1,	1,	0,	NULL,	'2016-05-14 02:48:08'),
(111,	136,	26,	'雷雪钧',	NULL,	5,	1,	1,	0,	NULL,	'2016-05-14 02:48:08'),
(112,	136,	26,	'诸葛淮喻',	NULL,	5,	1,	1,	0,	NULL,	'2016-05-14 02:48:08'),
(113,	136,	26,	'涂宇惠',	NULL,	97,	1,	1,	0,	NULL,	'2016-05-14 02:48:08'),
(114,	136,	26,	'穆淳惠',	NULL,	62,	1,	1,	0,	NULL,	'2016-05-14 02:48:08'),
(115,	136,	26,	'范森奠',	NULL,	62,	1,	1,	0,	NULL,	'2016-05-14 02:48:08'),
(116,	136,	26,	'晨莉晴',	NULL,	68,	1,	1,	0,	NULL,	'2016-05-14 02:48:08'),
(117,	136,	26,	'屠哲钧',	NULL,	46,	1,	1,	0,	NULL,	'2016-05-14 02:48:08'),
(118,	136,	26,	'欧阳鸿晴',	NULL,	4,	1,	1,	0,	NULL,	'2016-05-14 02:48:08'),
(119,	136,	26,	'潘彩探',	NULL,	19,	1,	1,	0,	NULL,	'2016-05-14 02:48:08'),
(120,	136,	26,	'徐秋喋',	NULL,	15,	1,	1,	0,	NULL,	'2016-05-14 02:48:08'),
(121,	136,	26,	'赵宸凯',	NULL,	99,	1,	1,	0,	NULL,	'2016-05-14 02:48:08'),
(122,	136,	26,	'樊炫酣',	NULL,	80,	1,	1,	0,	NULL,	'2016-05-14 02:48:08'),
(123,	136,	26,	'赵诗棠',	NULL,	30,	1,	1,	0,	NULL,	'2016-05-14 02:48:08'),
(124,	136,	26,	'伊楚彬',	NULL,	98,	1,	1,	0,	NULL,	'2016-05-14 02:48:08'),
(125,	136,	26,	'景桦博',	NULL,	50,	1,	1,	0,	NULL,	'2016-05-14 02:48:08'),
(126,	136,	26,	'马麻婺',	NULL,	90,	1,	1,	0,	NULL,	'2016-05-14 02:48:08'),
(127,	136,	26,	'景诗琬',	NULL,	64,	1,	1,	0,	NULL,	'2016-05-14 02:48:08'),
(128,	136,	26,	'白豪辜',	NULL,	33,	1,	1,	0,	NULL,	'2016-05-14 02:48:08'),
(129,	136,	26,	'翁博贵',	NULL,	99,	1,	1,	0,	NULL,	'2016-05-14 02:48:08'),
(130,	136,	26,	'葛宏惠',	NULL,	54,	1,	1,	0,	NULL,	'2016-05-14 02:48:08'),
(131,	136,	26,	'庄睿涵',	NULL,	41,	1,	1,	0,	NULL,	'2016-05-14 02:48:08'),
(132,	136,	26,	'傅苑婷',	NULL,	72,	1,	1,	0,	NULL,	'2016-05-14 02:48:07'),
(133,	136,	26,	'潘麻涯',	NULL,	49,	1,	1,	0,	NULL,	'2016-05-14 02:48:07'),
(134,	136,	26,	'傅祥贵',	NULL,	46,	1,	1,	0,	NULL,	'2016-05-14 02:48:07'),
(135,	136,	26,	'司马顾棠',	NULL,	0,	1,	1,	0,	NULL,	'2016-05-14 02:48:07'),
(136,	136,	26,	'郭新淡',	NULL,	63,	1,	1,	0,	NULL,	'2016-05-14 02:48:07'),
(137,	136,	26,	'朱雷塔',	NULL,	12,	1,	1,	0,	NULL,	'2016-05-14 02:48:07'),
(138,	136,	26,	'翟逸奠',	NULL,	95,	1,	1,	0,	NULL,	'2016-05-14 02:48:07'),
(139,	136,	26,	'屠君棉',	NULL,	99,	1,	1,	0,	NULL,	'2016-05-14 02:48:07'),
(140,	136,	26,	'冯豪斑',	NULL,	91,	1,	1,	0,	NULL,	'2016-05-14 02:48:07'),
(141,	136,	26,	'姜宸塘',	NULL,	28,	1,	1,	0,	NULL,	'2016-05-14 02:48:07'),
(142,	136,	26,	'谭骏涵',	NULL,	26,	1,	1,	0,	NULL,	'2016-05-14 02:48:07'),
(143,	136,	26,	'傅豪涵',	NULL,	97,	1,	1,	0,	NULL,	'2016-05-14 02:48:07'),
(144,	136,	26,	'熊志酣',	NULL,	4,	1,	1,	0,	NULL,	'2016-05-14 02:48:07'),
(145,	136,	26,	'巫祥淦',	NULL,	89,	1,	1,	0,	NULL,	'2016-05-14 02:48:07'),
(146,	136,	26,	'窦雅婷',	NULL,	99,	1,	1,	0,	NULL,	'2016-05-14 02:48:07'),
(147,	136,	26,	'苗博霞',	NULL,	24,	1,	1,	0,	NULL,	'2016-05-14 02:48:07'),
(148,	136,	26,	'阎茵番',	NULL,	5,	1,	1,	0,	NULL,	'2016-05-14 02:48:07'),
(149,	136,	26,	'常甜淦',	NULL,	19,	1,	1,	0,	NULL,	'2016-05-14 02:48:07'),
(150,	136,	26,	'夏侯生博',	NULL,	34,	1,	1,	0,	NULL,	'2016-05-14 02:48:07'),
(151,	136,	26,	'蒋淳凯',	NULL,	12,	1,	1,	0,	NULL,	'2016-05-14 02:48:07'),
(152,	136,	26,	'奥玮淘',	NULL,	34,	1,	1,	0,	NULL,	'2016-05-14 02:48:07'),
(153,	136,	26,	'赖鑫棠',	NULL,	82,	1,	1,	0,	NULL,	'2016-05-14 02:48:07'),
(154,	136,	26,	'温妮雯',	NULL,	32,	1,	1,	0,	NULL,	'2016-05-14 02:48:07'),
(155,	136,	26,	'伊睿番',	NULL,	25,	1,	1,	0,	NULL,	'2016-05-14 02:48:07'),
(156,	136,	26,	'涂莆琬',	NULL,	49,	1,	1,	0,	NULL,	'2016-05-14 02:48:07'),
(157,	136,	26,	'常轩惠',	NULL,	43,	1,	1,	0,	NULL,	'2016-05-14 02:48:07'),
(158,	136,	26,	'拜媛斑',	NULL,	41,	1,	1,	0,	NULL,	'2016-05-14 02:48:07'),
(159,	136,	26,	'章卡瓿',	NULL,	59,	1,	1,	0,	NULL,	'2016-05-14 02:48:07'),
(160,	136,	26,	'葛旺楠',	NULL,	52,	1,	1,	0,	NULL,	'2016-05-14 02:48:07'),
(161,	136,	26,	'姜昊敦',	NULL,	4,	1,	1,	0,	NULL,	'2016-05-14 02:48:07'),
(162,	136,	26,	'程鑫婷',	NULL,	51,	1,	1,	0,	NULL,	'2016-05-14 02:48:06'),
(163,	136,	26,	'庄熙筐',	NULL,	81,	1,	1,	0,	NULL,	'2016-05-14 02:48:06'),
(164,	136,	26,	'车然喋',	NULL,	76,	1,	1,	0,	NULL,	'2016-05-14 02:48:06'),
(165,	136,	26,	'邵终钧',	NULL,	54,	1,	1,	0,	NULL,	'2016-05-14 02:48:06'),
(166,	136,	26,	'伊怡塔',	NULL,	56,	1,	1,	0,	NULL,	'2016-05-14 02:48:06'),
(167,	136,	26,	'霍祥棉',	NULL,	94,	1,	1,	0,	NULL,	'2016-05-14 02:48:06'),
(168,	136,	26,	'郝慧博',	NULL,	3,	1,	1,	0,	NULL,	'2016-05-14 02:48:06'),
(169,	136,	26,	'布楚棠',	NULL,	85,	1,	1,	0,	NULL,	'2016-05-14 02:48:06'),
(170,	136,	26,	'卜诗迦',	NULL,	44,	1,	1,	0,	NULL,	'2016-05-14 02:48:06'),
(171,	136,	26,	'程莫凯',	NULL,	6,	1,	1,	0,	NULL,	'2016-05-14 02:48:06'),
(172,	136,	26,	'邵淮涯',	NULL,	27,	1,	1,	0,	NULL,	'2016-05-14 02:48:06'),
(173,	136,	26,	'邵瑞筐',	NULL,	35,	1,	1,	0,	NULL,	'2016-05-14 02:48:06'),
(174,	136,	26,	'孟兴雯',	NULL,	63,	1,	1,	0,	NULL,	'2016-05-14 02:48:06'),
(175,	136,	26,	'乔楚奠',	NULL,	5,	1,	1,	0,	NULL,	'2016-05-14 02:48:06'),
(176,	136,	26,	'安翰植',	NULL,	88,	1,	1,	0,	NULL,	'2016-05-14 02:48:06'),
(177,	136,	26,	'常轩焰',	NULL,	7,	1,	1,	0,	NULL,	'2016-05-14 02:48:06'),
(178,	136,	26,	'戴媛梅',	NULL,	73,	1,	1,	0,	NULL,	'2016-05-14 02:48:06'),
(179,	136,	26,	'拜豪暖',	NULL,	62,	1,	1,	0,	NULL,	'2016-05-14 02:48:06'),
(180,	136,	26,	'雷翰淘',	NULL,	24,	1,	1,	0,	NULL,	'2016-05-14 02:48:06'),
(181,	136,	26,	'费申淼',	NULL,	24,	1,	1,	0,	NULL,	'2016-05-14 02:48:06'),
(182,	136,	26,	'雷钧',	NULL,	16,	1,	1,	0,	NULL,	'2016-05-14 02:48:06'),
(183,	136,	26,	'秦蒋博棠',	NULL,	83,	1,	1,	0,	NULL,	'2016-05-14 02:48:06'),
(184,	136,	26,	'上官哲棉',	NULL,	59,	1,	1,	0,	NULL,	'2016-05-14 02:48:06'),
(185,	136,	26,	'琴森捷',	NULL,	33,	1,	1,	0,	NULL,	'2016-05-14 02:48:06'),
(186,	136,	26,	'余茂晴',	NULL,	79,	1,	1,	0,	NULL,	'2016-05-14 02:48:06'),
(187,	136,	26,	'鲍祥彬',	NULL,	6,	1,	1,	0,	NULL,	'2016-05-14 02:48:06'),
(188,	136,	26,	'傅淳迦',	NULL,	76,	1,	1,	0,	NULL,	'2016-05-14 02:48:06'),
(189,	136,	26,	'范沐喋',	NULL,	13,	1,	1,	0,	NULL,	'2016-05-14 02:48:06'),
(190,	136,	26,	'曹生轸',	NULL,	78,	1,	1,	0,	NULL,	'2016-05-14 02:48:06'),
(191,	136,	26,	'梁琳雅',	NULL,	97,	1,	1,	0,	NULL,	'2016-05-14 02:48:06'),
(192,	136,	26,	'姜静邯',	NULL,	66,	1,	1,	0,	NULL,	'2016-05-14 02:48:05'),
(193,	136,	26,	'邵瑞彬',	NULL,	75,	1,	1,	0,	NULL,	'2016-05-14 02:48:05'),
(194,	136,	26,	'岳兴淼',	NULL,	65,	1,	1,	0,	NULL,	'2016-05-14 02:48:05'),
(195,	136,	26,	'武沐焰',	NULL,	21,	1,	1,	0,	NULL,	'2016-05-14 02:48:05'),
(196,	136,	26,	'阎静晴',	NULL,	83,	1,	1,	0,	NULL,	'2016-05-14 02:48:05'),
(197,	136,	26,	'费茵涵',	NULL,	27,	1,	1,	0,	NULL,	'2016-05-14 02:48:05'),
(198,	136,	26,	'余豪淦',	NULL,	85,	1,	1,	0,	NULL,	'2016-05-14 02:48:05'),
(199,	136,	26,	'傅祥探',	NULL,	34,	1,	1,	0,	NULL,	'2016-05-14 02:48:05'),
(200,	136,	26,	'拜沐掎',	NULL,	59,	1,	1,	0,	NULL,	'2016-05-14 02:48:05'),
(201,	136,	26,	'墨静植',	NULL,	23,	1,	1,	0,	NULL,	'2016-05-14 02:48:05'),
(202,	136,	26,	'穆诚筐',	NULL,	84,	1,	1,	0,	NULL,	'2016-05-14 02:48:05'),
(203,	136,	26,	'狄渊雅',	NULL,	0,	1,	1,	0,	NULL,	'2016-05-14 02:48:05'),
(204,	136,	26,	'肖莫款',	NULL,	54,	1,	1,	0,	NULL,	'2016-05-14 02:48:05'),
(205,	136,	26,	'孔辉塘',	NULL,	39,	1,	1,	0,	NULL,	'2016-05-14 02:48:05'),
(206,	136,	26,	'鸿焰',	NULL,	82,	1,	1,	0,	NULL,	'2016-05-14 02:48:05'),
(207,	136,	26,	'鲍楚掎',	NULL,	23,	1,	1,	0,	NULL,	'2016-05-14 02:48:05'),
(208,	136,	26,	'司马倩迦',	NULL,	37,	1,	1,	0,	NULL,	'2016-05-14 02:48:05'),
(209,	136,	26,	'司马桦霞',	NULL,	45,	1,	1,	0,	NULL,	'2016-05-14 02:48:05'),
(210,	136,	26,	'龚妮辜',	NULL,	24,	1,	1,	0,	NULL,	'2016-05-14 02:48:05'),
(211,	136,	26,	'戴雪徨',	NULL,	88,	1,	1,	0,	NULL,	'2016-05-14 02:48:05'),
(212,	136,	26,	'景倩幄',	NULL,	76,	1,	1,	0,	NULL,	'2016-05-14 02:48:05'),
(222,	177,	27,	'A',	NULL,	0.01,	0,	1,	0,	NULL,	'2016-05-12 10:48:09'),
(223,	177,	27,	'B',	NULL,	0.01,	0,	0,	0,	NULL,	'2016-05-12 10:48:33'),
(225,	136,	26,	'热',	NULL,	0.01,	0.01,	1,	0,	NULL,	'2016-05-14 02:48:42'),
(226,	136,	26,	'热2',	NULL,	0.01,	0.01,	2,	0,	NULL,	'2016-05-14 02:49:05'),
(227,	138,	28,	'S',	NULL,	10,	0,	1,	0,	NULL,	'2016-05-19 08:41:20'),
(228,	138,	28,	'M',	NULL,	11,	0,	0,	0,	NULL,	'2016-05-19 08:51:12'),
(229,	184,	29,	'红色',	NULL,	45,	0,	0,	0,	NULL,	'2016-05-20 07:59:25'),
(230,	184,	29,	'黄色',	NULL,	50,	0,	0,	0,	NULL,	'2016-05-20 07:59:25'),
(231,	189,	32,	'5',	NULL,	2,	3,	3,	0,	NULL,	'2016-06-03 08:41:35'),
(232,	193,	34,	'颜色',	NULL,	1,	0.01,	1,	0,	NULL,	'2016-06-12 06:27:01'),
(233,	193,	34,	'尺码',	NULL,	1,	1,	1,	0,	NULL,	'2016-06-12 06:27:01'),
(234,	188,	35,	'颜色',	NULL,	1,	1,	1,	0,	NULL,	'2016-06-12 06:41:14'),
(235,	188,	35,	'尺码',	NULL,	2,	0,	2,	0,	NULL,	'2016-06-12 06:41:29');

DROP TABLE IF EXISTS `multi_shop`;
CREATE TABLE `multi_shop` (
  `id` int(10) unsigned NOT NULL AUTO_INCREMENT,
  `user_id` int(11) DEFAULT 0 COMMENT '店铺管理员',
  `file_id` int(11) DEFAULT 0,
  `name` text DEFAULT NULL,
  `subname` text DEFAULT NULL,
  `notification` text DEFAULT NULL,
  `reminder` text DEFAULT NULL,
  `employee` text DEFAULT NULL,
  `qq` text DEFAULT NULL,
  `tel` text DEFAULT NULL,
  `address` text DEFAULT NULL,
  `freight` float DEFAULT 0,
  `full` int(11) DEFAULT 0 COMMENT '满',
  `discount` float DEFAULT 0 DEFAULT '1',
  `delivery_time` text DEFAULT NULL,
  `rank` int(11) DEFAULT 0,
  `money` float DEFAULT 0,
  `status` int(11) DEFAULT 0 COMMENT '-1：关闭，0:未审核，1:休息，2:正常',
  `lng` float DEFAULT 0 COMMENT '经度',
  `lat` float DEFAULT 0 COMMENT '纬度',
  `remark` text DEFAULT NULL,
  `coupon` int(11) DEFAULT 0 COMMENT '开启优惠券',
  `shoplist` int(11) DEFAULT 0 COMMENT '首页是否显示店铺列表',
  `is_show` tinyint(1) NOT NULL,
  `time` timestamp NOT NULL DEFAULT CURRENT_TIMESTAMP ON UPDATE CURRENT_TIMESTAMP,
  PRIMARY KEY (`id`)
) ENGINE=InnoDB DEFAULT CHARSET=utf8;

INSERT INTO `multi_shop` (`id`, `user_id`, `file_id`, `name`, `subname`, `notification`, `reminder`, `employee`, `qq`, `tel`, `address`, `freight`, `full`, `discount`, `delivery_time`, `rank`, `money`, `status`, `lng`, `lat`, `remark`, `coupon`, `shoplist`, `is_show`, `time`) VALUES
(1,	3,	95,	'365生活馆',	'欢迎来到365生活馆',	'欢迎来到365生活馆',	'欢迎来到365生活馆',	'154,155',	'3219857546',	'03748588991',	'河南省,许昌市,魏都区,文渊路,',	2,	0,	1,	' 10:30-20:30',	0,	0.11,	0,	113.875,	34.0485,	'',	1,	0,	0,	'2016-03-28 08:15:36'),
(2,	1,	8,	'一米鲜',	'',	'这里是一米鲜商城，欢迎您的加入！',	'你好，我是小蚂蚁',	'7,6,4',	'1552974441',	'03746096871',	'河南省,许昌市,魏都区,明理路,',	0,	10,	0,	'10:30-16:00,18:30-21:30',	0,	3.18,	2,	113.875,	34.0477,	'有什么可以帮您？',	0,	0,	0,	'2015-12-29 09:40:47'),
(3,	8,	187,	'校内派测试',	'12123123',	'欢迎来到校内派商城12',	'欢迎来到校内派商城2',	',2',	'42131',	'132339727572',	'河南省,许昌市,魏都区,文渊路,',	0,	20,	0,	'',	0,	0.3,	2,	113.875,	34.0491,	'',	0,	0,	0,	'2016-03-19 01:36:07'),
(8,	13,	63,	'许院早餐百分百',	'',	'人是铁，饭是钢，一顿不吃饿得慌。希望同学们，不要为了多睡一会，不吃早餐呀。如果你实在是起不来，就下订单吧，我们送到你的寝室。为了你的健康，请关注我们哦！',	'人是铁，饭是钢。一顿不吃，你心发慌。',	'12',	'3219857546',	'0374-8588991',	'河南省,许昌市,魏都区,明理路,',	1,	0,	0,	'6:20-9:30',	0,	0,	2,	113.876,	34.0477,	'一切都是为了你的健康。',	0,	0,	0,	'2015-12-30 06:06:05'),
(9,	3,	24,	'新青年创业咖啡',	'',	'新青年创业咖啡，选好料，做好产品，是我们的基本宗旨！',	'',	'',	'3219857546',	'03748588991',	'河南省,许昌市,魏都区,文渊路,',	0,	0,	0,	'10:30-18:30',	0,	0,	2,	113.876,	34.0484,	'亲，现磨咖啡，小心烫口哦！',	0,	0,	0,	'2015-12-30 03:37:57'),
(12,	16,	139,	'罗拉快跑极速商城',	'综合商城',	'营业时间早上九点至晚九点~',	'罗拉快跑~现在下单，五分钟即可送达~',	'10',	'790661029',	'13290757016',	'河南省,许昌市,魏都区,文渊路,',	0,	0,	0,	'9:00-21:00',	0,	0,	2,	113.876,	34.0499,	'',	0,	0,	0,	'2015-12-30 06:37:57'),
(16,	13,	113,	'乐果●水果快递',	'',	'',	'',	'12',	'3219857546',	'0374-8588991',	'河南省,许昌市,魏都区,文渊路,',	3,	0,	0,	'10:00-20:00',	0,	0,	2,	113.876,	34.0482,	'',	0,	0,	0,	'2015-12-30 04:02:13'),
(17,	39,	0,	'校园微打印',	'校园微打印',	'',	'',	'',	'609843551',	'13083605380',	'',	0,	0,	0,	'',	0,	0,	2,	0,	0,	'',	0,	0,	0,	'2016-03-02 14:16:03'),
(18,	42,	432,	'海岛那年众筹超市',	'',	'',	'',	'',	'2027339178',	'',	'海南省,海口市,龙华区,崇师路,',	0,	0,	0,	'',	0,	0,	2,	110.34,	19.9878,	'',	0,	0,	0,	'2016-03-02 14:16:03'),
(19,	16,	148,	'From.爱.创意工坊',	'',	'',	'',	'10',	'',	'',	'四川省,成都市,武侯区,校中路,',	0,	0,	0,	'',	0,	0,	2,	104.076,	30.6466,	'',	0,	0,	0,	'2015-12-30 09:48:11'),
(22,	73,	204,	'7',	'7',	'11111111',	'11111111111',	'37',	'1164364697',	'18846933052',	'',	0,	0,	0,	'',	0,	0,	2,	0,	0,	'11111',	0,	0,	0,	'2016-03-05 13:09:45'),
(24,	79,	455,	'快乐外卖',	'交职院-快餐',	'',	'',	'',	'976952589',	'13436296015',	'',	0,	0,	0,	'',	0,	0,	2,	0,	0,	'',	0,	0,	0,	'2016-02-22 04:54:11'),
(28,	85,	185,	'小鸡小鸡快递',	'小鸡',	'小鸡小鸡快递入驻哎吆嗨O中工微信公众号',	'',	'',	'1761918550',	'18439898701',	'河南省,郑州市,新郑市,G107,',	3,	0,	0,	'12:00-13:00至17:00-20:00',	0,	0,	2,	113.692,	34.5917,	'',	0,	0,	0,	'2016-03-02 14:16:03'),
(29,	79,	0,	'重庆交通职业学院',	'交院',	'',	'',	'',	'',	'',	'',	0,	0,	0,	'',	0,	0,	2,	0,	0,	'',	0,	0,	0,	'2016-03-02 14:16:03'),
(30,	79,	0,	'公共运输学院',	'公共',	'',	'',	'',	'',	'',	'',	0,	0,	0,	'',	0,	0,	2,	0,	0,	'',	0,	0,	0,	'2016-03-02 14:16:03'),
(31,	97,	0,	'许愿闺蜜阁',	'一站式校园服务平台，大学生活的贴身',	'一站式校园服务平台，大学生活的贴身',	'真实的为在校师生提供便利，这里是诚信友善爱的天堂。',	'96',	'1241370747',	'15537440013',	'河南省,许昌市,魏都区,闻理路,',	0,	0,	0,	'11:30—14:00,17:30—22:30',	0,	0,	2,	113.876,	34.0498,	'下单后请及时查收，如有问题请联系15537440013',	0,	0,	0,	'2016-03-02 14:16:03'),
(37,	110,	188,	'鲜果',	'',	'爱上鲜果',	'请在营业时间下单',	'',	'877303438',	'15638957375',	'河南省,南阳市,宛城区,未来大道(西路),',	0,	0,	0,	'10:30-17:30',	0,	0,	2,	112.56,	32.9708,	'',	0,	0,	0,	'2016-01-10 10:57:30'),
(40,	127,	190,	'叶县365外卖',	'',	'亲们，调试已完成，可以下单啦！本月为试营业，有不足之处还望大家多多指正！',	'您已下单成功，切勿二次重复下单！请您稍等，我们将马上为您安排送餐服务！',	'9',	'13290925152',	'13290925152',	'河南省,平顶山市,叶县,文化路,',	0,	0,	1,	'10:30--20:00',	0,	10.08,	2,	113.368,	33.6294,	'备注',	1,	0,	0,	'2016-03-11 05:10:19'),
(50,	153,	205,	'没蒙古特产专卖',	'',	'本店经营销售正宗内蒙古特产美食及工艺品，质量真实，价格公道。',	'拍单的亲 请先与店主QQ或者电话先联系确认，谢谢合作。',	'',	'384321143',	'14747226148',	'内蒙古自治区,包头市,昆都仑区,富林路,北门-西',	8,	0,	0,	'00:00-24:00',	0,	0,	2,	109.832,	40.6454,	'',	0,	0,	0,	'2016-03-02 14:16:03'),
(51,	157,	467,	'小吃街2222号',	'',	'营业时间朝九晚五',	'么么哒',	'',	'2421372161',	'13290757016',	'河南省,许昌市,魏都区,学府街,',	0.5,	6,	0.03,	'10:30-23:30',	0,	0,	2,	113.864,	34.0489,	'',	1,	1,	1,	'2016-03-03 01:57:49'),
(52,	157,	467,	'小吃街88888号',	'',	'111111111111111111',	'11111111111111111111',	'',	'2421372161',	'13295047102',	'河南省,许昌市,魏都区,魏文路,',	1,	6,	0.05,	'10:30-23:00',	0,	0,	2,	113.863,	34.047,	'',	0,	1,	1,	'2016-03-03 02:26:29'),
(53,	160,	0,	'默认店铺',	NULL,	NULL,	NULL,	NULL,	NULL,	NULL,	NULL,	0,	0,	1,	NULL,	0,	0,	2,	0,	0,	NULL,	0,	0,	0,	'2016-03-03 02:58:04'),
(60,	163,	0,	'默认店铺',	NULL,	NULL,	NULL,	NULL,	NULL,	NULL,	NULL,	0,	0,	1,	NULL,	0,	0,	2,	0,	0,	NULL,	0,	0,	0,	'2016-03-03 06:35:04'),
(61,	164,	0,	'默认店铺',	NULL,	NULL,	NULL,	NULL,	NULL,	NULL,	NULL,	0,	0,	1,	NULL,	0,	0,	2,	0,	0,	NULL,	0,	0,	0,	'2016-03-03 06:35:04'),
(62,	165,	0,	'默认店铺',	NULL,	NULL,	NULL,	NULL,	NULL,	NULL,	NULL,	0,	0,	1,	NULL,	0,	0,	2,	0,	0,	NULL,	0,	0,	0,	'2016-03-03 06:35:04'),
(63,	166,	0,	'默认店铺',	NULL,	NULL,	NULL,	NULL,	NULL,	NULL,	NULL,	0,	0,	1,	NULL,	0,	0,	2,	0,	0,	NULL,	0,	0,	0,	'2016-03-03 06:35:04'),
(64,	167,	0,	'默认店铺',	NULL,	NULL,	NULL,	NULL,	NULL,	NULL,	NULL,	0,	0,	1,	NULL,	0,	0,	2,	0,	0,	NULL,	0,	0,	0,	'2016-03-03 06:35:04'),
(65,	168,	0,	'默认店铺',	NULL,	NULL,	NULL,	NULL,	NULL,	NULL,	NULL,	0,	0,	1,	NULL,	0,	0,	2,	0,	0,	NULL,	0,	0,	0,	'2016-03-03 06:35:04'),
(66,	169,	0,	'默认店铺',	NULL,	NULL,	NULL,	NULL,	NULL,	NULL,	NULL,	0,	0,	1,	NULL,	0,	0,	2,	0,	0,	NULL,	0,	0,	0,	'2016-03-03 06:35:04'),
(67,	170,	0,	'默认店铺',	NULL,	NULL,	NULL,	NULL,	NULL,	NULL,	NULL,	0,	0,	1,	NULL,	0,	0,	2,	0,	0,	NULL,	0,	0,	0,	'2016-03-03 06:35:04'),
(68,	172,	0,	'默认店铺',	NULL,	NULL,	NULL,	NULL,	NULL,	NULL,	NULL,	0,	0,	1,	NULL,	0,	0,	2,	0,	0,	NULL,	0,	0,	0,	'2016-03-03 06:35:04'),
(69,	173,	469,	'郑工微打印',	'',	'全校宿舍楼支持配送业务！',	'',	'',	'1007292508',	'15093531102',	'',	0,	0,	0,	'13:00-14:00,21:00-22:00',	0,	2,	2,	0,	0,	'',	0,	0,	0,	'2016-03-06 05:30:18'),
(70,	173,	470,	'郑工商城',	'',	'欢迎光临郑工商城！',	'',	'',	'1007292508',	'15093531102',	'',	2,	15,	0,	'',	0,	0,	2,	0,	0,	'我们会在每天晚上10:30之前为大家配送，请大家谅解！',	0,	1,	1,	'2016-03-03 08:07:38'),
(71,	174,	0,	'默认店铺',	NULL,	NULL,	NULL,	NULL,	NULL,	NULL,	NULL,	0,	0,	1,	NULL,	0,	0,	2,	0,	0,	NULL,	0,	0,	0,	'2016-03-03 10:11:30'),
(72,	175,	888,	'水果屋',	'新鲜水果',	'新鲜水果开始供应啦',	'',	'',	'125465652',	'13579511909',	'新疆维吾尔自治区,克拉玛依市,克拉玛依区,东外环路,',	0,	0,	0,	'13:40-14:40      19:00-20:40',	0,	0,	2,	84.9345,	45.5529,	'',	0,	1,	1,	'2016-03-11 12:01:33'),
(73,	176,	0,	'默认店铺',	NULL,	NULL,	NULL,	NULL,	NULL,	NULL,	NULL,	0,	0,	1,	NULL,	0,	0,	2,	0,	0,	NULL,	0,	0,	0,	'2016-03-03 10:11:30'),
(74,	180,	0,	'默认店铺',	NULL,	NULL,	NULL,	NULL,	NULL,	NULL,	NULL,	0,	0,	1,	NULL,	0,	0,	2,	0,	0,	NULL,	0,	0,	0,	'2016-03-03 10:47:48'),
(75,	182,	0,	'默认店铺',	NULL,	NULL,	NULL,	NULL,	NULL,	NULL,	NULL,	0,	0,	1,	NULL,	0,	0,	2,	0,	0,	NULL,	0,	0,	0,	'2016-03-03 10:53:28'),
(76,	185,	0,	'默认店铺',	NULL,	NULL,	NULL,	NULL,	NULL,	NULL,	NULL,	0,	0,	1,	NULL,	0,	0,	2,	0,	0,	NULL,	0,	0,	0,	'2016-03-04 00:28:57'),
(77,	187,	0,	'默认店铺',	NULL,	NULL,	NULL,	NULL,	NULL,	NULL,	NULL,	0,	0,	1,	NULL,	0,	0,	2,	0,	0,	NULL,	0,	0,	0,	'2016-03-04 01:12:58'),
(78,	188,	0,	'默认店铺',	NULL,	NULL,	NULL,	NULL,	NULL,	NULL,	NULL,	0,	0,	1,	NULL,	0,	0,	2,	0,	0,	NULL,	0,	0,	0,	'2016-03-04 01:35:52'),
(79,	189,	476,	'来货',	'',	'',	'',	'',	'',	'',	'',	0,	0,	1,	'',	0,	0,	2,	0,	0,	'',	0,	1,	1,	'2016-03-04 03:02:05'),
(80,	13,	577,	'新青年创业咖啡',	'',	'你的一个想法，或许可以创造一个伟大的时代。',	'',	'',	'3219857546',	'0374-8588991',	'河南省,许昌市,魏都区,开拓路,',	1,	10,	0.03,	'8:00-20:30',	0,	0,	2,	113.871,	34.05,	'',	0,	0,	1,	'2016-03-13 14:43:16'),
(81,	191,	475,	'工科校园超市',	'四川工业科技学院校园超市',	'更贴心的校园超市，为工科学子服务。主要销售水果，各种零食，饮料，香烟，生活用品。',	'',	'WGB809600393',	'2439964467',	'18280535513        636805',	'四川省,德阳市,罗江县,金雁大桥,',	1,	10,	0.9,	'12:10-13:40,18:00-22:00',	0,	0,	2,	104.507,	31.3292,	'',	0,	1,	1,	'2016-03-04 03:12:29'),
(82,	189,	474,	'三只小馋猫',	'',	'额外给',	'的人还不',	'',	'924343998',	'18939527959',	'河南省,郑州市,金水区,春华路,',	0,	9,	0,	'',	0,	0,	2,	113.663,	34.8029,	'',	0,	1,	1,	'2016-03-04 03:40:46'),
(83,	192,	0,	'默认店铺',	NULL,	NULL,	NULL,	NULL,	NULL,	NULL,	NULL,	0,	0,	1,	NULL,	0,	0,	2,	0,	0,	NULL,	0,	0,	0,	'2016-03-04 03:47:11'),
(87,	161,	0,	'校内派',	'',	'',	'',	'',	'',	'',	'',	0,	0,	0,	'',	0,	0,	2,	0,	0,	'',	1,	0,	0,	'2016-03-04 10:28:59'),
(89,	204,	0,	'默认店铺',	NULL,	NULL,	NULL,	NULL,	NULL,	NULL,	NULL,	0,	0,	1,	NULL,	0,	0,	2,	0,	0,	NULL,	0,	0,	0,	'2016-03-05 09:16:49'),
(90,	206,	713,	'商大校园',	'助手',	'你好玩，大家才好玩',	'小心购物',	'daipeng998',	'1162336755',	'18515393342',	'河南省,商丘市,梁园区,X020,',	0,	100,	0,	'12:00—13:00',	0,	0,	2,	115.725,	34.4095,	'',	0,	0,	0,	'2016-03-05 09:44:51'),
(91,	209,	0,	'默认店铺',	NULL,	NULL,	NULL,	NULL,	NULL,	NULL,	NULL,	0,	0,	1,	NULL,	0,	0,	2,	0,	0,	NULL,	0,	0,	0,	'2016-03-05 09:46:23'),
(92,	206,	714,	'五谷鱼粉',	'',	'你好',	'',	'daipeng998',	'2222222',	'18515394444',	'河南省,平顶山市,汝州市,S241,',	0,	0,	0,	'0',	0,	0,	2,	112.972,	34.0281,	'',	0,	0,	0,	'2016-03-05 09:46:23'),
(93,	211,	0,	'默认店铺',	NULL,	NULL,	NULL,	NULL,	NULL,	NULL,	NULL,	0,	0,	1,	NULL,	0,	0,	2,	0,	0,	NULL,	0,	0,	0,	'2016-03-07 00:34:01'),
(94,	73,	0,	'1',	'1',	'',	'',	'',	'',	'',	'',	0,	0,	0,	'',	0,	0,	2,	0,	0,	'',	0,	0,	0,	'2016-03-07 00:33:48'),
(95,	73,	0,	'2',	'2',	'',	'',	'',	'',	'',	'',	0,	0,	0,	'',	0,	0,	2,	0,	0,	'',	0,	0,	0,	'2016-03-07 00:33:48'),
(96,	73,	0,	'3',	'3',	'',	'',	'',	'',	'',	'',	0,	0,	0,	'',	0,	0,	2,	0,	0,	'',	0,	0,	0,	'2016-03-07 00:33:48'),
(97,	73,	0,	'3',	'3',	'',	'',	'',	'',	'',	'',	0,	0,	0,	'',	0,	0,	2,	0,	0,	'',	0,	0,	0,	'2016-03-07 00:33:48'),
(98,	213,	0,	'默认店铺',	NULL,	NULL,	NULL,	NULL,	NULL,	NULL,	NULL,	0,	0,	1,	NULL,	0,	0,	2,	0,	0,	NULL,	0,	0,	0,	'2016-03-07 00:33:48'),
(99,	73,	0,	'4',	'4',	'',	'',	'',	'',	'',	'',	0,	0,	0,	'',	0,	0,	2,	0,	0,	'',	0,	0,	0,	'2016-03-07 00:33:48'),
(100,	73,	0,	'5',	'5',	'',	'',	'',	'',	'',	'',	0,	0,	0,	'',	0,	0,	2,	0,	0,	'',	0,	0,	0,	'2016-03-07 00:33:48'),
(101,	73,	0,	'6',	'6',	'',	'',	'',	'',	'',	'',	0,	0,	0,	'',	0,	0,	2,	0,	0,	'',	0,	0,	0,	'2016-03-07 00:33:48'),
(102,	73,	0,	'8',	'8',	'',	'',	'',	'',	'',	'',	0,	0,	0,	'',	0,	0,	2,	0,	0,	'',	0,	0,	0,	'2016-03-07 00:33:48'),
(103,	73,	0,	'9',	'9',	'',	'',	'',	'',	'',	'',	0,	0,	0,	'',	0,	0,	2,	0,	0,	'',	0,	0,	0,	'2016-03-07 00:33:48'),
(104,	73,	0,	'10',	'10',	'',	'',	'',	'',	'',	'',	0,	0,	0,	'',	0,	0,	2,	0,	0,	'',	0,	0,	0,	'2016-03-07 00:33:48'),
(105,	222,	727,	'夏派进口饮料',	'你妹妹的',	'进店不要钱',	'小心剁手',	'',	'74110',	'1373885799X',	'上海市,上海市,黄浦区,成都北路,408号',	0,	1000,	7,	'10:30-17:00',	0,	0,	2,	121.474,	31.2362,	'',	0,	1,	1,	'2016-03-09 15:20:33'),
(107,	226,	0,	'默认店铺',	'',	'',	'',	'',	'',	'',	'宁夏回族自治区,银川市,金凤区,贺兰山中路,',	0,	0,	1,	'',	0,	0,	2,	106.265,	38.5075,	'',	0,	0,	0,	'2016-03-07 00:33:48'),
(108,	228,	0,	'默认店铺',	NULL,	NULL,	NULL,	NULL,	NULL,	NULL,	NULL,	0,	0,	1,	NULL,	0,	0,	2,	0,	0,	NULL,	0,	0,	0,	'2016-03-07 00:33:48'),
(109,	231,	0,	'默认店铺',	NULL,	NULL,	NULL,	NULL,	NULL,	NULL,	NULL,	0,	0,	1,	NULL,	0,	0,	2,	0,	0,	NULL,	0,	0,	0,	'2016-03-07 00:38:14'),
(110,	233,	0,	'默认店铺',	NULL,	NULL,	NULL,	NULL,	NULL,	NULL,	NULL,	0,	0,	1,	NULL,	0,	0,	2,	0,	0,	NULL,	0,	0,	0,	'2016-03-07 03:18:04'),
(111,	235,	0,	'默认店铺',	NULL,	NULL,	NULL,	NULL,	NULL,	NULL,	NULL,	0,	0,	1,	NULL,	0,	0,	2,	0,	0,	NULL,	0,	0,	0,	'2016-03-07 03:24:57'),
(112,	236,	0,	'默认店铺',	NULL,	NULL,	NULL,	NULL,	NULL,	NULL,	NULL,	0,	0,	1,	NULL,	0,	0,	2,	0,	0,	NULL,	0,	0,	0,	'2016-03-07 06:41:36'),
(113,	255,	0,	'默认店铺',	NULL,	NULL,	NULL,	NULL,	NULL,	NULL,	NULL,	0,	0,	1,	NULL,	0,	0,	2,	0,	0,	NULL,	0,	0,	0,	'2016-03-09 00:36:43'),
(114,	260,	723,	'郑州烧烤超市',	'芭比Q烧烤超市',	'',	'',	'274',	'2529736581',	'0371-55057082',	'河南省,郑州市,金水区,X007(鸿苑路),',	0,	300,	9.8,	'6:00-21:00',	0,	1,	2,	113.818,	34.8797,	'为保证用户体验，请至少提前4小时下单，团体客户请至少提前一天。',	0,	0,	1,	'2016-03-12 12:59:35'),
(115,	267,	883,	'工科校园超市',	'',	'亲爱的新老顾客，有了你们，工科校园超市才会更好，谢谢你们的支持。有的东西不齐全，望理解。后期会陆续有水果，快餐，等都是送货上门。周末营业时间为9点到23点平时中午12点15到13点40.   18点到22点',	'请同学们在填写地址的时候希望填写寝室号。联系电话尽量填写短号。由于配送原因，希望大家选购商品金量超过起送价，超过起送价可以免运费，因为我们配送员也很辛苦哟。同学们还可以跟寝室的AA付款哟。谢谢支持理解。',	'470,297,196,533,549',	'2439964467',	'18280535513',	'四川省,德阳市,罗江县,金雁大桥,',	0.9,	17,	0.95,	'12:10-13:40,18：00-19:00,19:00-20:00,20:00-21:00,21:00-22:00',	0,	159.2,	1,	104.508,	31.3275,	'',	0,	1,	0,	'2016-03-13 14:04:40'),
(116,	271,	0,	'默认店铺',	NULL,	NULL,	NULL,	NULL,	NULL,	NULL,	NULL,	0,	0,	1,	NULL,	0,	0,	2,	0,	0,	NULL,	0,	0,	0,	'2016-03-09 10:31:59'),
(117,	284,	0,	'默认店铺',	NULL,	NULL,	NULL,	NULL,	NULL,	NULL,	NULL,	0,	0,	1,	NULL,	0,	0,	2,	0,	0,	NULL,	0,	0,	0,	'2016-03-10 00:51:46'),
(118,	355,	0,	'默认店铺',	NULL,	NULL,	NULL,	NULL,	NULL,	NULL,	NULL,	0,	0,	1,	NULL,	0,	0,	2,	0,	0,	NULL,	0,	0,	0,	'2016-03-10 03:22:35'),
(119,	387,	734,	'辽宁广惠智能装备',	'广惠智能',	'',	'',	'韩培培,周义',	'2098936028',	'',	'辽宁省,抚顺市,顺城区,上马线,',	0,	0,	1,	'',	0,	0,	2,	123.848,	41.938,	'',	0,	0,	0,	'2016-03-10 07:42:31'),
(121,	428,	0,	'楠园八舍零食铺',	'',	'',	'',	'',	'1134244906',	'15320456507',	'重庆市,重庆市,北碚区,融汇南路,',	1,	5,	0.95,	'6:00-7:40\r\n21:00-24:00',	0,	0,	2,	106.425,	29.8236,	'',	0,	1,	1,	'2016-03-12 08:20:25'),
(122,	447,	0,	'默认店铺',	NULL,	NULL,	NULL,	NULL,	NULL,	NULL,	NULL,	0,	0,	1,	NULL,	0,	0,	2,	0,	0,	NULL,	0,	0,	0,	'2016-03-11 00:37:42'),
(123,	197,	745,	'恒信镖局',	'',	'',	'',	'李小信',	'1140576689',	'0371-55955674',	'河南省,郑州市,惠济区,古园街,',	1,	0,	0,	'8：00~7：00',	0,	0,	2,	113.613,	34.8679,	'',	0,	0,	0,	'2016-03-11 00:37:42'),
(124,	458,	0,	'默认店铺',	NULL,	NULL,	NULL,	NULL,	NULL,	NULL,	NULL,	0,	0,	1,	NULL,	0,	0,	2,	0,	0,	NULL,	0,	0,	0,	'2016-03-11 00:37:42'),
(126,	482,	0,	'默认店铺',	NULL,	NULL,	NULL,	NULL,	NULL,	NULL,	NULL,	0,	0,	1,	NULL,	0,	0,	2,	0,	0,	NULL,	0,	0,	0,	'2016-03-11 07:03:10'),
(127,	514,	0,	'默认店铺',	NULL,	NULL,	NULL,	NULL,	NULL,	NULL,	NULL,	0,	0,	1,	NULL,	0,	0,	2,	0,	0,	NULL,	0,	0,	0,	'2016-03-11 12:40:49'),
(128,	175,	886,	'克拉玛依特色凉皮',	'凉皮 擀面皮 牛筋面 高旦面 红薯皮',	'克拉玛依特色凉皮 擀面皮 牛筋面 高旦面 红薯皮       （非清真）',	'',	'',	'125465652',	'13579511909',	'新疆维吾尔自治区,克拉玛依市,克拉玛依区,东外环路,',	0,	0,	0,	'13：40-14:30       19:00-20:40',	0,	0,	2,	84.9348,	45.5531,	'',	0,	1,	1,	'2016-03-11 12:40:49'),
(129,	575,	0,	'默认店铺',	NULL,	NULL,	NULL,	NULL,	NULL,	NULL,	NULL,	0,	0,	1,	NULL,	0,	0,	2,	0,	0,	NULL,	0,	0,	0,	'2016-03-12 01:47:19'),
(130,	428,	0,	'李七',	'',	'',	'',	'',	'',	'',	'',	0,	0,	0,	'',	0,	0,	2,	0,	0,	'',	0,	0,	0,	'2016-03-13 10:08:29'),
(131,	698,	0,	'默认店铺',	NULL,	NULL,	NULL,	NULL,	NULL,	NULL,	NULL,	0,	0,	1,	NULL,	0,	0,	2,	0,	0,	NULL,	0,	0,	0,	'2016-03-13 10:08:29'),
(132,	267,	0,	'快餐',	'',	'',	'',	'',	'',	'18280535513',	'',	0,	0,	0,	'',	0,	0,	2,	0,	0,	'',	0,	1,	0,	'2016-03-13 10:08:29'),
(133,	760,	0,	'默认店铺',	NULL,	NULL,	NULL,	NULL,	NULL,	NULL,	NULL,	0,	0,	1,	NULL,	0,	0,	2,	0,	0,	NULL,	0,	0,	0,	'2016-03-14 00:54:34'),
(134,	8,	187,	'2313',	'123123',	'123123',	'123123',	',2',	'123123',	'31231',	',,,,',	20,	20,	8,	'',	0,	0,	2,	122.666,	34.7087,	'',	0,	0,	0,	'2016-03-25 07:13:50'),
(135,	1,	37,	'pidong店铺1',	'xigua',	'打西瓜真好吃',	'没有',	'',	'10086',	'10010',	'河南省,郑州市,二七区,一马路,',	0,	0,	0,	'',	0,	0,	2,	113.667,	34.7516,	'',	0,	0,	0,	'2016-03-25 09:50:25'),
(136,	789,	37,	'张小姐的披萨11',	'哈哈',	'11',	'22',	',792,2',	'1604583867',	'10086',	'山东省临沂市兰山区银雀山街道八一路1号',	0,	20,	2,	'10:30-11:30,14:30-15:30',	0,	80.0098,	2,	118.341,	35.0623,	'哈哈',	0,	1,	0,	'2016-05-30 09:07:30'),
(138,	789,	46,	'2号店',	'我的小店',	'1111',	'11111111',	NULL,	'1604583867',	'10086',	'河南省郑州市新郑市龙湖镇小鸿沟',	2,	20,	1,	'10:30-11:30',	0,	0,	2,	113.651,	34.5666,	'222',	0,	1,	1,	'2016-05-15 08:11:28'),
(139,	790,	0,	'默认店铺',	NULL,	NULL,	NULL,	NULL,	NULL,	NULL,	NULL,	0,	0,	1,	NULL,	0,	0,	0,	0,	0,	NULL,	0,	0,	0,	'2016-04-01 02:08:35'),
(140,	791,	1,	'pidong2号店',	'嘻嘻哈哈',	'你好，买一送一',	'坏了不陪',	NULL,	'117930219',	'10010',	'河南省郑州市金水区文化路街道河南农业大学',	1,	10,	1,	'',	0,	0,	2,	113.663,	34.7847,	'',	0,	1,	0,	'2016-04-06 09:19:41'),
(141,	794,	30,	'测试',	'111',	'测试',	'测试',	NULL,	'123123',	'132339727572',	'河南省郑州市中原区棉纺路街道棉三厂家属院',	2,	20,	2,	'',	0,	0,	0,	113.616,	34.7596,	'',	0,	0,	0,	'2016-04-12 13:07:05'),
(142,	794,	31,	'测试2',	'测试2',	'11',	'11',	NULL,	'11',	'11',	'河南省平顶山市汝州市小屯镇路寨村',	2,	2,	2,	'',	0,	0,	0,	113.006,	34.0285,	'',	0,	0,	0,	'2016-04-12 13:09:01'),
(143,	794,	0,	'1',	'1',	'1',	'1',	NULL,	'1',	'1',	'河南省平顶山市宝丰县商酒务镇商酒务镇焦楼村标准化卫生所',	1,	1,	1,	'1',	0,	0,	0,	112.983,	33.9747,	'1',	0,	0,	0,	'2016-04-12 13:11:39'),
(145,	901,	0,	'唐氏生态农庄',	'生态农庄',	'',	'',	NULL,	'',	'',	'',	0,	0,	0,	'',	0,	0,	0,	0,	0,	'',	0,	1,	0,	'2016-04-13 05:57:28'),
(146,	836,	1,	'123超市',	'超市',	'11111',	'111111',	NULL,	'111111111111',	'1111111111',	'山东省青岛市城阳区流亭街道厚德森林国际',	0,	20,	1,	'',	0,	0,	2,	120.413,	36.2684,	'1111',	0,	0,	0,	'2016-04-14 02:14:21'),
(147,	927,	0,	'fsdfdsfdsf',	'fsdfdfsd',	'',	'',	NULL,	'',	'',	'',	0,	0,	0,	'',	0,	0,	0,	0,	0,	'',	0,	0,	0,	'2016-04-14 09:19:42'),
(148,	928,	39,	'恒讯商城',	'恒讯',	'呵呵',	'',	NULL,	'',	'',	'',	0,	0,	0,	'',	0,	0,	0,	0,	0,	'',	0,	1,	0,	'2016-04-14 09:42:01'),
(149,	929,	0,	'o2o商城',	'o2o商城',	'o2o商城',	'o2o商城',	NULL,	'',	'',	'福建省厦门市海沧区海沧街道阿罗海城市广场',	0,	0,	0,	'',	0,	0,	2,	118.032,	24.4803,	'',	0,	1,	0,	'2016-04-23 13:47:48'),
(150,	930,	0,	'TEST',	'',	'',	'',	NULL,	'',	'',	'',	0,	0,	0,	'',	0,	0,	2,	0,	0,	'',	0,	0,	0,	'2016-04-23 13:47:48'),
(151,	935,	0,	'天涯',	'',	'',	'',	NULL,	'',	'',	'河南省平顶山市汝州市小屯镇长营学校',	0,	0,	0,	'',	0,	0,	2,	112.967,	34.0226,	'',	0,	0,	0,	'2016-04-23 13:47:48'),
(152,	940,	37,	'tttttt',	'ttttt',	'商城公告',	'温馨提示',	',941',	'tt',	'',	'河南省平顶山市汝州市小屯镇',	0,	0,	0,	'',	0,	0,	2,	112.885,	34.0596,	'',	0,	0,	0,	'2016-04-23 13:47:48'),
(153,	943,	31,	'2332',	'ewewweewewewewew',	'dfdfdffddfdfdffddff',	'eerdfdf3232',	NULL,	'343434343434',	'343434',	'',	12,	33322,	33,	'',	0,	0,	2,	0,	0,	'ewwewe',	0,	0,	0,	'2016-05-11 03:40:47'),
(154,	945,	39,	'1',	'1',	'1',	'1',	NULL,	'1',	'1',	'',	0,	0,	0,	'',	0,	0,	2,	0,	0,	'',	0,	0,	0,	'2016-04-23 13:47:48'),
(155,	948,	0,	'1111111111111',	'111',	'1111111111',	'111111111111111',	NULL,	'11111111',	'13790000000',	'河南省平顶山市宝丰县前营乡大连庄村',	1,	1001,	1,	'08:10-10:20',	0,	0,	2,	112.937,	33.9763,	'11111111',	0,	0,	0,	'2016-04-23 13:47:48'),
(156,	949,	0,	'1',	'',	'',	'',	NULL,	'',	'',	'',	0,	0,	0,	'',	0,	0,	-1,	0,	0,	'',	0,	0,	0,	'2016-05-19 06:22:57'),
(157,	949,	0,	'2',	'2',	'2',	'2',	NULL,	'2',	'2',	'',	0,	0,	0,	'',	0,	0,	-1,	0,	0,	'',	0,	0,	0,	'2016-06-08 04:56:40'),
(158,	950,	41,	'马季酸辣面',	'马季酸辣面',	'马季酸辣面',	'马季酸辣面',	NULL,	'马季酸辣面',	'马季酸辣面',	'浙江省嘉兴市海盐县武原街道城北西路136号',	0,	0,	0,	'',	0,	0,	2,	120.944,	30.5202,	'0',	0,	1,	0,	'2016-04-23 13:47:48'),
(159,	952,	30,	'Edmond',	'Ho',	'Edmond Test Shop',	'This is the test shop of the OTO',	NULL,	'112233445',	'11223344556',	'香港特別行政區灣仔區香港會議展覽中心',	0,	0,	0,	'10:00-17:00',	0,	0,	2,	114.179,	22.2809,	'',	0,	1,	0,	'2016-04-23 13:47:48'),
(160,	953,	41,	'ILKAN微商店',	'ILKAN',	'店铺开张了！',	'店铺开张了！',	NULL,	'35546733',	'010-6565666',	'',	30,	100,	10,	'10:00',	0,	0,	2,	0,	0,	'',	0,	0,	0,	'2016-04-23 13:47:48'),
(161,	956,	0,	'试用测试',	'试用测试',	'',	'',	NULL,	'',	'',	'',	0,	0,	0,	'',	0,	0,	2,	0,	0,	'',	0,	0,	0,	'2016-04-23 13:47:48'),
(162,	963,	29,	'测试',	'测试店铺',	'先来显得',	'你好啊',	NULL,	'22222222',	'12334444',	'北京市昌平区十三陵镇南新村幼儿园',	0,	1000,	100,	'10:30-11:20',	0,	0,	2,	116.24,	40.2505,	'测试',	0,	1,	0,	'2016-04-23 13:47:48'),
(163,	940,	0,	'222',	'222',	'22',	'22',	NULL,	'22',	'22',	'',	0,	0,	0,	'',	0,	0,	2,	0,	0,	'',	0,	0,	0,	'2016-04-23 13:47:48'),
(164,	967,	0,	'test商场',	'废旧塑料',	'这是公告',	'这是温馨提示',	NULL,	'6543211',	'123456789',	'',	0,	0,	0,	'',	0,	0,	2,	0,	0,	'',	0,	0,	0,	'2016-04-23 13:47:48'),
(165,	968,	0,	'112',	'1212',	'13',	'3df',	NULL,	'',	'',	'',	0,	0,	0,	'',	0,	0,	2,	0,	0,	'',	0,	1,	0,	'2016-04-23 13:47:48'),
(166,	972,	46,	'测试1',	'测试子名称1',	'秦酱酒业新品发布',	'秦酱酒业新品发布',	NULL,	'392001982',	'15898723401',	'湖南省长沙市岳麓区望岳街道八方小区D区',	10,	100,	5,	'10：30-12：00',	0,	0,	2,	112.943,	28.2336,	'可以在线消费',	0,	1,	0,	'2016-04-23 13:47:48'),
(167,	976,	26,	'hgj ',	'gh ',	'ghjkgh',	'kghjghj',	NULL,	'ghj',	'ghj',	'内蒙古自治区呼和浩特市新城区成吉思汗大街街道呼和浩特市水泥厂',	12,	100,	10,	'4124',	0,	0,	2,	111.707,	40.8983,	'52',	0,	0,	0,	'2016-04-23 13:47:48'),
(168,	974,	0,	'qwe',	'为',	'',	'',	NULL,	'',	'',	'',	0,	0,	0,	'',	0,	0,	2,	0,	0,	'',	0,	0,	0,	'2016-04-23 13:47:48'),
(169,	979,	0,	'dsf',	'dsfdsf',	'dsfsdfsdfdsf',	'dsfdsfsdf',	NULL,	'157157098',	'sd',	'',	0,	0,	0,	'',	0,	0,	2,	0,	0,	'',	0,	1,	0,	'2016-04-23 13:47:48'),
(176,	1000,	47,	'玲玲',	'A45',	'DFTTE',	'ERER',	NULL,	'ERE',	'ERER',	'河南省平顶山市宝丰县赵庄乡官衙学校',	10,	1000,	10,	'1001',	0,	0,	2,	113.012,	33.9959,	'101',	0,	0,	0,	'2016-06-14 02:25:59'),
(180,	1009,	46,	'金金超市',	'',	'',	'',	NULL,	'',	'',	'',	0,	0,	0,	'',	0,	0,	2,	0,	0,	'',	0,	1,	0,	'2016-05-30 07:27:48'),
(183,	789,	48,	'测试',	'测试',	'',	'',	NULL,	'',	'',	'',	10,	0,	0,	'10:00 - 20:00',	0,	0,	2,	0,	0,	'',	0,	1,	0,	'2016-05-30 07:27:48'),
(184,	789,	0,	'googuu',	'mygoo-guu',	'',	'',	NULL,	'',	'',	'',	0,	0,	0,	'',	0,	0,	2,	0,	0,	'',	0,	0,	0,	'2016-06-14 02:25:59'),
(186,	1011,	52,	'大麦商城',	'大麦网络',	'新店开张',	'稳定的体hi',	NULL,	'4152424',	'0543-8429889',	'山东省滨州市滨城区市西街道渤海十路528号',	0,	100,	20,	'10:30-11:30',	0,	0,	2,	118.003,	37.3746,	'备注',	0,	1,	0,	'2016-05-22 09:34:54'),
(187,	789,	0,	'myshop1',	'myshop1',	'test1',	'test1',	NULL,	'23423',	'234234',	'',	0,	0,	0,	'',	0,	0,	2,	0,	0,	'',	0,	1,	0,	'2016-05-30 07:27:59'),
(188,	789,	51,	'商城',	'',	'都是',	'',	NULL,	'465141322',	'123564568789',	'河南省郑州市金水区东风路街道文化公园',	0,	50,	0,	'',	0,	0,	2,	113.668,	34.805,	'',	0,	0,	0,	'2016-05-30 07:27:48'),
(189,	789,	60,	'的风格的双方各',	' 都是',	'rrr',	'',	NULL,	'',	'',	'',	0,	0,	0,	'',	0,	0,	2,	0,	0,	'',	0,	0,	0,	'2016-06-14 02:25:59'),
(190,	1016,	58,	'111',	'111',	'9fgy',	'',	NULL,	'',	'12345678901',	'北京市丰台区方庄镇芳群园(二区)芳群园2区',	0,	0,	0,	'',	0,	0,	2,	116.427,	39.8627,	'满99送货免运费',	0,	1,	0,	'2016-06-14 02:25:59'),
(192,	789,	0,	'旅游A',	'旅游AB',	'旅游A旅游A旅游A',	'旅游A旅游A旅游A',	',2',	'12345678',	'12345678',	'',	0,	0,	0,	'',	0,	0,	2,	0,	0,	'',	0,	1,	0,	'2016-06-14 02:25:59'),
(193,	789,	0,	'222',	'',	'',	'',	NULL,	'',	'',	'广东省广州市番禺区石基镇三其大街',	0,	0,	0,	'',	0,	0,	2,	113.434,	22.9427,	'',	0,	0,	0,	'2016-06-14 02:25:59'),
(194,	1018,	59,	'fenxiao',	'fenxiaoke ',	'fenxiaoke ',	'fenxiaoke ',	NULL,	'057322886541',	'057322886541',	'浙江省嘉兴市桐乡市梧桐街道文华路2516-2522号',	10,	300,	30,	'10.30-17.30',	0,	0,	2,	120.531,	30.6453,	'',	0,	0,	0,	'2016-06-14 02:25:59'),
(196,	1021,	0,	'test',	'',	'',	'',	NULL,	'',	'',	'',	0,	0,	0,	'',	0,	0,	-1,	0,	0,	'',	0,	0,	0,	'2016-06-14 06:41:29'),
(198,	1022,	59,	'21321424214',	'123412412',	'213123',	'2132132',	NULL,	'12321321',	'213213',	'',	5,	100,	1,	'213213',	0,	0,	0,	0,	0,	'123213213',	0,	0,	0,	'2016-06-14 13:19:06');

DROP TABLE IF EXISTS `multi_sms`;
CREATE TABLE `multi_sms` (
  `id` int(10) unsigned NOT NULL AUTO_INCREMENT,
  `user` text DEFAULT NULL,
  `pass` text DEFAULT NULL,
  `time` timestamp NOT NULL DEFAULT CURRENT_TIMESTAMP ON UPDATE CURRENT_TIMESTAMP,
  PRIMARY KEY (`id`)
) ENGINE=InnoDB DEFAULT CHARSET=utf8;

INSERT INTO `multi_sms` (`id`, `user`, `pass`, `time`) VALUES
(1,	'#',	'#',	'2016-01-05 02:16:01');

DROP TABLE IF EXISTS `multi_trade`;
CREATE TABLE `multi_trade` (
  `id` int(10) unsigned NOT NULL AUTO_INCREMENT,
  `shop_id` int(11) DEFAULT 0,
  `tradeid` text DEFAULT NULL,
  `user_id` int(11) DEFAULT 0,
  `money` float DEFAULT 0,
  `payment` text DEFAULT NULL,
  `remark` text DEFAULT NULL,
  `time` timestamp NOT NULL DEFAULT CURRENT_TIMESTAMP ON UPDATE CURRENT_TIMESTAMP,
  PRIMARY KEY (`id`)
) ENGINE=InnoDB DEFAULT CHARSET=utf8;

INSERT INTO `multi_trade` (`id`, `shop_id`, `tradeid`, `user_id`, `money`, `payment`, `remark`, `time`) VALUES
(1,	136,	'1',	2,	10,	'支付宝支付',	'1',	'2016-03-26 09:35:33'),
(2,	136,	'1604070324113',	792,	0.01,	'支付宝支付',	NULL,	'2016-04-07 07:25:13');

DROP TABLE IF EXISTS `multi_tx`;
CREATE TABLE `multi_tx` (
  `id` int(11) unsigned NOT NULL AUTO_INCREMENT,
  `txid` text DEFAULT NULL,
  `user_id` int(11) DEFAULT 0,
  `shop_id` int(11) DEFAULT 0,
  `account` text DEFAULT NULL,
  `name` text DEFAULT NULL,
  `money` float DEFAULT 0,
  `fee` float DEFAULT 0 COMMENT '手续费',
  `tx` float DEFAULT 0 COMMENT '最终提现',
  `status` int(11) DEFAULT 0 COMMENT '0：申请提现1：通过-1拒绝取消',
  `time` timestamp NOT NULL DEFAULT CURRENT_TIMESTAMP ON UPDATE CURRENT_TIMESTAMP,
  PRIMARY KEY (`id`)
) ENGINE=InnoDB DEFAULT CHARSET=utf8;

INSERT INTO `multi_tx` (`id`, `txid`, `user_id`, `shop_id`, `account`, `name`, `money`, `fee`, `tx`, `status`, `time`) VALUES
(1,	'1604071202517',	789,	136,	'1604583867@qq.com',	'清月曦',	120,	1.32,	118.68,	1,	'2016-04-13 02:36:46'),
(2,	'1604071203044',	789,	136,	'1604583867@qq.com',	'清月曦',	150,	1.65,	148.35,	-1,	'2016-04-07 04:03:07'),
(3,	'1604291026361',	789,	136,	'1604583867@qq.com',	'清月曦',	100,	1.1,	98.9,	1,	'2016-05-03 10:00:56'),
(4,	'1605090308548',	789,	136,	'1604583867@qq.com',	'清月曦',	100,	1.1,	98.9,	1,	'2016-05-09 16:58:27'),
(5,	'1605150423011',	789,	136,	'sfm3291@126.com',	'宋富明',	9600,	105.6,	9494.4,	1,	'2016-05-17 06:24:23');

DROP TABLE IF EXISTS `multi_user`;
CREATE TABLE `multi_user` (
  `id` int(10) unsigned NOT NULL AUTO_INCREMENT,
  `contact_id` int(11) DEFAULT 0 COMMENT '默认地址',
  `tuijianren_id` int(11) DEFAULT 0,
  `openid` text DEFAULT NULL,
  `username` text DEFAULT NULL,
  `phone` text DEFAULT NULL,
  `email` text DEFAULT NULL,
  `password` text DEFAULT NULL,
  `token` text DEFAULT NULL,
  `avater` text DEFAULT NULL,
  `sex` tinyint(4) NOT NULL COMMENT '1:男,2女',
  `city` text DEFAULT NULL,
  `province` text DEFAULT NULL,
  `country` text DEFAULT NULL,
  `language` text DEFAULT NULL,
  `subscribe` tinyint(1) NOT NULL,
  `money` float DEFAULT 0,
  `score` float DEFAULT 0,
  `status` int(11) DEFAULT 0,
  `is_cert` int(11) DEFAULT 0 COMMENT '是否认证',
  `lastip` text DEFAULT NULL,
  `ctime` text DEFAULT NULL,
  `buy_num` int(11) DEFAULT 0,
  `type` int(11) DEFAULT 0 COMMENT '0:普通用户,2:店铺管理员',
  `level` int(11) DEFAULT 0 COMMENT '等级',
  `remark` text DEFAULT NULL,
  `time` timestamp NOT NULL DEFAULT CURRENT_TIMESTAMP ON UPDATE CURRENT_TIMESTAMP,
  PRIMARY KEY (`id`)
) ENGINE=InnoDB DEFAULT CHARSET=utf8;

INSERT INTO `multi_user` (`id`, `contact_id`, `tuijianren_id`, `openid`, `username`, `phone`, `email`, `password`, `token`, `avater`, `sex`, `city`, `province`, `country`, `language`, `subscribe`, `money`, `score`, `status`, `is_cert`, `lastip`, `ctime`, `buy_num`, `type`, `level`, `remark`, `time`) VALUES
(2,	3,	0,	'oojFxs4s3PSZVjL-X5UpFPhNfG0c',	'AI.何青.wemall',	'',	'',	'21232f297a57a5a743894a0e4a801fc3',	'',	'http://wx.qlogo.cn/mmopen/ajNVdqHZLLDVc2kT8kAf3zOaicA94KJGfXofhVBcibYkJr6qaviazGtAprVBKkvEISFShWiaCu0LFbiakQIz9pjTOicg/0',	1,	'',	'Louth',	'',	'zh_CN',	1,	290.03,	2077,	1,	0,	'0.0.0.0',	'2015-10-19 12:40:19',	226,	2,	0,	'',	'2016-06-08 14:50:43'),
(8,	0,	0,	'',	'12',	'13233972757',	'',	'c4ca4238a0b923820dcc509a6f75849b',	NULL,	'',	0,	'',	'',	'',	'',	0,	0,	0,	1,	1,	'',	'2015-12-28 17:56:55',	0,	2,	0,	NULL,	'2016-04-13 03:13:25'),
(13,	0,	0,	'',	'13213368101',	'13213368101',	'',	'9eb52aaa8c89c21076cef3208b6e7e0e',	NULL,	'',	0,	'',	'',	'',	'',	0,	0,	0,	1,	0,	'',	'2015-12-29 14:14:56',	0,	2,	0,	NULL,	'2015-12-28 22:14:56'),
(16,	0,	0,	'',	'From爱',	'13290757016',	'',	'73534bd1214334e5c3aa8fe323746776',	NULL,	'',	0,	'',	'',	'',	'',	0,	0,	0,	1,	0,	'',	'2015-12-29 15:18:14',	0,	2,	0,	NULL,	'2015-12-28 23:18:14'),
(39,	0,	0,	'',	'校园微打印',	'13083605380',	'',	'08d902292f634d462243ef3c2e86f244',	NULL,	'',	0,	'',	'',	'',	'',	0,	0,	0,	1,	0,	'',	'2015-12-30 14:56:50',	0,	2,	0,	NULL,	'2015-12-29 22:56:50'),
(42,	0,	0,	'',	'hdnn123',	'13518845953',	'',	'2019c60acb11fd7b2089edafa45b37e8',	NULL,	'',	0,	'',	'',	'',	'',	0,	0,	0,	1,	0,	'',	'2015-12-30 15:04:29',	0,	2,	0,	NULL,	'2015-12-29 23:04:29'),
(73,	0,	0,	'',	'xiaoyuankuba',	'18846933052',	'',	'65734cfbfa51c6ea7d517cb7b98460cd',	NULL,	'',	0,	'',	'',	'',	'',	0,	0,	0,	1,	0,	'',	'2015-12-30 19:03:47',	0,	2,	0,	NULL,	'2015-12-30 03:03:47'),
(79,	0,	0,	'',	'双福校园',	'13436296015',	'',	'b26718f8122dca1640d8b449d03e8599',	NULL,	'',	0,	'',	'',	'',	'',	0,	0,	0,	1,	0,	'',	'2015-12-30 19:45:56',	0,	2,	0,	NULL,	'2015-12-30 03:45:56'),
(85,	0,	0,	'',	'ayhzygxy',	'18439898701',	'',	'ae1859adc1aae417e078ea40089e5b52',	NULL,	'',	0,	'',	'',	'',	'',	0,	0,	0,	1,	0,	'',	'2015-12-30 21:14:23',	0,	2,	0,	NULL,	'2015-12-30 05:14:23'),
(97,	0,	0,	'',	'许愿闺蜜阁',	'15537440013',	'',	'07eb236f16da2f008a32507a92fa459e',	NULL,	'',	0,	'',	'',	'',	'',	0,	0,	0,	1,	0,	'',	'2015-12-31 11:53:31',	0,	2,	0,	NULL,	'2015-12-30 19:53:31'),
(110,	0,	0,	'',	'weichenfuwu',	'15638957375',	'',	'3aeed28128b5eee713adf4bbc866cda2',	NULL,	'',	0,	'',	'',	'',	'',	0,	0,	0,	1,	0,	'',	'2016-01-05 16:39:10',	0,	2,	0,	NULL,	'2016-01-05 00:39:10'),
(127,	0,	0,	'',	'王志强',	'13290925152',	'',	'277ed5bead527677d35727748669f36f',	NULL,	'',	0,	'',	'',	'',	'',	0,	0,	0,	1,	0,	'',	'2016-01-08 10:23:10',	0,	2,	0,	NULL,	'2016-01-07 18:23:10'),
(153,	0,	0,	'',	'神采飞扬',	'14747226148',	'',	'5da681a41525cd57318fef413c02d592',	NULL,	'',	0,	'',	'',	'',	'',	0,	0,	0,	1,	0,	'',	'2016-01-12 20:21:28',	0,	2,	0,	NULL,	'2016-01-12 04:21:28'),
(154,	0,	0,	'opi_TwMR_b1jzwrV4KaHTB4qGGTc',	'AI.何青.wemall',	'',	'',	'',	NULL,	'http://wx.qlogo.cn/mmopen/ajNVdqHZLLB77wpDoIcmQtk5GHNpJD3bBaW6St2Af9yomaTyT7akxFRekmNHNTygorS8tboeqGhqUYvBDNcL5Q/0',	1,	'',	'Louth',	'',	'zh_CN',	1,	0,	91,	1,	0,	'',	'2016-03-02 22:15:53',	17,	0,	0,	NULL,	'2016-03-11 11:00:56'),
(155,	0,	0,	'opi_TwCMZAHNUqRU4bmWdP5fiwmI',	'小蚂蚁联盟静静',	'',	'',	'',	NULL,	'http://wx.qlogo.cn/mmopen/7ib8Nhc1U7iadU6pXKAnxTRafibHzNZQYPn82XE88aN35RKzDAuylJiciaLAd7YdDfgjs26ib4F5hqR8MdQlfmfUgIibEwn0QgP4vgz/0',	2,	'Xuchang',	'Henan',	'',	'zh_CN',	1,	0.06,	238,	1,	0,	'',	'2016-03-03 08:43:39',	28,	0,	0,	'',	'2016-03-26 10:27:50'),
(156,	0,	0,	'opi_TwFMMyBPbPIVG3lyQOmLkLnc',	'',	'',	'',	'',	NULL,	'',	0,	'',	'',	'',	'',	0,	0,	34,	1,	0,	'',	'2016-03-03 08:51:09',	3,	0,	0,	NULL,	'2016-03-13 14:43:33'),
(157,	0,	0,	'',	'小爱2016',	'13295047102',	'',	'dfdaed694386a4d60d3371a36aba0f54',	NULL,	'',	0,	'',	'',	'',	'',	0,	0,	0,	1,	0,	'',	'2016-03-03 09:34:56',	0,	2,	0,	NULL,	'2016-03-03 01:34:56'),
(158,	0,	0,	'opi_TwA5i5aLhwJVBLchRKIJya0g',	'',	'',	'',	'',	NULL,	'',	0,	'',	'',	'',	'',	0,	0,	10,	1,	0,	'',	'2016-03-03 09:59:47',	5,	0,	0,	NULL,	'2016-03-03 03:05:05'),
(159,	0,	0,	'opi_TwC9IcbzEgCWH1QmRwhQKZfQ',	'邵凯华',	'',	'',	'',	NULL,	'http://wx.qlogo.cn/mmopen/FyGJ7IWG8IhWoTkfLlcicOSib6sxHdRa6aAdbpr2iaK7k1m9fyPrEBh9ZRzuXuw3vgw0t4Np1gZfd0FF2fkPuibTkaDticib6w6Unic/0',	1,	'Xinyang',	'Henan',	'',	'zh_CN',	1,	0,	246,	1,	0,	'',	'2016-03-03 10:00:51',	26,	0,	0,	NULL,	'2016-03-11 03:31:31'),
(160,	0,	0,	'',	'heqing_ceshi',	'15378708792',	'',	'e89e679f1eb4b03f341f8409c4cd68cb',	NULL,	'',	0,	'',	'',	'',	'',	0,	0,	0,	1,	0,	'',	'2016-03-03 10:54:23',	0,	2,	0,	NULL,	'2016-03-03 02:54:23'),
(161,	0,	0,	'',	'20162016',	'13233972757',	'',	'78b1b288987c5c0df8c802201f558b33',	NULL,	'',	0,	'',	'',	'',	'',	0,	0,	0,	1,	0,	'',	'2016-03-03 11:08:44',	0,	2,	0,	NULL,	'2016-03-03 03:08:44'),
(162,	0,	0,	'',	'From小爱',	'13295047102',	'',	'dfdaed694386a4d60d3371a36aba0f54',	NULL,	'',	0,	'',	'',	'',	'',	0,	0,	0,	1,	0,	'',	'2016-03-03 11:31:18',	0,	2,	0,	NULL,	'2016-03-03 03:31:18'),
(163,	0,	0,	'',	'小爱2017',	'13295047102',	'',	'dfdaed694386a4d60d3371a36aba0f54',	NULL,	'',	0,	'',	'',	'',	'',	0,	0,	0,	1,	0,	'',	'2016-03-03 11:54:08',	0,	2,	0,	NULL,	'2016-03-03 03:54:08'),
(164,	0,	0,	'',	'小爱2018',	'13295047102',	'',	'dfdaed694386a4d60d3371a36aba0f54',	NULL,	'',	0,	'',	'',	'',	'',	0,	0,	0,	1,	0,	'',	'2016-03-03 11:57:34',	0,	2,	0,	NULL,	'2016-03-03 03:57:34'),
(165,	0,	0,	'',	'rerere',	'15238027761',	'',	'b3283e65dce1bdfedb03da2211f5f2c9',	NULL,	'',	0,	'',	'',	'',	'',	0,	0,	0,	1,	0,	'',	'2016-03-03 11:59:25',	0,	2,	0,	NULL,	'2016-03-03 03:59:25'),
(166,	0,	0,	'',	'小爱2019',	'13295047102',	'',	'dfdaed694386a4d60d3371a36aba0f54',	NULL,	'',	0,	'',	'',	'',	'',	0,	0,	0,	1,	0,	'',	'2016-03-03 12:00:22',	0,	2,	0,	NULL,	'2016-03-03 04:00:22'),
(167,	0,	0,	'',	'uiui',	'15238027761',	'',	'b3283e65dce1bdfedb03da2211f5f2c9',	NULL,	'',	0,	'',	'',	'',	'',	0,	0,	0,	1,	0,	'',	'2016-03-03 12:01:05',	0,	2,	0,	NULL,	'2016-03-03 04:01:05'),
(171,	0,	0,	'opi_TwAeKfwUtjZ3RNnbPD-DUcL8',	'',	'',	'',	'',	NULL,	'',	0,	'',	'',	'',	'',	0,	0,	0,	1,	0,	'',	'2016-03-03 12:33:33',	68,	0,	0,	NULL,	'2016-03-09 02:11:08'),
(173,	0,	0,	'',	'木木',	'15093531102',	'',	'd892baabefda631f53a034d9abe4104c',	NULL,	'',	0,	'',	'',	'',	'',	0,	0,	0,	1,	1,	'',	'2016-03-03 14:35:36',	0,	2,	0,	NULL,	'2016-03-08 08:54:33'),
(174,	0,	0,	'',	'KNsherry',	'18864671581',	'',	'678c18448a2cfd0bba450e594244060b',	NULL,	'',	0,	'',	'',	'',	'',	0,	0,	0,	1,	0,	'',	'2016-03-03 16:24:30',	0,	2,	0,	NULL,	'2016-03-03 08:24:30'),
(175,	0,	0,	'',	'liulidan',	'13579511909',	'',	'7035f693e829be33abfe795db9b09099',	NULL,	'',	0,	'',	'',	'',	'',	0,	0,	0,	1,	0,	'',	'2016-03-03 17:40:50',	0,	2,	0,	NULL,	'2016-03-03 09:40:50'),
(176,	0,	0,	'',	'hxq',	'18697373103',	'',	'b0c7c80d5cb457313ac5cd81f99f2f89',	NULL,	'',	0,	'',	'',	'',	'',	0,	0,	0,	1,	0,	'',	'2016-03-03 17:49:01',	0,	2,	0,	NULL,	'2016-03-03 09:49:01'),
(177,	0,	0,	'opi_TwEzG-db3S_NwTzgtZmVLKhw',	'',	'',	'',	'',	NULL,	'',	0,	'',	'',	'',	'',	0,	0,	0,	1,	0,	'',	'2016-03-03 18:08:47',	0,	0,	0,	NULL,	'2016-03-03 10:08:47'),
(178,	0,	0,	'opi_TwMt8UjiumSVJH8biAv8aKh4',	'',	'',	'',	'',	NULL,	'',	0,	'',	'',	'',	'',	0,	0,	0,	1,	0,	'',	'2016-03-03 18:11:31',	0,	0,	0,	NULL,	'2016-03-03 10:11:31'),
(179,	0,	0,	'opi_TwP1uiC1ammHj85xqbL6SkSA',	'',	'',	'',	'',	NULL,	'',	0,	'',	'',	'',	'',	0,	0,	0,	1,	0,	'',	'2016-03-03 18:12:35',	0,	0,	0,	NULL,	'2016-03-03 10:12:35'),
(180,	0,	0,	'',	'weizimebaby@qq.com',	'13393860905',	'',	'b0903c5423d09b7350e016d642c411ce',	NULL,	'',	0,	'',	'',	'',	'',	0,	0,	0,	1,	0,	'',	'2016-03-03 18:44:03',	0,	2,	0,	NULL,	'2016-03-03 10:44:03'),
(181,	0,	0,	'opi_TwHLW-aktP-92ELA7z5ya8hU',	'',	'',	'',	'',	NULL,	'',	0,	'',	'',	'',	'',	0,	0,	0,	1,	0,	'',	'2016-03-03 18:44:44',	0,	0,	0,	NULL,	'2016-03-03 10:44:44'),
(182,	0,	0,	'',	'yingda',	'18011344058',	'',	'7b907294f8d08b19a5861e59fc6cf136',	NULL,	'',	0,	'',	'',	'',	'',	0,	0,	0,	1,	0,	'',	'2016-03-03 18:49:12',	0,	2,	0,	NULL,	'2016-03-03 10:49:12'),
(183,	0,	0,	'opi_TwDpWaSjupSrOJR_T1RuX-3Y',	'',	'',	'',	'',	NULL,	'',	0,	'',	'',	'',	'',	0,	0,	0,	1,	0,	'',	'2016-03-03 20:51:44',	0,	0,	0,	NULL,	'2016-03-03 12:51:44'),
(184,	0,	0,	'opi_TwDqrpKSHTxlqP3SdZu_izUs',	'',	'',	'',	'',	NULL,	'',	0,	'',	'',	'',	'',	0,	0,	0,	1,	0,	'',	'2016-03-03 20:55:55',	0,	0,	0,	NULL,	'2016-03-03 12:55:55'),
(185,	0,	0,	'',	'豆豆',	'15732197800',	'',	'2dc2a2c742301563035d90ef842a54ce',	NULL,	'',	0,	'',	'',	'',	'',	0,	0,	0,	1,	0,	'',	'2016-03-03 22:09:06',	0,	2,	0,	NULL,	'2016-03-03 14:09:06'),
(186,	0,	0,	'opi_TwAPY2ApypSdhKt_EbFOlb6E',	'',	'',	'',	'',	NULL,	'',	0,	'',	'',	'',	'',	0,	0,	0,	1,	0,	'',	'2016-03-03 22:14:40',	0,	0,	0,	NULL,	'2016-03-03 14:14:40'),
(187,	0,	0,	'',	'小爱2020',	'13295047102',	'',	'dfdaed694386a4d60d3371a36aba0f54',	NULL,	'',	0,	'',	'',	'',	'',	0,	0,	0,	1,	0,	'',	'2016-03-04 08:29:24',	0,	2,	0,	NULL,	'2016-03-04 00:29:24'),
(188,	0,	0,	'',	'qwert',	'18860898338',	'',	'44973ddaae4cb8f17e73712d1dda561f',	NULL,	'',	0,	'',	'',	'',	'',	0,	0,	0,	1,	0,	'',	'2016-03-04 09:26:10',	0,	2,	0,	NULL,	'2016-03-04 01:26:10'),
(189,	0,	0,	'',	'shengdabaishi',	'18939527959',	'',	'04f2bd5e0ce529081e206da079ab7518',	NULL,	'',	0,	'',	'',	'',	'',	0,	0,	0,	1,	0,	'',	'2016-03-04 10:02:51',	0,	2,	0,	NULL,	'2016-03-04 02:02:51'),
(190,	0,	0,	'opi_TwJYYn2avQyVDHlnmF4vyHn0',	'',	'',	'',	'',	NULL,	'',	0,	'',	'',	'',	'',	0,	0,	0,	1,	0,	'',	'2016-03-04 10:40:14',	0,	0,	0,	NULL,	'2016-03-04 02:40:14'),
(191,	0,	0,	'',	'809600393@qq.com',	'18280535513',	'',	'2141f71b3658c8b8ab0ecb0c48db8386',	NULL,	'',	0,	'',	'',	'',	'',	0,	0,	0,	1,	0,	'',	'2016-03-04 10:53:55',	0,	2,	0,	NULL,	'2016-03-04 02:53:55'),
(192,	0,	0,	'',	'华立未来',	'18086527416',	'',	'36350bd75ce94f2c469585588e9caf6c',	NULL,	'',	0,	'',	'',	'',	'',	0,	0,	0,	1,	0,	'',	'2016-03-04 11:45:06',	0,	2,	0,	NULL,	'2016-03-04 03:45:06'),
(193,	0,	0,	'opi_TwC57PP4R2cABhSP85xqNQJk',	'',	'',	'',	'',	NULL,	'',	0,	'',	'',	'',	'',	0,	0,	0,	1,	0,	'',	'2016-03-04 12:13:07',	0,	0,	0,	NULL,	'2016-03-04 04:13:07'),
(194,	0,	0,	'opi_TwNmpnjI-IfNOWKKAprVs30Q',	'',	'',	'',	'',	NULL,	'',	0,	'',	'',	'',	'',	0,	0,	0,	1,	0,	'',	'2016-03-04 15:04:32',	0,	0,	0,	NULL,	'2016-03-04 07:04:32'),
(195,	0,	0,	'opi_TwIT36nT11yYbf79R0oxh5uA',	'',	'',	'',	'',	NULL,	'',	0,	'',	'',	'',	'',	0,	0,	0,	1,	0,	'',	'2016-03-04 15:34:53',	0,	0,	0,	NULL,	'2016-03-04 07:34:53'),
(196,	0,	0,	'opi_TwL0L6FEDblOk8u4Fn1Qzhug',	'Sunshine',	'',	'',	'',	NULL,	'http://wx.qlogo.cn/mmopen/FyGJ7IWG8IgpbiaHUZia7ILkMJOlIdHVUmITLdEulGNDOib6clpW2FVDgoeCpEsHBjmNppLvwq3NDGCdgwOMN1buDkxpofltxRD/0',	1,	'Pakistan',	'Sichuan',	'',	'zh_CN',	1,	0,	19,	1,	0,	'',	'2016-03-04 18:35:50',	19,	0,	0,	NULL,	'2016-03-13 15:32:11'),
(197,	0,	0,	'',	'信姐',	'18937120651',	'',	'4977cad0a7eedbd7083bb32f5ace4323',	NULL,	'',	0,	'',	'',	'',	'',	0,	0,	0,	1,	0,	'',	'2016-03-05 00:33:21',	0,	2,	0,	NULL,	'2016-03-04 16:33:21'),
(198,	0,	0,	'opi_TwH2jPPSRPEcHGcB0VSx5Jl0',	'',	'',	'',	'',	NULL,	'',	0,	'',	'',	'',	'',	0,	0,	0,	1,	0,	'',	'2016-03-05 15:27:17',	0,	0,	0,	NULL,	'2016-03-05 07:27:17'),
(199,	0,	0,	'opi_TwG_i0DtBGMxzbj4pKcR5QeA',	'',	'',	'',	'',	NULL,	'',	0,	'',	'',	'',	'',	0,	0,	0,	1,	0,	'',	'2016-03-05 16:17:01',	0,	0,	0,	NULL,	'2016-03-05 08:17:01'),
(200,	0,	0,	'opi_TwJmtffnSr7pEUeOAAfIWTqU',	'',	'',	'',	'',	NULL,	'',	0,	'',	'',	'',	'',	0,	0,	0,	1,	0,	'',	'2016-03-05 16:17:24',	0,	0,	0,	NULL,	'2016-03-05 08:17:24'),
(201,	0,	0,	'opi_TwLOwieoFOq4cu-dB6TH889I',	'',	'',	'',	'',	NULL,	'',	0,	'',	'',	'',	'',	0,	0,	0,	1,	0,	'',	'2016-03-05 16:38:56',	0,	0,	0,	NULL,	'2016-03-05 08:38:56'),
(202,	0,	0,	'opi_TwP9Xu7YhaveiTvVG3BVC9w0',	'',	'',	'',	'',	NULL,	'',	0,	'',	'',	'',	'',	0,	0,	0,	1,	0,	'',	'2016-03-05 16:45:05',	0,	0,	0,	NULL,	'2016-03-05 08:45:05'),
(203,	0,	0,	'opi_TwK_vAat8LkuS8f-TdAftlpY',	'',	'',	'',	'',	NULL,	'',	0,	'',	'',	'',	'',	0,	0,	0,	1,	0,	'',	'2016-03-05 16:47:49',	0,	0,	0,	NULL,	'2016-03-05 08:47:49'),
(204,	0,	0,	'',	'xinxiandai1993@sina.com',	'18515393342',	'',	'ad3dd2450c210fddcdc3826a053dd414',	NULL,	'',	0,	'',	'',	'',	'',	0,	0,	0,	1,	0,	'',	'2016-03-05 17:08:36',	0,	2,	0,	NULL,	'2016-03-05 09:08:36'),
(205,	0,	0,	'opi_TwF4wyqBvcgEBJIRF9MVvqF8',	'',	'',	'',	'',	NULL,	'',	0,	'',	'',	'',	'',	0,	0,	0,	1,	0,	'',	'2016-03-05 17:08:43',	0,	0,	0,	NULL,	'2016-03-05 09:08:43'),
(206,	0,	0,	'',	'sqxywbxh@sina.com',	'18515393342',	'',	'ada76bdb9ec9d52e02e64c1d30a6a4ea',	NULL,	'',	0,	'',	'',	'',	'',	0,	0,	0,	1,	0,	'',	'2016-03-05 17:10:09',	0,	2,	0,	NULL,	'2016-03-05 09:10:09'),
(207,	0,	0,	'opi_TwG1XeP3rGWeloT_fMRJmf7M',	'',	'',	'',	'',	NULL,	'',	0,	'',	'',	'',	'',	0,	0,	0,	1,	0,	'',	'2016-03-05 17:16:28',	1,	0,	0,	NULL,	'2016-03-06 05:30:03'),
(208,	0,	0,	'opi_TwBx4ORUqZGeMITtko1QRw4k',	'',	'',	'',	'',	NULL,	'',	0,	'',	'',	'',	'',	0,	0,	0,	1,	0,	'',	'2016-03-05 17:27:12',	0,	0,	0,	NULL,	'2016-03-05 09:27:12'),
(209,	0,	0,	'',	'97196636',	'18653590623',	'',	'5aefd25e5546aa6e38c2736f800f4c15',	NULL,	'',	0,	'',	'',	'',	'',	0,	0,	0,	1,	0,	'',	'2016-03-05 17:30:09',	0,	2,	0,	NULL,	'2016-03-05 09:30:09'),
(210,	0,	0,	'opi_TwCV_Tr1Ftgpv4S73NbeHyGk',	'',	'',	'',	'',	NULL,	'',	0,	'',	'',	'',	'',	0,	0,	0,	1,	0,	'',	'2016-03-05 18:38:40',	0,	0,	0,	NULL,	'2016-03-05 10:38:40'),
(211,	0,	0,	'',	'xay0501@qq.com',	'15279250570',	'',	'b41a6e5937ad660373113e9a07eebe3a',	NULL,	'',	0,	'',	'',	'',	'',	0,	0,	0,	1,	0,	'',	'2016-03-05 20:02:24',	0,	2,	0,	NULL,	'2016-03-05 12:02:24'),
(212,	0,	0,	'opi_TwBDBXJW2puetebjA8WqyPtA',	'',	'',	'',	'',	NULL,	'',	0,	'',	'',	'',	'',	0,	0,	0,	1,	0,	'',	'2016-03-05 20:21:05',	0,	0,	0,	NULL,	'2016-03-05 12:21:05'),
(213,	0,	0,	'',	'511951687@qq.com',	'18604411819',	'',	'db67126cbf99e95351882fead94e8f1c',	NULL,	'',	0,	'',	'',	'',	'',	0,	0,	0,	1,	0,	'',	'2016-03-05 20:55:35',	0,	2,	0,	NULL,	'2016-03-05 12:55:35'),
(214,	0,	0,	'opi_TwJK-0Aw-knaKb5UpgbNsNms',	'',	'',	'',	'',	NULL,	'',	0,	'',	'',	'',	'',	0,	0,	0,	1,	0,	'',	'2016-03-05 22:13:40',	0,	0,	0,	NULL,	'2016-03-05 14:13:40'),
(215,	0,	0,	'opi_TwJ4ZeZrZQlpKmZ8EsdgxAGE',	'',	'',	'',	'',	NULL,	'',	0,	'',	'',	'',	'',	0,	0,	0,	1,	0,	'',	'2016-03-05 22:32:00',	0,	0,	0,	NULL,	'2016-03-05 14:32:00'),
(216,	0,	0,	'opi_TwJeesaan900nTjW-fj0zxU4',	'',	'',	'',	'',	NULL,	'',	0,	'',	'',	'',	'',	0,	0,	0,	1,	0,	'',	'2016-03-06 08:12:27',	0,	0,	0,	NULL,	'2016-03-06 00:12:27'),
(217,	0,	0,	'opi_TwKb-iqM_YQXv0QnNqaQKM20',	'',	'',	'',	'',	NULL,	'',	0,	'',	'',	'',	'',	0,	0,	0,	1,	0,	'',	'2016-03-06 09:03:14',	6,	0,	0,	NULL,	'2016-03-06 01:35:49'),
(218,	0,	0,	'opi_TwOiHjTRy-wrJr91tE1KsHek',	'',	'',	'',	'',	NULL,	'',	0,	'',	'',	'',	'',	0,	0,	0,	1,	0,	'',	'2016-03-06 10:52:43',	0,	0,	0,	NULL,	'2016-03-06 02:52:43'),
(219,	0,	0,	'opi_TwM7VC0TaCjiOmry--qHSVYY',	'',	'',	'',	'',	NULL,	'',	0,	'',	'',	'',	'',	0,	0,	0,	1,	0,	'',	'2016-03-06 11:21:16',	0,	0,	0,	NULL,	'2016-03-06 03:21:16'),
(220,	0,	0,	'opi_TwEaXGs31dsFwGsQpJmksNTw',	'',	'',	'',	'',	NULL,	'',	0,	'',	'',	'',	'',	0,	0,	0,	1,	0,	'',	'2016-03-06 11:52:10',	0,	0,	0,	NULL,	'2016-03-06 03:52:10'),
(221,	0,	0,	'opi_TwC0PbIwdEsbLYYEDb_OMoos',	'',	'',	'',	'',	NULL,	'',	0,	'',	'',	'',	'',	0,	0,	0,	1,	0,	'',	'2016-03-06 12:36:56',	0,	0,	0,	NULL,	'2016-03-06 04:36:56'),
(222,	0,	0,	'',	'13486646393',	'13486646393',	'',	'8aa319fdaaab835ca69927c73cbf875b',	NULL,	'',	0,	'',	'',	'',	'',	0,	0,	0,	1,	0,	'',	'2016-03-06 14:26:02',	0,	2,	0,	NULL,	'2016-03-06 06:26:02'),
(223,	0,	0,	'opi_TwN95iOVP_E6DjZTA0L3oJX0',	'',	'',	'',	'',	NULL,	'',	0,	'',	'',	'',	'',	0,	0,	0,	1,	0,	'',	'2016-03-06 14:39:56',	0,	0,	0,	NULL,	'2016-03-06 06:39:56'),
(224,	0,	0,	'opi_TwGY8i9bw2WMW5QEaNd_DfoY',	'',	'',	'',	'',	NULL,	'',	0,	'',	'',	'',	'',	0,	0,	0,	1,	0,	'',	'2016-03-06 17:10:08',	0,	0,	0,	NULL,	'2016-03-06 09:10:08'),
(225,	0,	0,	'o9eByw7dZg9_uAJEffHQh_4FK2kA',	'深水炸弹',	'',	'',	'',	NULL,	'http://wx.qlogo.cn/mmopen/cOfMIO7Xkic5ick24JfuJF4NFTVwmsmGnQ247OuoWc7cf0phnvLicaPRKicjGAVvAbuv8k4vxic9Ipu3NUkjywznB0PQmjHS3Eepa/0',	1,	'郑州',	'河南',	'',	'zh_CN',	1,	0,	0,	1,	0,	'',	'2016-03-06 18:54:49',	0,	0,	0,	NULL,	'2016-03-06 11:06:29'),
(226,	0,	0,	'',	'machao',	'18295190220',	'',	'f6f9ffb08b2574a1a864eebe4076b0f5',	NULL,	'',	0,	'',	'',	'',	'',	0,	0,	0,	1,	0,	'',	'2016-03-06 19:04:51',	0,	2,	0,	NULL,	'2016-03-06 11:04:51'),
(227,	0,	0,	'opi_TwOJnsOjGKDRpZmKIJk5O7Wc',	'',	'',	'',	'',	NULL,	'',	0,	'',	'',	'',	'',	0,	0,	0,	1,	0,	'',	'2016-03-06 20:53:36',	0,	0,	0,	NULL,	'2016-03-06 12:53:36'),
(228,	0,	0,	'',	'z785976928',	'15606057006',	'',	'8fd37aa28010f0a8c25d11914ed0ec5f',	NULL,	'',	0,	'',	'',	'',	'',	0,	0,	0,	1,	0,	'',	'2016-03-06 21:32:35',	0,	2,	0,	NULL,	'2016-03-06 13:32:35'),
(229,	0,	0,	'opi_TwLbm0y3Px2PeSZeZwdGLSsU',	'',	'',	'',	'',	NULL,	'',	0,	'',	'',	'',	'',	0,	0,	0,	1,	0,	'',	'2016-03-06 23:15:16',	0,	0,	0,	NULL,	'2016-03-06 15:15:16'),
(230,	0,	0,	'opi_TwPfHAJuOKokEZOygfKsdmiQ',	'',	'',	'',	'',	NULL,	'',	0,	'',	'',	'',	'',	0,	0,	0,	1,	0,	'',	'2016-03-06 23:49:48',	0,	0,	0,	NULL,	'2016-03-06 15:49:48'),
(231,	0,	0,	'',	'15836247999',	'15836247999',	'',	'fe1a10e4576c9db0b40e26b9ffa38ea5',	NULL,	'',	0,	'',	'',	'',	'',	0,	0,	0,	1,	0,	'',	'2016-03-07 08:37:11',	0,	2,	0,	NULL,	'2016-03-07 00:37:11'),
(232,	0,	0,	'opi_TwIXu6x7q2NniqY4HNY359Qc',	'',	'',	'',	'',	NULL,	'',	0,	'',	'',	'',	'',	0,	0,	0,	1,	0,	'',	'2016-03-07 09:55:29',	0,	0,	0,	NULL,	'2016-03-07 01:55:29'),
(233,	0,	0,	'',	'as1102asd',	'18242521573',	'',	'229928bbd8d21d98b43d8bb0ef658d2e',	NULL,	'',	0,	'',	'',	'',	'',	0,	0,	0,	1,	0,	'',	'2016-03-07 11:12:57',	0,	2,	0,	NULL,	'2016-03-07 03:12:57'),
(234,	0,	0,	'opi_TwAAhhO1dif9PpKaC6VKST2w',	'',	'',	'',	'',	NULL,	'',	0,	'',	'',	'',	'',	0,	0,	0,	1,	0,	'',	'2016-03-07 11:20:37',	0,	0,	0,	NULL,	'2016-03-07 03:20:37'),
(235,	0,	0,	'',	'15868839196',	'15868839196',	'',	'0636be2018472ab070f31575a9a956bf',	NULL,	'',	0,	'',	'',	'',	'',	0,	0,	0,	1,	0,	'',	'2016-03-07 11:21:30',	0,	2,	0,	NULL,	'2016-03-07 03:21:30'),
(236,	0,	0,	'',	'hsxy1088',	'13131878519',	'',	'aafff810d3cac1b6d5d2f3e7836bf4e2',	NULL,	'',	0,	'',	'',	'',	'',	0,	0,	0,	1,	0,	'',	'2016-03-07 11:35:37',	0,	2,	0,	NULL,	'2016-03-07 03:35:37'),
(237,	0,	0,	'opi_TwPDen5aiqZYgDXDOK0hmcdY',	'',	'',	'',	'',	NULL,	'',	0,	'',	'',	'',	'',	0,	0,	0,	1,	0,	'',	'2016-03-07 11:48:57',	0,	0,	0,	NULL,	'2016-03-07 03:48:57'),
(238,	0,	0,	'opi_TwKdC7jCN4y9oVOQ7YA-ILDI',	'',	'',	'',	'',	NULL,	'',	0,	'',	'',	'',	'',	0,	0,	0,	1,	0,	'',	'2016-03-07 12:49:46',	0,	0,	0,	NULL,	'2016-03-07 04:49:46'),
(239,	0,	0,	'opi_TwNJTY6T1lJZBhNE9uQjwB88',	'',	'',	'',	'',	NULL,	'',	0,	'',	'',	'',	'',	0,	0,	0,	1,	0,	'',	'2016-03-07 13:26:20',	0,	0,	0,	NULL,	'2016-03-07 05:26:20'),
(240,	0,	0,	'opi_TwOdyHVVDSZiJwdmwmmfj24E',	'',	'',	'',	'',	NULL,	'',	0,	'',	'',	'',	'',	0,	0,	0,	1,	0,	'',	'2016-03-07 19:35:46',	0,	0,	0,	NULL,	'2016-03-07 11:35:46'),
(241,	0,	0,	'opi_TwJjfp7szktn8LChykuJ_Sp0',	'',	'',	'',	'',	NULL,	'',	0,	'',	'',	'',	'',	0,	0,	0,	1,	0,	'',	'2016-03-07 20:03:27',	0,	0,	0,	NULL,	'2016-03-07 12:03:27'),
(242,	0,	0,	'opi_TwIUGqVaSm7rMf5xzvN_NcHg',	'',	'',	'',	'',	NULL,	'',	0,	'',	'',	'',	'',	0,	0,	0,	1,	0,	'',	'2016-03-08 08:33:04',	0,	0,	0,	NULL,	'2016-03-08 00:33:04'),
(243,	0,	0,	'opi_TwL_-07cqDoAxpCH_jkgw8tM',	'',	'',	'',	'',	NULL,	'',	0,	'',	'',	'',	'',	0,	0,	0,	1,	0,	'',	'2016-03-08 09:17:56',	0,	0,	0,	NULL,	'2016-03-08 01:17:56'),
(244,	0,	0,	'opi_TwDNAsW9SYKgsnNbLohFELN4',	'',	'',	'',	'',	NULL,	'',	0,	'',	'',	'',	'',	0,	0,	0,	1,	0,	'',	'2016-03-08 09:37:23',	0,	0,	0,	NULL,	'2016-03-08 01:37:23'),
(245,	0,	0,	'opi_TwLmsPOkpskpNFpxKUwTbrAs',	'',	'',	'',	'',	NULL,	'',	0,	'',	'',	'',	'',	0,	0,	0,	1,	0,	'',	'2016-03-08 10:29:58',	0,	0,	0,	NULL,	'2016-03-08 02:29:58'),
(246,	0,	0,	'opi_TwP3gwsrDwPNIou4k6IWxBTA',	'',	'',	'',	'',	NULL,	'',	0,	'',	'',	'',	'',	0,	0,	0,	1,	0,	'',	'2016-03-08 10:57:57',	0,	0,	0,	NULL,	'2016-03-08 02:57:57'),
(247,	0,	0,	'opi_TwIZJdnLjyRdoP_ze1WojAk8',	'',	'',	'',	'',	NULL,	'',	0,	'',	'',	'',	'',	0,	0,	0,	1,	0,	'',	'2016-03-08 11:03:36',	0,	0,	0,	NULL,	'2016-03-08 03:03:36'),
(248,	0,	0,	'opi_TwM4kkASQkypvm69ToazmnYk',	'',	'',	'',	'',	NULL,	'',	0,	'',	'',	'',	'',	0,	0,	0,	1,	0,	'',	'2016-03-08 11:46:53',	0,	0,	0,	NULL,	'2016-03-08 03:46:53'),
(249,	0,	0,	'opi_TwEpjv5mJt8sgXfV_7x106Jg',	'',	'',	'',	'',	NULL,	'',	0,	'',	'',	'',	'',	0,	0,	0,	1,	0,	'',	'2016-03-08 14:10:33',	0,	0,	0,	NULL,	'2016-03-08 06:10:33'),
(250,	0,	0,	'opi_TwMzC7kAfMipDXtzgZLsjnxA',	'',	'',	'',	'',	NULL,	'',	0,	'',	'',	'',	'',	0,	0,	0,	1,	0,	'',	'2016-03-08 15:14:13',	0,	0,	0,	NULL,	'2016-03-08 07:14:13'),
(251,	0,	0,	'opi_TwA5-h8YfnHZ8YXj2U0zTfiE',	'',	'',	'',	'',	NULL,	'',	0,	'',	'',	'',	'',	0,	0,	0,	1,	0,	'',	'2016-03-08 16:53:08',	0,	0,	0,	NULL,	'2016-03-08 08:53:08'),
(252,	0,	0,	'opi_TwDxyBe9XoAnVX3Vg0S5-NA4',	'',	'',	'',	'',	NULL,	'',	0,	'',	'',	'',	'',	0,	0,	0,	1,	0,	'',	'2016-03-08 16:54:38',	0,	0,	0,	NULL,	'2016-03-08 08:54:38'),
(253,	0,	0,	'opi_TwEx8l-5xDlhSCS0PYA_NqZE',	'',	'',	'',	'',	NULL,	'',	0,	'',	'',	'',	'',	0,	0,	0,	1,	0,	'',	'2016-03-08 17:26:18',	0,	0,	0,	NULL,	'2016-03-08 09:26:18'),
(254,	0,	0,	'opi_TwHB4xeCflybIvseYLF1NBBY',	'',	'',	'',	'',	NULL,	'',	0,	'',	'',	'',	'',	0,	0,	0,	1,	0,	'',	'2016-03-08 17:40:08',	0,	0,	0,	NULL,	'2016-03-08 09:40:08'),
(255,	0,	0,	'',	'gongshangxueyuan',	'13297028007',	'',	'8e75acac24c9a57dbd00e6a91740e7b4',	NULL,	'',	0,	'',	'',	'',	'',	0,	0,	0,	1,	0,	'',	'2016-03-08 18:07:18',	0,	2,	0,	NULL,	'2016-03-08 10:07:18'),
(256,	0,	0,	'opi_TwBSMqQ-SRUz8XE9k4aYxcGQ',	'',	'',	'',	'',	NULL,	'',	0,	'',	'',	'',	'',	0,	0,	0,	1,	0,	'',	'2016-03-08 19:23:04',	0,	0,	0,	NULL,	'2016-03-08 11:23:04'),
(257,	0,	0,	'opi_TwOLGEbYn4loPwMR-qt4kUkg',	'',	'',	'',	'',	NULL,	'',	0,	'',	'',	'',	'',	0,	0,	0,	1,	0,	'',	'2016-03-08 19:44:42',	0,	0,	0,	NULL,	'2016-03-08 11:44:42'),
(258,	0,	0,	'opi_TwFvp44g2eOV1xMhHnwei4jI',	'',	'',	'',	'',	NULL,	'',	0,	'',	'',	'',	'',	0,	0,	0,	1,	0,	'',	'2016-03-08 20:00:08',	0,	0,	0,	NULL,	'2016-03-08 12:00:08'),
(259,	0,	0,	'opi_TwMcOP1M6MF_aQdYCa9hQX7Y',	'',	'',	'',	'',	NULL,	'',	0,	'',	'',	'',	'',	0,	0,	0,	1,	0,	'',	'2016-03-09 07:55:30',	0,	0,	0,	NULL,	'2016-03-08 23:55:30'),
(260,	0,	0,	'',	'郑州烧烤超市',	'13525572192',	'',	'e10adc3949ba59abbe56e057f20f883e',	NULL,	'',	0,	'',	'',	'',	'',	0,	0,	0,	1,	0,	'',	'2016-03-09 11:14:42',	0,	2,	0,	NULL,	'2016-03-09 03:14:42'),
(261,	0,	0,	'opi_TwNx_PB1cbVccfuEvx9W4KpE',	'',	'',	'',	'',	NULL,	'',	0,	'',	'',	'',	'',	0,	0,	0,	1,	0,	'',	'2016-03-09 11:48:09',	0,	0,	0,	NULL,	'2016-03-09 03:48:09'),
(262,	0,	0,	'opi_TwMbOI_ODcL3ZIuU-ZruD2Wk',	'',	'',	'',	'',	NULL,	'',	0,	'',	'',	'',	'',	0,	0,	0,	1,	0,	'',	'2016-03-09 11:48:40',	0,	0,	0,	NULL,	'2016-03-09 03:48:40'),
(263,	0,	0,	'opi_TwOQJKrEndt5b5jOenHS_d_8',	'',	'',	'',	'',	NULL,	'',	0,	'',	'',	'',	'',	0,	0,	0,	1,	0,	'',	'2016-03-09 11:57:59',	0,	0,	0,	NULL,	'2016-03-09 03:57:59'),
(264,	0,	0,	'opi_TwCcOOsgo4OZDPyM3VNFIPT8',	'',	'',	'',	'',	NULL,	'',	0,	'',	'',	'',	'',	0,	0,	0,	1,	0,	'',	'2016-03-09 12:16:32',	0,	0,	0,	NULL,	'2016-03-09 04:16:32'),
(265,	0,	0,	'opi_TwKKp-1bdsY50tG1vK_OA_Uc',	'',	'',	'',	'',	NULL,	'',	0,	'',	'',	'',	'',	0,	0,	0,	1,	0,	'',	'2016-03-09 12:38:22',	0,	0,	0,	NULL,	'2016-03-09 04:38:22'),
(266,	0,	0,	'opi_TwBuMICPr23ysfemtteWhRgY',	'',	'',	'',	'',	NULL,	'',	0,	'',	'',	'',	'',	0,	0,	0,	1,	0,	'',	'2016-03-09 12:43:15',	0,	0,	0,	NULL,	'2016-03-09 04:43:15'),
(267,	0,	0,	'',	'sswodeyouxiang@126.com',	'18280535513',	'',	'9488011ea2942d53efafc3499b5c4bbd',	NULL,	'',	0,	'',	'',	'',	'',	0,	0,	0,	1,	1,	'',	'2016-03-09 13:09:12',	0,	2,	0,	NULL,	'2016-03-10 09:01:38'),
(268,	0,	0,	'opi_TwDZT9WWXjM8CBJB2LF52v5I',	'',	'',	'',	'',	NULL,	'',	0,	'',	'',	'',	'',	0,	0,	0,	1,	0,	'',	'2016-03-09 14:11:24',	0,	0,	0,	NULL,	'2016-03-09 06:11:24'),
(269,	0,	0,	'opi_TwMCvyThdmw3t2cFPzoeGR2I',	'',	'',	'',	'',	NULL,	'',	0,	'',	'',	'',	'',	0,	0,	0,	1,	0,	'',	'2016-03-09 14:29:03',	1,	0,	0,	NULL,	'2016-03-09 06:30:17'),
(270,	0,	0,	'opi_TwHOfF9hrcwHFZNmj_zCzXs0',	'',	'',	'',	'',	NULL,	'',	0,	'',	'',	'',	'',	0,	0,	0,	1,	0,	'',	'2016-03-09 15:13:49',	0,	0,	0,	NULL,	'2016-03-09 07:13:49'),
(271,	0,	0,	'',	'15651799688',	'15651799688',	'',	'61cfadbfe62ca94aa8ae52698fe556a7',	NULL,	'',	0,	'',	'',	'',	'',	0,	0,	0,	1,	0,	'',	'2016-03-09 17:57:08',	0,	2,	0,	NULL,	'2016-03-09 09:57:08'),
(272,	0,	0,	'opi_TwK-wi-pnPmHMVlw9z9kzVxA',	'',	'',	'',	'',	NULL,	'',	0,	'',	'',	'',	'',	0,	0,	0,	1,	0,	'',	'2016-03-09 17:57:43',	1,	0,	0,	NULL,	'2016-03-12 12:11:23'),
(273,	0,	0,	'opi_TwDT4fkanLGoiQX965K9Ok3Q',	'',	'',	'',	'',	NULL,	'',	0,	'',	'',	'',	'',	0,	0,	0,	1,	0,	'',	'2016-03-09 17:57:51',	0,	0,	0,	NULL,	'2016-03-09 09:57:51'),
(274,	0,	0,	'opi_TwCuImSgZylMinZbaJVEd7gU',	'',	'',	'',	'',	NULL,	'',	0,	'',	'',	'',	'',	0,	0,	0,	1,	0,	'',	'2016-03-09 18:08:02',	0,	0,	0,	NULL,	'2016-03-09 10:08:02'),
(275,	0,	0,	'ois_bwkTgiS4jhqEPZ8nMKrV2uQA',	'邵凯华',	'',	'',	'',	NULL,	'http://wx.qlogo.cn/mmopen/FyGJ7IWG8IhWoTkfLlcicOSib6sxHdRa6aAdbpr2iaK7k1m9fyPrEBh9ZRzuXuw3vgw0t4Np1gZfd0FF2fkPuibTkaDticib6w6Unic/0',	1,	'信阳',	'河南',	'',	'zh_CN',	1,	0,	0,	1,	0,	'',	'2016-03-09 18:33:03',	0,	0,	0,	NULL,	'2016-03-11 01:52:50'),
(276,	0,	0,	'ois_bwuwYIwnCuhLaUujhXHnTxMs',	'Sunshine',	'',	'',	'',	NULL,	'http://wx.qlogo.cn/mmopen/FyGJ7IWG8IgpbiaHUZia7ILkMJOlIdHVUmITLdEulGNDOib6clpW2FVDgoeCpEsHBjmNppLvwq3NDGCdgwOMN1buDkxpofltxRD/0',	1,	'巴中',	'四川',	'',	'zh_CN',	0,	0,	0,	1,	0,	'',	'2016-03-09 18:56:37',	0,	0,	0,	NULL,	'2016-03-14 01:09:40'),
(277,	0,	0,	'opi_TwMEBN_gl5ETZ6GPPqUqrAI0',	'',	'',	'',	'',	NULL,	'',	0,	'',	'',	'',	'',	0,	0,	0,	1,	0,	'',	'2016-03-09 18:56:51',	0,	0,	0,	NULL,	'2016-03-09 10:56:51'),
(278,	0,	0,	'ois_bwmg2Qx-d7bP-_rKrg8IrxmQ',	'AI.何青.wemall',	'',	'',	'',	NULL,	'http://wx.qlogo.cn/mmopen/ajNVdqHZLLB77wpDoIcmQtk5GHNpJD3bBaW6St2Af9yomaTyT7akxFRekmNHNTygorS8tboeqGhqUYvBDNcL5Q/0',	1,	'',	'劳斯',	'',	'zh_CN',	1,	0,	0,	1,	0,	'',	'2016-03-09 19:06:11',	0,	0,	0,	NULL,	'2016-03-11 01:31:27'),
(279,	0,	0,	'opi_TwGxMRg_YUbB4O1ZNdTeSnyY',	'Acute袁飞????',	'',	'',	'',	NULL,	'http://wx.qlogo.cn/mmopen/FyGJ7IWG8IiaLJgOfHMjGnDJAtpibQ2pUPoiaM7nq5yJiabiaTCUTr11xzeXOIPM5PiaX6ryT0mibicp3z48jWFHxxq9w7WR2zykaxNI/0',	1,	'',	'',	'',	'zh_CN',	1,	0,	0,	1,	0,	'',	'2016-03-09 19:25:59',	0,	0,	0,	NULL,	'2016-03-10 12:16:19'),
(280,	0,	0,	'ois_bwnLT0XjKMp-tQS32BckR3zQ',	'我是哇哦！我是邓佳????',	'',	'',	'',	NULL,	'http://wx.qlogo.cn/mmopen/jhhKw5fEYamsmZbEuZPdxnfp6GHScEvqTGWeZX5PsaHlmNXzVPnPdLWWia8bLAhwm5FOEYFyG2x2iczVcDwYcE7PEyNSWdd2Re/0',	1,	'南充',	'四川',	'',	'zh_CN',	1,	0,	0,	1,	0,	'',	'2016-03-09 19:32:06',	0,	0,	0,	NULL,	'2016-03-09 11:32:06'),
(281,	0,	0,	'opi_TwNVvO-kZmvt2RxacmiaBjHU',	'',	'',	'',	'',	NULL,	'',	0,	'',	'',	'',	'',	0,	0,	0,	1,	0,	'',	'2016-03-09 19:32:12',	0,	0,	0,	NULL,	'2016-03-09 11:32:12'),
(282,	0,	0,	'opi_TwLUUJTXFSi9adLUklk9Nv4M',	'',	'',	'',	'',	NULL,	'',	0,	'',	'',	'',	'',	0,	0,	0,	1,	0,	'',	'2016-03-09 19:41:28',	0,	0,	0,	NULL,	'2016-03-09 11:41:28'),
(283,	0,	0,	'opi_TwFxBds_QVqhzOTAIkVK8Alc',	'',	'',	'',	'',	NULL,	'',	0,	'',	'',	'',	'',	0,	0,	0,	1,	0,	'',	'2016-03-09 19:44:50',	0,	0,	0,	NULL,	'2016-03-09 11:44:50'),
(284,	0,	0,	'',	'何青青',	'15378708792',	'',	'e89e679f1eb4b03f341f8409c4cd68cb',	NULL,	'',	0,	'',	'',	'',	'',	0,	0,	0,	1,	0,	'',	'2016-03-09 19:53:11',	0,	2,	0,	NULL,	'2016-03-09 11:53:11'),
(285,	0,	0,	'ois_bwu1UJBrlqT_HGIvfQQCA6aY',	'小朋友゜',	'',	'',	'',	NULL,	'http://wx.qlogo.cn/mmopen/xXu3u96z7Ck6j9IYu68AsdqhAOCIUyLXsDanpoyLG3icGgnhWHM5fX40JMqxicCYpqlPAxwvoRia4f6ZaIuJzPT6BFBHE1Q1VgC/0',	2,	'',	'',	'',	'zh_CN',	1,	0,	0,	1,	0,	'',	'2016-03-09 19:53:17',	0,	0,	0,	NULL,	'2016-03-09 11:53:17'),
(286,	0,	0,	'ois_bwvzOXEH4nViHiw-Lc83v5aM',	'为爱啟程，落英缤纷',	'',	'',	'',	NULL,	'http://wx.qlogo.cn/mmopen/FyGJ7IWG8Igu9w7bqFBcWqcPzD4CIHGa7E6DzrPoY7cYgwRCJeMFKYcaseHFxWIibGPE7jK6nehZNibLSjibvicYklAibdoe0GZ9e/0',	1,	'成都',	'四川',	'',	'zh_CN',	1,	0,	0,	1,	0,	'',	'2016-03-09 20:22:05',	0,	0,	0,	NULL,	'2016-03-09 12:22:05'),
(287,	0,	0,	'ois_bwv1XKa6zEPJQOgiOsDdYEoI',	'#ty',	'',	'',	'',	NULL,	'http://wx.qlogo.cn/mmopen/FyGJ7IWG8IiayMiciaTicqiajYvwMHHOg4bAgLpLvHsO91leBNz2ibh4BB5Tv7KUb8uTWQKIYL8uUibwuACxe92hDREzPvPXia9jaicYF/0',	1,	'',	'',	'',	'zh_CN',	1,	0,	0,	1,	0,	'',	'2016-03-09 20:22:22',	0,	0,	0,	NULL,	'2016-03-09 12:22:22'),
(288,	0,	0,	'opi_TwBaXXrOcz30ZskmCcvGuK4U',	'#ty',	'',	'',	'',	NULL,	'http://wx.qlogo.cn/mmopen/FyGJ7IWG8IiayMiciaTicqiajYvwMHHOg4bAgLpLvHsO91leBNz2ibh4BB5Tv7KUb8uTWQKIYL8uUibwuACxe92hDREzPvPXia9jaicYF/0',	1,	'',	'',	'',	'zh_CN',	1,	0,	0,	1,	0,	'',	'2016-03-09 20:22:27',	0,	0,	0,	NULL,	'2016-03-09 12:22:29'),
(289,	0,	0,	'opi_TwKnNANovVQxAd3Enc4V1hhM',	'为爱啟程，落英缤纷',	'',	'',	'',	NULL,	'http://wx.qlogo.cn/mmopen/FyGJ7IWG8Igu9w7bqFBcWqcPzD4CIHGa7E6DzrPoY7cYgwRCJeMFKYcaseHFxWIibGPE7jK6nehZNibLSjibvicYklAibdoe0GZ9e/0',	1,	'Chengdu',	'Sichuan',	'',	'zh_CN',	1,	0,	0,	1,	0,	'',	'2016-03-09 20:22:52',	0,	0,	0,	NULL,	'2016-03-09 12:22:53'),
(290,	0,	0,	'opi_TwM7mx50uLnk0aBb1JB0Qbik',	'',	'',	'',	'',	NULL,	'',	0,	'',	'',	'',	'',	0,	0,	0,	1,	0,	'',	'2016-03-09 20:26:03',	0,	0,	0,	NULL,	'2016-03-09 12:26:03'),
(291,	0,	0,	'ois_bwjKxtGrdLrbsZqnCB0xo_j4',	'烈酒灼喉_傅谨言',	'',	'',	'',	NULL,	'http://wx.qlogo.cn/mmopen/7ib8Nhc1U7iadEmomBm3FrWRMk83HEpytn6LJlfu9hTLbpsgibJTL8POA72C4ZIfXrjpU8qHwtgjSBPlEpBRKAzn1vkXOUP4Uxm/0',	0,	'',	'',	'',	'zh_CN',	1,	0,	0,	1,	0,	'',	'2016-03-09 20:32:27',	0,	0,	0,	NULL,	'2016-03-09 12:32:27'),
(292,	0,	0,	'opi_TwN79ElquBhWG7CAUAJ0crzc',	'烈酒灼喉_傅谨言',	'',	'',	'',	NULL,	'http://wx.qlogo.cn/mmopen/7ib8Nhc1U7iadEmomBm3FrWRMk83HEpytn6LJlfu9hTLbpsgibJTL8POA72C4ZIfXrjpU8qHwtgjSBPlEpBRKAzn1vkXOUP4Uxm/0',	0,	'',	'',	'',	'zh_CN',	1,	0,	0,	1,	0,	'',	'2016-03-09 20:32:36',	0,	0,	0,	NULL,	'2016-03-09 12:32:37'),
(293,	0,	0,	'opi_TwBkuq9M6qwzayAkQlWMjkDk',	'难事',	'',	'',	'',	NULL,	'http://wx.qlogo.cn/mmopen/xXu3u96z7CnUZJjzagIRyepribsjLFJha5gVYh5zzlkXGUWeqIYeoFBRmC1wSck9BLm4OoWJPmJENkia2acWc1wBrkxbmM6Deic/0',	1,	'',	'',	'',	'zh_CN',	1,	0,	1,	1,	0,	'',	'2016-03-09 20:43:26',	1,	0,	0,	NULL,	'2016-03-10 03:13:16'),
(294,	0,	0,	'ois_bwjoPOadCPUTbRJl4wyHmHT8',	'',	'',	'',	'',	NULL,	'http://wx.qlogo.cn/mmopen/Ib5852jAybicsWic943ibiczzdWbic27Nc0edCMJGwy1uk80PhMjvIFRgPr5cIoWZ6eEoedxXI8Esataf4RNvELaWFw/0',	2,	'',	'',	'',	'zh_CN',	1,	0,	0,	1,	0,	'',	'2016-03-09 20:48:33',	0,	0,	0,	NULL,	'2016-03-09 12:48:33'),
(295,	0,	0,	'opi_TwEjUlMnDXXPq1cW2aiNgpro',	'',	'',	'',	'',	NULL,	'http://wx.qlogo.cn/mmopen/Ib5852jAybicsWic943ibiczzdWbic27Nc0edCMJGwy1uk80PhMjvIFRgPr5cIoWZ6eEoedxXI8Esataf4RNvELaWFw/0',	2,	'',	'',	'',	'zh_CN',	1,	0,	0,	1,	0,	'',	'2016-03-09 20:48:39',	0,	0,	0,	NULL,	'2016-03-09 12:48:40'),
(296,	0,	0,	'ois_bwkxOHhPAEpl4zFNCeBSLvz4',	'加名',	'',	'',	'',	NULL,	'http://wx.qlogo.cn/mmopen/RIKTZdhRD1UTM5eCOUp7a1PHntWUgwWq34qQWOAILl1p0IaibP0shq4syWZ8qdQhJ3PhJiclhojx4C4tMqdjZJxbb5aWXHeHjw/0',	1,	'德阳',	'四川',	'',	'zh_CN',	1,	0,	0,	1,	0,	'',	'2016-03-09 20:59:34',	0,	0,	0,	NULL,	'2016-03-09 12:59:34'),
(297,	0,	0,	'opi_TwBprcswhITmuGF_pQCu75Uw',	'加名',	'',	'',	'',	NULL,	'http://wx.qlogo.cn/mmopen/RIKTZdhRD1UTM5eCOUp7a1PHntWUgwWq34qQWOAILl1p0IaibP0shq4syWZ8qdQhJ3PhJiclhojx4C4tMqdjZJxbb5aWXHeHjw/0',	1,	'Deyang',	'Sichuan',	'',	'zh_CN',	1,	0,	3,	1,	0,	'',	'2016-03-09 20:59:44',	3,	0,	0,	NULL,	'2016-03-12 00:26:57'),
(298,	0,	0,	'ois_bwm4K27ZDWTCvxOhWAhaxO-0',	'52267',	'',	'',	'',	NULL,	'http://wx.qlogo.cn/mmopen/Q3auHgzwzM7rQZeyM1jibKX1rIYBrNRYSGzHgXGqLiaiaZPbVy01JwzLHXibryiccLTD0qDWBdgthc0y0c94xWHBRVNYqzfdf0nFWCjssfJmweTA/0',	1,	'乐山',	'四川',	'',	'zh_CN',	1,	0,	0,	1,	0,	'',	'2016-03-09 21:02:24',	0,	0,	0,	NULL,	'2016-03-09 13:02:24'),
(299,	0,	0,	'opi_TwGDKNhwx2qN4ObctEISRcHg',	'52267',	'',	'',	'',	NULL,	'http://wx.qlogo.cn/mmopen/RIKTZdhRD1UTM5eCOUp7aw7oJFaYMpvpicB4gxN0OkCJhRRJk4pINdBzmX68GDXNmt7lBzC3xRyskEyCviaLlSb3cvSXn3uc2X/0',	1,	'Leshan',	'Sichuan',	'',	'zh_CN',	1,	0,	0,	1,	0,	'',	'2016-03-09 21:03:33',	0,	0,	0,	NULL,	'2016-03-11 04:13:34'),
(300,	0,	0,	'ois_bwvxVsKszNCN0sn5YYE4Au0c',	'丶苦中作乐丶',	'',	'',	'',	NULL,	'http://wx.qlogo.cn/mmopen/PiajxSqBRaELL5uTSaWKF13tkcicHsavHkNe3LZJjlMNBzx3sJ0oUDxykA5qibfERCooDArBXAyxZuEGW5XYh6SzIGUQwCH7MWKQ6BVj0E7Cibk/0',	1,	'资阳',	'四川',	'',	'zh_CN',	1,	0,	0,	1,	0,	'',	'2016-03-09 21:11:45',	0,	0,	0,	NULL,	'2016-03-09 13:11:45'),
(301,	0,	0,	'opi_TwKTl15oQN-DzvMHdoIgZwxg',	'丶苦中作乐丶',	'',	'',	'',	NULL,	'http://wx.qlogo.cn/mmopen/PiajxSqBRaELL5uTSaWKF13tkcicHsavHkNe3LZJjlMNBzx3sJ0oUDxykA5qibfERCooDArBXAyxZuEGW5XYh6SzIGUQwCH7MWKQ6BVj0E7Cibk/0',	1,	'Ziyang',	'Sichuan',	'',	'zh_CN',	1,	0,	0,	1,	0,	'',	'2016-03-09 21:11:54',	0,	0,	0,	NULL,	'2016-03-09 13:11:56'),
(302,	0,	0,	'opi_TwALIBxTzrQFHmg_BMxNP1uo',	'',	'',	'',	'',	NULL,	'',	0,	'',	'',	'',	'',	0,	0,	0,	1,	0,	'',	'2016-03-09 21:12:36',	0,	0,	0,	NULL,	'2016-03-09 13:12:36'),
(303,	0,	0,	'opi_TwFQDhH64IkmQZY3scPqWtCo',	'',	'',	'',	'',	NULL,	'',	0,	'',	'',	'',	'',	0,	0,	0,	1,	0,	'',	'2016-03-09 21:13:28',	0,	0,	0,	NULL,	'2016-03-09 13:13:28'),
(304,	0,	0,	'ois_bwtCMfLDyzkMZIxElfiQfgxQ',	'ZI',	'',	'',	'',	NULL,	'http://wx.qlogo.cn/mmopen/xXu3u96z7ClLVa6zqvSSjibP3icBtfTOebib9GGeNiaK2ShyLEOZbHGhSIceLw91jRrwtyXnibcFyNmzEc9dqReck2LFkWzvFqhDic/0',	1,	'成都',	'四川',	'',	'zh_CN',	1,	0,	0,	1,	0,	'',	'2016-03-09 21:19:25',	0,	0,	0,	NULL,	'2016-03-09 13:19:25'),
(305,	0,	0,	'opi_TwDsnEfUN3ZYCPmNPsyLV3uY',	'ZI',	'',	'',	'',	NULL,	'http://wx.qlogo.cn/mmopen/xXu3u96z7ClLVa6zqvSSjibP3icBtfTOebib9GGeNiaK2ShyLEOZbHGhSIceLw91jRrwtyXnibcFyNmzEc9dqReck2LFkWzvFqhDic/0',	1,	'Chengdu',	'Sichuan',	'',	'zh_CN',	1,	0,	0,	1,	0,	'',	'2016-03-09 21:19:31',	0,	0,	0,	NULL,	'2016-03-09 13:19:32'),
(306,	0,	0,	'opi_TwC-WaUWSGbWzo6qPfDVjS1M',	'明天',	'',	'',	'',	NULL,	'http://wx.qlogo.cn/mmopen/7ib8Nhc1U7iafTdJe9Yax7g66MQsg9rYw6bR32ITWcZmTE4HRl8yEBSqJzIbblzGicmL5xHSlMj3vVLxoqKg2mOtiabKXwHjf0Vc/0',	2,	'Zigong',	'Sichuan',	'',	'zh_CN',	1,	0,	0,	1,	0,	'',	'2016-03-09 21:19:38',	0,	0,	0,	NULL,	'2016-03-09 13:19:40'),
(307,	0,	0,	'opi_TwK9MbFXW-WXtizTTiKw-4ps',	'',	'',	'',	'',	NULL,	'',	0,	'',	'',	'',	'',	0,	0,	0,	1,	0,	'',	'2016-03-09 21:24:03',	0,	0,	0,	NULL,	'2016-03-09 13:24:03'),
(308,	0,	0,	'ois_bwu7cIibHdP15tM-vYS2zhxw',	'年少轻狂的青春ζ',	'',	'',	'',	NULL,	'http://wx.qlogo.cn/mmopen/ajNVdqHZLLDEyhMJSicArcNH2eCYWPVnrH5BkhFEiaDxKqKb8juXToz9mIFhyDNPfm6iaLHZ9Bh6gvZvoD85nkDpQ/0',	1,	'广元',	'四川',	'',	'zh_CN',	1,	0,	0,	1,	0,	'',	'2016-03-09 21:27:26',	0,	0,	0,	NULL,	'2016-03-09 13:27:26'),
(309,	0,	0,	'ois_bwgcQk_w4M5_cTFIE8IQKdzg',	'an',	'',	'',	'',	NULL,	'http://wx.qlogo.cn/mmopen/xXu3u96z7ClEnsFpicaygxGuayKzoHbo1Kian5ibtsvpxpicDmjd6ibBe8vg5ztUMGurNcuf5bkKttFfsuTBTOrdibwNXYemdJeRXl/0',	1,	'南充',	'四川',	'',	'zh_CN',	1,	0,	0,	1,	0,	'',	'2016-03-09 21:27:35',	0,	0,	0,	NULL,	'2016-03-09 13:27:35'),
(310,	0,	0,	'opi_TwM8uCpewvNO-Ws7ZO5VW5to',	'年少轻狂的青春ζ',	'',	'',	'',	NULL,	'http://wx.qlogo.cn/mmopen/ajNVdqHZLLDEyhMJSicArcNH2eCYWPVnrH5BkhFEiaDxKqKb8juXToz9mIFhyDNPfm6iaLHZ9Bh6gvZvoD85nkDpQ/0',	1,	'Guangyuan',	'Sichuan',	'',	'zh_CN',	1,	0,	0,	1,	0,	'',	'2016-03-09 21:27:37',	0,	0,	0,	NULL,	'2016-03-09 13:27:38'),
(311,	0,	0,	'opi_TwFMmNn3_wcBtHn0R8c6MIsE',	'',	'',	'',	'',	NULL,	'',	0,	'',	'',	'',	'',	0,	0,	0,	1,	0,	'',	'2016-03-09 21:27:48',	0,	0,	0,	NULL,	'2016-03-09 13:27:48'),
(312,	0,	0,	'ois_bwsKZZnGXmB7RZ72z7r1ZMFk',	'ゑ を あ',	'',	'',	'',	NULL,	'http://wx.qlogo.cn/mmopen/urC1LWEaQrkVTZAicWICdqZj9XQo1HbZhrnlNib7xpoWWTd8ThkThok8BhZcnBkYx9vbO9lWLKEcRqva4MSZPKWMNhd6gIANoW/0',	2,	'广安',	'四川',	'',	'zh_CN',	1,	0,	0,	1,	0,	'',	'2016-03-09 21:27:48',	0,	0,	0,	NULL,	'2016-03-09 13:27:48'),
(313,	0,	0,	'opi_TwI5D0lPw3r2RdP9pom_B_7E',	'ゑ を あ',	'',	'',	'',	NULL,	'http://wx.qlogo.cn/mmopen/urC1LWEaQrkVTZAicWICdqZj9XQo1HbZhrnlNib7xpoWWTd8ThkThok8BhZcnBkYx9vbO9lWLKEcRqva4MSZPKWMNhd6gIANoW/0',	2,	'Kwong',	'Sichuan',	'',	'zh_CN',	1,	0,	0,	1,	0,	'',	'2016-03-09 21:28:13',	0,	0,	0,	NULL,	'2016-03-09 13:28:14'),
(314,	0,	0,	'ois_bwl-OnVhMFkULhKRVN8d1S5U',	'斌彬',	'',	'',	'',	NULL,	'http://wx.qlogo.cn/mmopen/FyGJ7IWG8IiayMiciaTicqiajYqugBZR2NyUjyicncQDAMYtWjpwNTH0YrLX4AtLbpv2PicrmkjHeCIMwYOibfeEQ9hAJ74vibbzTssXH/0',	1,	'成都',	'四川',	'',	'en',	0,	0,	0,	1,	0,	'',	'2016-03-09 21:36:58',	0,	0,	0,	NULL,	'2016-03-09 14:27:38'),
(315,	0,	0,	'opi_TwJ6lFx505mewuqNsx8Fh6BA',	'斌彬',	'',	'',	'',	NULL,	'http://wx.qlogo.cn/mmopen/FyGJ7IWG8IiayMiciaTicqiajYqugBZR2NyUjyicncQDAMYtWjpwNTH0YrLX4AtLbpv2PicrmkjHeCIMwYOibfeEQ9hAJ74vibbzTssXH/0',	1,	'Chengdu',	'Sichuan',	'',	'en',	1,	0,	0,	1,	0,	'',	'2016-03-09 21:37:05',	0,	0,	0,	NULL,	'2016-03-09 13:37:06'),
(316,	0,	0,	'ois_bwm5SJ_95RK8zyzwC-X1ecvU',	'低调淡淡',	'',	'',	'',	NULL,	'http://wx.qlogo.cn/mmopen/Ib5852jAybictI6L7ETvsUILBUxSV34d6SC9WzPlsbVcIjM8PPLAcywPtW7eR6PUsM9cp4yrFYvyicOCFWHiaJMUA/0',	1,	'成都',	'四川',	'',	'zh_CN',	1,	0,	0,	1,	0,	'',	'2016-03-09 21:41:15',	0,	0,	0,	NULL,	'2016-03-09 13:41:15'),
(317,	0,	0,	'opi_TwBcStfkqtfrOJsw_r6fnu34',	'低调淡淡',	'',	'',	'',	NULL,	'http://wx.qlogo.cn/mmopen/Ib5852jAybictI6L7ETvsUILBUxSV34d6SC9WzPlsbVcIjM8PPLAcywPtW7eR6PUsM9cp4yrFYvyicOCFWHiaJMUA/0',	1,	'Chengdu',	'Sichuan',	'',	'zh_CN',	1,	0,	0,	1,	0,	'',	'2016-03-09 21:41:21',	0,	0,	0,	NULL,	'2016-03-09 13:42:06'),
(318,	0,	0,	'opi_TwJ8dvJRMEkmli-Si-O3wkEM',	'悦',	'',	'',	'',	NULL,	'http://wx.qlogo.cn/mmopen/xXu3u96z7CkvWNI53aUh2tZzfH95XMH8tjvHS2quebeP0rm9IJDic6u9tSC8kFfcVmcBor8xNLibRZpPdSN8jnhlCLTPdaNGVw/0',	0,	'',	'',	'',	'zh_CN',	1,	0,	0,	1,	0,	'',	'2016-03-09 22:03:55',	0,	0,	0,	NULL,	'2016-03-09 14:03:57'),
(319,	0,	0,	'ois_bwqaHJWUYGjF71NBG9mYTsbA',	'杜玲',	'',	'',	'',	NULL,	'http://wx.qlogo.cn/mmopen/Xiarh1nCpkzPbB9G2Y1ZSNpWFaia83K2Q3S1zEW0gsxwxH9ZkiaDOlK4aITq05qAUl03bibnibZzPM2xGN45vDJ5MibKY1ib45h3JGR/0',	2,	'南充',	'四川',	'',	'zh_CN',	1,	0,	0,	1,	0,	'',	'2016-03-09 22:11:16',	0,	0,	0,	NULL,	'2016-03-09 14:11:16'),
(320,	0,	0,	'opi_TwAd6pLEJ36VPdPPIU3jiunI',	'杜玲',	'',	'',	'',	NULL,	'http://wx.qlogo.cn/mmopen/Xiarh1nCpkzPbB9G2Y1ZSNpWFaia83K2Q3S1zEW0gsxwxH9ZkiaDOlK4aITq05qAUl03bibnibZzPM2xGN45vDJ5MibKY1ib45h3JGR/0',	2,	'Nanchong',	'Sichuan',	'',	'zh_CN',	1,	0,	0,	1,	0,	'',	'2016-03-09 22:11:23',	0,	0,	0,	NULL,	'2016-03-09 14:11:24'),
(321,	0,	0,	'ois_bwizXAVN9cLMgtGlbRf2JH0Q',	'平昌倍耐力轮胎服务中心',	'',	'',	'',	NULL,	'http://wx.qlogo.cn/mmopen/PiajxSqBRaELDGf5ibUkwQfPfBbpbbz9DHcgdlb9OktvteiaX22k4EeXQPxpicia5fTBsyXoa2Tm0eg75uHVeE4ps3g/0',	1,	'巴中',	'四川',	'',	'zh_CN',	1,	0,	0,	1,	0,	'',	'2016-03-09 22:23:53',	0,	0,	0,	NULL,	'2016-03-09 14:23:53'),
(322,	0,	0,	'opi_TwPun_VwqShXjo_HvcFznivs',	'平昌倍耐力轮胎服务中心',	'',	'',	'',	NULL,	'http://wx.qlogo.cn/mmopen/PiajxSqBRaELDGf5ibUkwQfPfBbpbbz9DHcgdlb9OktvteiaX22k4EeXQPxpicia5fTBsyXoa2Tm0eg75uHVeE4ps3g/0',	1,	'Pakistan',	'Sichuan',	'',	'zh_CN',	1,	0,	0,	1,	0,	'',	'2016-03-09 22:23:57',	0,	0,	0,	NULL,	'2016-03-09 14:23:58'),
(323,	0,	0,	'ois_bwnPcmOnIoDP0KS_606cDCos',	'暖暖。',	'',	'',	'',	NULL,	'http://wx.qlogo.cn/mmopen/xXu3u96z7Ck6j9IYu68AsYbkMSZBK1ia9o2mkEJdQ2iaKHSqQyEh7sHgib83UVbDlCEVfbbUsFaae1iaschpXZJCRmKlUvreucue/0',	2,	'成都',	'四川',	'',	'zh_CN',	1,	0,	0,	1,	0,	'',	'2016-03-09 22:25:09',	0,	0,	0,	NULL,	'2016-03-09 14:25:09'),
(324,	0,	0,	'opi_TwMSDSEJCWvBK6vTp4pb5ojU',	'Timeless',	'',	'',	'',	NULL,	'http://wx.qlogo.cn/mmopen/Ib5852jAybicn7A7ItsX68TbZHISwcCnwHV8B9ianf4aovJJXCor5scPSbLDaPSV0MgQZjo0kw7DfdKmF6HvBiaNyKclpkWDcyx/0',	1,	'Chengdu',	'Sichuan',	'',	'zh_CN',	1,	0,	0,	1,	0,	'',	'2016-03-09 22:25:41',	0,	0,	0,	NULL,	'2016-03-09 14:25:42'),
(325,	0,	0,	'ois_bwov-O7IxenLmM4m6bmyfR6k',	'猫扑扑不到的幸福',	'',	'',	'',	NULL,	'http://wx.qlogo.cn/mmopen/4A5zWWwbicKUtZOjnYMJ6cIRproCxfgs9PR0Xh404wicvpaiaMYrEwYTPFOibWqUicLzYwgzccibAiaibRDAhXcNZmvThII1Cwdl0wXs/0',	1,	'绵阳',	'四川',	'',	'zh_CN',	1,	0,	0,	1,	0,	'',	'2016-03-09 23:00:33',	0,	0,	0,	NULL,	'2016-03-09 15:00:33'),
(326,	0,	0,	'opi_TwMmXSF996YqLmcHvfMSIWeQ',	'猫扑扑不到的幸福',	'',	'',	'',	NULL,	'http://wx.qlogo.cn/mmopen/4A5zWWwbicKUtZOjnYMJ6cIRproCxfgs9PR0Xh404wicvpaiaMYrEwYTPFOibWqUicLzYwgzccibAiaibRDAhXcNZmvThII1Cwdl0wXs/0',	1,	'Mianyang',	'Sichuan',	'',	'zh_CN',	1,	0,	0,	1,	0,	'',	'2016-03-09 23:00:53',	0,	0,	0,	NULL,	'2016-03-09 15:00:54'),
(327,	0,	0,	'opi_TwEcwQjunj9u4QRqDvSj8JUA',	'',	'',	'',	'',	NULL,	'',	0,	'',	'',	'',	'',	0,	0,	0,	1,	0,	'',	'2016-03-09 23:09:06',	0,	0,	0,	NULL,	'2016-03-09 15:09:06'),
(328,	0,	0,	'ois_bwixMc7LHwXjyfor0sqHgems',	'6636CX',	'',	'',	'',	NULL,	'http://wx.qlogo.cn/mmopen/7ib8Nhc1U7iafAkVohA8cnyhL5ADBlVGwPtEEGplISaXRdUp4UKzH2fwEZy8OfYAFy5ibJuwFQWHRwjp3plvoGNHmMq9ibOmw52d/0',	2,	'',	'',	'',	'zh_CN',	1,	0,	0,	1,	0,	'',	'2016-03-09 23:10:46',	0,	0,	0,	NULL,	'2016-03-09 15:10:46'),
(329,	0,	0,	'opi_TwCV9UNGaliqcLNKdBdmnBYw',	'',	'',	'',	'',	NULL,	'',	0,	'',	'',	'',	'',	0,	0,	0,	1,	0,	'',	'2016-03-09 23:17:47',	0,	0,	0,	NULL,	'2016-03-09 15:17:47'),
(330,	0,	0,	'ois_bwirHq1y2COPnyQD03DLWSf4',	'唥眼观迣鎅',	'',	'',	'',	NULL,	'http://wx.qlogo.cn/mmopen/xXu3u96z7Clt3MciaLWJF7LGn1Jpia4r0stBfTsCIRoB3o3QXCKI5Zv1TMiczEX51ictJg8ugoXPoTMKhnAt8EQnzHpflag4Hmso/0',	1,	'宜宾',	'四川',	'',	'zh_CN',	1,	0,	0,	1,	0,	'',	'2016-03-09 23:20:22',	0,	0,	0,	NULL,	'2016-03-09 15:20:22'),
(331,	0,	0,	'opi_TwAEwjMaCyOPSs_l4iWMgicw',	'唥眼观迣鎅',	'',	'',	'',	NULL,	'http://wx.qlogo.cn/mmopen/xXu3u96z7Clt3MciaLWJF7LGn1Jpia4r0stBfTsCIRoB3o3QXCKI5Zv1TMiczEX51ictJg8ugoXPoTMKhnAt8EQnzHpflag4Hmso/0',	1,	'Yibin',	'Sichuan',	'',	'zh_CN',	1,	0,	0,	1,	0,	'',	'2016-03-09 23:21:14',	0,	0,	0,	NULL,	'2016-03-09 15:21:15'),
(332,	0,	0,	'ois_bwkl1Oi0YIA4p3e-xqN4Sd68',	'小白',	'',	'',	'',	NULL,	'http://wx.qlogo.cn/mmopen/PiajxSqBRaEJxH0riacFo1tZImXdL0JkkTOHndWvJWMmzcSDw0502GIiaZTVWRucIy5XiaNvThu6dNiauYibVc4icXSSQ/0',	0,	'',	'',	'',	'zh_CN',	1,	0,	0,	1,	0,	'',	'2016-03-09 23:21:26',	0,	0,	0,	NULL,	'2016-03-09 15:21:26'),
(333,	0,	0,	'ois_bwvI3Y-lVLwriVTSFI2Z6mI8',	'阿順丶',	'',	'',	'',	NULL,	'http://wx.qlogo.cn/mmopen/Ib5852jAyb96coNJ3QR0y5bgu4euwzW1uc7MZ0Mq3P8hyBljmAylia7zge1ZsHc3oIKJHWjnxqQaibtBaO5eHm4azxjkb2qw7n/0',	1,	'德阳',	'四川',	'',	'zh_CN',	1,	0,	0,	1,	0,	'',	'2016-03-09 23:21:39',	0,	0,	0,	NULL,	'2016-03-09 15:21:39'),
(334,	0,	0,	'opi_TwJQXY_Q7y1JpkeXDhTYk_aM',	'小白',	'',	'',	'',	NULL,	'http://wx.qlogo.cn/mmopen/PiajxSqBRaEJxH0riacFo1tZImXdL0JkkTOHndWvJWMmzcSDw0502GIiaZTVWRucIy5XiaNvThu6dNiauYibVc4icXSSQ/0',	0,	'',	'',	'',	'zh_CN',	1,	0,	0,	1,	0,	'',	'2016-03-09 23:21:41',	0,	0,	0,	NULL,	'2016-03-09 15:21:42'),
(335,	0,	0,	'opi_TwEn22nhthV_uW0M3Medg98g',	'阿順丶',	'',	'',	'',	NULL,	'http://wx.qlogo.cn/mmopen/Ib5852jAyb96coNJ3QR0y5bgu4euwzW1uc7MZ0Mq3P8hyBljmAylia7zge1ZsHc3oIKJHWjnxqQaibtBaO5eHm4azxjkb2qw7n/0',	1,	'Deyang',	'Sichuan',	'',	'zh_CN',	1,	0,	0,	1,	0,	'',	'2016-03-09 23:22:04',	0,	0,	0,	NULL,	'2016-03-09 15:22:05'),
(336,	0,	0,	'opi_TwC3maqh43r0RmZDmmYR9HUk',	'暖暖。',	'',	'',	'',	NULL,	'http://wx.qlogo.cn/mmopen/xXu3u96z7Ck6j9IYu68AsYbkMSZBK1ia9o2mkEJdQ2iaKHSqQyEh7sHgib83UVbDlCEVfbbUsFaae1iaschpXZJCRmKlUvreucue/0',	2,	'Chengdu',	'Sichuan',	'',	'zh_CN',	1,	0,	0,	1,	0,	'',	'2016-03-09 23:23:39',	0,	0,	0,	NULL,	'2016-03-09 15:23:40'),
(337,	0,	0,	'opi_TwBWFXsnHxLpRG-4gHj0tI_A',	'',	'',	'',	'',	NULL,	'',	0,	'',	'',	'',	'',	0,	0,	0,	1,	0,	'',	'2016-03-09 23:38:14',	0,	0,	0,	NULL,	'2016-03-09 15:38:14'),
(338,	0,	0,	'opi_TwA6Boyndw4xlEGlce5hIBNw',	'6636CX',	'',	'',	'',	NULL,	'http://wx.qlogo.cn/mmopen/7ib8Nhc1U7iafAkVohA8cnyhL5ADBlVGwPtEEGplISaXRdUp4UKzH2fwEZy8OfYAFy5ibJuwFQWHRwjp3plvoGNHmMq9ibOmw52d/0',	2,	'',	'',	'',	'zh_CN',	1,	0,	0,	1,	0,	'',	'2016-03-09 23:52:09',	0,	0,	0,	NULL,	'2016-03-09 15:52:10'),
(339,	0,	0,	'opi_TwNDAsnejC6_NqlZ9SdBIKM4',	'',	'',	'',	'',	NULL,	'',	0,	'',	'',	'',	'',	0,	0,	0,	1,	0,	'',	'2016-03-10 06:34:45',	0,	0,	0,	NULL,	'2016-03-09 22:34:45'),
(340,	0,	0,	'opi_TwE8gT3JBh7w0bs97Xtpu6nw',	'',	'',	'',	'',	NULL,	'',	0,	'',	'',	'',	'',	0,	0,	0,	1,	0,	'',	'2016-03-10 07:09:01',	0,	0,	0,	NULL,	'2016-03-09 23:09:01'),
(341,	0,	0,	'opi_TwF168QAvEONfIDjHbWSRCMc',	'',	'',	'',	'',	NULL,	'',	0,	'',	'',	'',	'',	0,	0,	0,	1,	0,	'',	'2016-03-10 07:27:33',	0,	0,	0,	NULL,	'2016-03-09 23:27:33'),
(342,	0,	0,	'ois_bwgFrISLNhe17c9hh9eRWYj0',	'我好方`',	'',	'',	'',	NULL,	'http://wx.qlogo.cn/mmopen/7ib8Nhc1U7iadU6pXKAnxTRSktuh2muQibg5JDTFejvI2MPULiaEKzibbGPeyBjLav7MvVQ52iaoibyke9sq34Bbdmgt897PSCrN8iaR/0',	1,	'',	'',	'',	'zh_CN',	1,	0,	0,	1,	0,	'',	'2016-03-10 07:27:48',	0,	0,	0,	NULL,	'2016-03-09 23:27:48'),
(343,	0,	0,	'opi_TwBk5n7uIEc1F9WZG-fmggT4',	'@脸皮质量好',	'',	'',	'',	NULL,	'http://wx.qlogo.cn/mmopen/7ib8Nhc1U7iadU6pXKAnxTRSktuh2muQibg5JDTFejvI2MPULiaEKzibbGPeyBjLav7MvVQ52iaoibyke9sq34Bbdmgt897PSCrN8iaR/0',	1,	'',	'',	'',	'zh_CN',	1,	0,	4,	1,	0,	'',	'2016-03-10 07:27:56',	1,	0,	0,	NULL,	'2016-03-13 12:12:46'),
(344,	0,	0,	'opi_TwM_yyxAG2kvZnWtn8DxPkdo',	'stare',	'',	'',	'',	NULL,	'http://wx.qlogo.cn/mmopen/Q3auHgzwzM4ypfxME2TmwHnWWqroeJPrWV1VdEvwhgmLW5roicQtzWX1OcIDrMNCHJCb42tM9IInd85VgibmtLvMQQljicAkRiayfMlw1CSCRso/0',	1,	'Pakistan',	'Sichuan',	'',	'zh_CN',	1,	0,	37,	1,	0,	'',	'2016-03-10 07:44:07',	4,	0,	0,	NULL,	'2016-03-12 01:47:56'),
(345,	0,	0,	'opi_TwNiA7yjb7ed7pj04VL8J3II',	'',	'',	'',	'',	NULL,	'',	0,	'',	'',	'',	'',	0,	0,	0,	1,	0,	'',	'2016-03-10 08:19:00',	0,	0,	0,	NULL,	'2016-03-10 00:19:00'),
(346,	0,	0,	'ois_bwlywPqfa1ikD3glARUbrYTU',	'穿鞋子的猫',	'',	'',	'',	NULL,	'http://wx.qlogo.cn/mmopen/7ib8Nhc1U7iade5SfiaicWb8PnD9OX4d3TsOXsp5owl9trEwibibI0jAM5zib5SFcnTLfaiaTIVrmAic00mGHau0TlfKMn4DPbEdo8agh/0',	1,	'德阳',	'四川',	'',	'zh_CN',	1,	0,	0,	1,	0,	'',	'2016-03-10 09:20:58',	0,	0,	0,	NULL,	'2016-03-10 01:20:58'),
(347,	0,	0,	'opi_TwIzlYqF6NSHyNl3aEKzxfwQ',	'穿鞋子的猫',	'',	'',	'',	NULL,	'http://wx.qlogo.cn/mmopen/7ib8Nhc1U7iade5SfiaicWb8PnD9OX4d3TsOXsp5owl9trEwibibI0jAM5zib5SFcnTLfaiaTIVrmAic00mGHau0TlfKMn4DPbEdo8agh/0',	1,	'Deyang',	'Sichuan',	'',	'zh_CN',	1,	0,	0,	1,	0,	'',	'2016-03-10 09:21:19',	0,	0,	0,	NULL,	'2016-03-10 01:21:21'),
(348,	0,	0,	'ois_bwlQQ9qvP8xIWrBaUMf0Lcxw',	'W',	'',	'',	'',	NULL,	'http://wx.qlogo.cn/mmopen/7ib8Nhc1U7iadO80zcriaobv03jPztQBB3pBfyDVicnLlibKUwPWicq9FKicrxswK9tx3gZ5ibVVwLYvqkDic1q2Vv3XWkcF66z4ictRA9/0',	1,	'德阳',	'四川',	'',	'zh_CN',	1,	0,	0,	1,	0,	'',	'2016-03-10 09:24:32',	0,	0,	0,	NULL,	'2016-03-10 01:24:32'),
(349,	0,	0,	'opi_TwM_uTECV2NiA-94PjXQGQFU',	'W',	'',	'',	'',	NULL,	'http://wx.qlogo.cn/mmopen/7ib8Nhc1U7iadO80zcriaobv03jPztQBB3pBfyDVicnLlibKUwPWicq9FKicrxswK9tx3gZ5ibVVwLYvqkDic1q2Vv3XWkcF66z4ictRA9/0',	1,	'Deyang',	'Sichuan',	'',	'zh_CN',	1,	0,	0,	1,	0,	'',	'2016-03-10 09:24:48',	0,	0,	0,	NULL,	'2016-03-10 01:24:50'),
(350,	0,	0,	'ois_bwssQOPROG2uF8g8H5ZtAflA',	'似水流年～方',	'',	'',	'',	NULL,	'http://wx.qlogo.cn/mmopen/7ib8Nhc1U7iae7yYWjz46XTJeISHKicl1GxkxEPxWphxlnzp6bk33Gsj3uaicEkV20licuxYUGY9ryXeIlN8xzbV7vQibichKR4n4EH/0',	2,	'',	'四川',	'',	'zh_CN',	1,	0,	0,	1,	0,	'',	'2016-03-10 10:12:24',	0,	0,	0,	NULL,	'2016-03-10 02:12:24'),
(351,	0,	0,	'ois_bwmH911YFSGhaGFQppYWrznw',	'刘巧',	'',	'',	'',	NULL,	'http://wx.qlogo.cn/mmopen/xXu3u96z7CmhtxpE9ltK36tKzEPdzjaibszgrNicEuJFQ1L8Er0Nu1g3PRc4Pjic4BiaCHfh680L5SZicTibXLmnqKHQg2kQ95s4YE/0',	2,	'南充',	'四川',	'',	'zh_CN',	1,	0,	0,	1,	0,	'',	'2016-03-10 10:14:46',	0,	0,	0,	NULL,	'2016-03-10 02:14:46'),
(352,	0,	0,	'opi_TwKDzpMdpfOzbcbWNzap3jPQ',	'',	'',	'',	'',	NULL,	'',	0,	'',	'',	'',	'',	0,	0,	0,	1,	0,	'',	'2016-03-10 10:25:45',	0,	0,	0,	NULL,	'2016-03-10 02:25:45'),
(353,	0,	0,	'ois_bwuH4a7jW3BcCWmrGgztgfVE',	'星.星°',	'',	'',	'',	NULL,	'http://wx.qlogo.cn/mmopen/7ib8Nhc1U7iafCMXPEia7JA57HEnPRbUgcf4Ha09QuAUEU7HE1Pg5eictapAHFunicOGekmfzdtibEUI3xOyx6HZ8jQfeevyIDQ68U/0',	1,	'',	'四川',	'',	'zh_CN',	1,	0,	0,	1,	0,	'',	'2016-03-10 10:31:27',	0,	0,	0,	NULL,	'2016-03-10 02:31:27'),
(354,	0,	0,	'opi_TwB0XkgA49y3VYR4yVvQpMks',	'星.星°',	'',	'',	'',	NULL,	'http://wx.qlogo.cn/mmopen/7ib8Nhc1U7iafCMXPEia7JA57HEnPRbUgcf4Ha09QuAUEU7HE1Pg5eictapAHFunicOGekmfzdtibEUI3xOyx6HZ8jQfeevyIDQ68U/0',	1,	'',	'Sichuan',	'',	'zh_CN',	1,	0,	0,	1,	0,	'',	'2016-03-10 10:31:33',	0,	0,	0,	NULL,	'2016-03-10 02:31:35'),
(355,	0,	0,	'',	'千伶百俐',	'15730313182',	'',	'6092d391a6ae36001e43f6857811fc20',	NULL,	'',	0,	'',	'',	'',	'',	0,	0,	0,	1,	0,	'',	'2016-03-10 10:58:46',	0,	2,	0,	NULL,	'2016-03-10 02:58:46'),
(356,	0,	0,	'ois_bwkNOPF9zhVZsK1THpGDKgjM',	'Mr.Z.',	'',	'',	'',	NULL,	'http://wx.qlogo.cn/mmopen/ekbZRkfvgokIzAJhYNiaasgib0FiauH8Ht1am5GDCnEcbo0yAHu0nibSJJgZ71ia3bhTXmrViac8H3xNRMQNLUOYtJMlq0QFz1iaxpL/0',	1,	'成都',	'四川',	'',	'zh_CN',	1,	0,	0,	1,	0,	'',	'2016-03-10 11:57:51',	0,	0,	0,	NULL,	'2016-03-10 03:57:51'),
(357,	0,	0,	'opi_TwM-B4zD8a1j4bkwneb4ym6Y',	'Mr.Z.',	'',	'',	'',	NULL,	'http://wx.qlogo.cn/mmopen/ekbZRkfvgokIzAJhYNiaasgib0FiauH8Ht1am5GDCnEcbo0yAHu0nibSJJgZ71ia3bhTXmrViac8H3xNRMQNLUOYtJMlq0QFz1iaxpL/0',	1,	'Chengdu',	'Sichuan',	'',	'zh_CN',	1,	0,	1,	1,	0,	'',	'2016-03-10 11:57:57',	1,	0,	0,	NULL,	'2016-03-11 11:10:06'),
(358,	0,	0,	'ois_bwtY5DJ089MC4ydYoJE8RL6s',	'雨逝',	'',	'',	'',	NULL,	'http://wx.qlogo.cn/mmopen/Ib5852jAybibDqIgPzshT2aJc0jPLW8gWpz8xr78sgbXWW9OPfxSxVNEFiaP2u8ylaW73TgzlFWzjHYKCW60lJykDZ7t1djNbY/0',	0,	'',	'',	'',	'zh_CN',	1,	0,	0,	1,	0,	'',	'2016-03-10 12:01:19',	0,	0,	0,	NULL,	'2016-03-10 04:01:19'),
(359,	0,	0,	'opi_TwBjnOfWarMWtbpG4CFEf5sU',	'雨逝',	'',	'',	'',	NULL,	'http://wx.qlogo.cn/mmopen/Ib5852jAybibDqIgPzshT2aJc0jPLW8gWpz8xr78sgbXWW9OPfxSxVNEFiaP2u8ylaW73TgzlFWzjHYKCW60lJykDZ7t1djNbY/0',	0,	'',	'',	'',	'zh_CN',	1,	0,	0,	1,	0,	'',	'2016-03-10 12:01:28',	0,	0,	0,	NULL,	'2016-03-10 04:01:29'),
(360,	0,	0,	'ois_bwnFgt0ykK5M6IRT83c3SeNA',	'勿依勿念，一世心安。',	'',	'',	'',	NULL,	'http://wx.qlogo.cn/mmopen/7ib8Nhc1U7iaf3VcvSh7KEOqwofBib8rvzibkqnnCia7I9L8PIS2iaYPvlJ6FibT07H9eps7rjLYduxpHlu8AkklW1xVsGUzM1lqAOn/0',	2,	'',	'',	'',	'zh_CN',	1,	0,	0,	1,	0,	'',	'2016-03-10 12:04:51',	0,	0,	0,	NULL,	'2016-03-10 04:04:51'),
(361,	0,	0,	'opi_TwI7ztLvyGrXwE1r4myP83bM',	'勿依勿念，一世心安。',	'',	'',	'',	NULL,	'http://wx.qlogo.cn/mmopen/7ib8Nhc1U7iaf3VcvSh7KEOqwofBib8rvzibkqnnCia7I9L8PIS2iaYPvlJ6FibT07H9eps7rjLYduxpHlu8AkklW1xVsGUzM1lqAOn/0',	2,	'',	'',	'',	'zh_CN',	1,	0,	0,	1,	0,	'',	'2016-03-10 12:04:56',	0,	0,	0,	NULL,	'2016-03-10 04:04:58'),
(362,	0,	0,	'ois_bwkzQiVMs1MTxys1fPnBqa4A',	'流年缱绻、',	'',	'',	'',	NULL,	'http://wx.qlogo.cn/mmopen/AibTFU4oGHFicVa2rRDfZBDOSkX7ibzGhic4pCp2gOu4Mdib9JLBaHckdoibPaPHDeBDZL1kic5DiaKgPE8ialqAKiaQbEpaK6RbEr8icOJ/0',	1,	'',	'台北市',	'',	'zh_CN',	1,	0,	0,	1,	0,	'',	'2016-03-10 12:10:17',	0,	0,	0,	NULL,	'2016-03-10 04:10:17'),
(363,	0,	0,	'opi_TwP7eHiT2k-SOLIwXF_SLZfQ',	'流年缱绻、',	'',	'',	'',	NULL,	'http://wx.qlogo.cn/mmopen/AibTFU4oGHFicVa2rRDfZBDOSkX7ibzGhic4pCp2gOu4Mdib9JLBaHckdoibPaPHDeBDZL1kic5DiaKgPE8ialqAKiaQbEpaK6RbEr8icOJ/0',	1,	'',	'',	'',	'zh_CN',	1,	0,	0,	1,	0,	'',	'2016-03-10 12:10:24',	0,	0,	0,	NULL,	'2016-03-10 04:10:25'),
(364,	0,	0,	'ois_bwtECefLSaR7wOVOXUuPtIu4',	'WLT',	'',	'',	'',	NULL,	'',	0,	'',	'',	'',	'zh_CN',	1,	0,	0,	1,	0,	'',	'2016-03-10 12:55:45',	0,	0,	0,	NULL,	'2016-03-10 04:55:45'),
(365,	0,	0,	'opi_TwHqH1j_ei27uxkw35r6PZZU',	'WLT',	'',	'',	'',	NULL,	'',	0,	'',	'',	'',	'zh_CN',	1,	0,	0,	1,	0,	'',	'2016-03-10 12:55:52',	0,	0,	0,	NULL,	'2016-03-10 04:55:54'),
(366,	0,	0,	'ois_bwk3vuRepyaQGx2EGCf7K4JQ',	'陈MonT',	'',	'',	'',	NULL,	'http://wx.qlogo.cn/mmopen/PiajxSqBRaELyZu6fw7NSOPIaKY2PxiaUQb8uJiacJKN951lo9hK26AWO98Oofwrp8wibud5D08cJlj8b8bfibbt9OA/0',	2,	'德阳',	'四川',	'',	'zh_CN',	1,	0,	0,	1,	0,	'',	'2016-03-10 13:16:12',	0,	0,	0,	NULL,	'2016-03-10 05:16:12'),
(367,	0,	0,	'ois_bwsZNvRooBD2YX0hLmQ24KfA',	'彩鸿',	'',	'',	'',	NULL,	'http://wx.qlogo.cn/mmopen/ajNVdqHZLLCynia8oZkZv2CdOlwibwLodo2CmHu7fMKtdzLss3OEDaJ8PxLzTIlenicL6rvORuzpOydE3lSt2StWw/0',	1,	'巴中',	'四川',	'',	'zh_CN',	1,	0,	0,	1,	0,	'',	'2016-03-10 13:16:14',	0,	0,	0,	NULL,	'2016-03-10 05:16:14'),
(368,	0,	0,	'opi_TwHFJuWqaqWHbL5BENNUS1X4',	'陈MonT',	'',	'',	'',	NULL,	'http://wx.qlogo.cn/mmopen/PiajxSqBRaELyZu6fw7NSOPIaKY2PxiaUQb8uJiacJKN951lo9hK26AWO98Oofwrp8wibud5D08cJlj8b8bfibbt9OA/0',	2,	'Deyang',	'Sichuan',	'',	'zh_CN',	1,	0,	0,	1,	0,	'',	'2016-03-10 13:16:15',	0,	0,	0,	NULL,	'2016-03-10 05:16:16'),
(369,	0,	0,	'ois_bwiTIIvu0Z_Ywb6xfqY3SHVc',	'T.Q.S€',	'',	'',	'',	NULL,	'http://wx.qlogo.cn/mmopen/RIKTZdhRD1UTM5eCOUp7a0ELjiahGD3DWRLVeEDBeauPFQdklCbNnNYSfjhpahRmYhdN8ic62FicJ4qxwgdhvWfibSAwBicMRsibBl/0',	1,	'乐山',	'四川',	'',	'zh_TW',	1,	0,	0,	1,	0,	'',	'2016-03-10 13:17:54',	0,	0,	0,	NULL,	'2016-03-10 05:17:54'),
(370,	0,	0,	'opi_TwFzru4K_pc3kiIKNrv-I2Fg',	'',	'',	'',	'',	NULL,	'',	0,	'',	'',	'',	'',	0,	0,	0,	1,	0,	'',	'2016-03-10 13:18:02',	0,	0,	0,	NULL,	'2016-03-10 05:18:02'),
(371,	0,	0,	'ois_bwuyGPzW9DugzRN4Ep9g9tRo',	'旧梦失辞',	'',	'',	'',	NULL,	'http://wx.qlogo.cn/mmopen/7ib8Nhc1U7iadU6pXKAnxTRQUibTDCwuMbWMR6iauTrvoQHNgmnfsariaMGkIujiaAmwibBI7hnQRY35K2Zvgibzib5OJg9YIjwYgwribq/0',	2,	'达州',	'四川',	'',	'zh_CN',	1,	0,	0,	1,	0,	'',	'2016-03-10 13:18:23',	0,	0,	0,	NULL,	'2016-03-10 05:18:23'),
(372,	0,	0,	'ois_bwjsODld9VYPuRuTBWYBuYmY',	'稻草小姐',	'',	'',	'',	NULL,	'http://wx.qlogo.cn/mmopen/FyGJ7IWG8IiatwMW7fEEVBzD76f59kI3TcnJtXZrPA7gSZGqahS05VMvbBJXqZpeic7rZicGFmOZxLPLMiammJHqfIYyEgmwI7xF/0',	2,	'',	'',	'',	'zh_CN',	1,	0,	0,	1,	0,	'',	'2016-03-10 13:18:39',	0,	0,	0,	NULL,	'2016-03-10 05:18:39'),
(373,	0,	0,	'ois_bwqiTfsexAkTuTr8-FALkeME',	'哈灵子',	'',	'',	'',	NULL,	'http://wx.qlogo.cn/mmopen/FyGJ7IWG8IiaCQRFciacNgYclQ4iafyNt1nDlNCKWV8wZ4JLiaysiclkic7PjMb13KsM1C9hsvVh4TjqA1Ahrkc5LCFskNRhia99xlj/0',	2,	'泸州',	'四川',	'',	'zh_CN',	1,	0,	0,	1,	0,	'',	'2016-03-10 13:19:42',	0,	0,	0,	NULL,	'2016-03-10 05:19:42'),
(374,	0,	0,	'opi_TwAw_iF3AbNcUQuujYf_1WMs',	'哈灵子',	'',	'',	'',	NULL,	'http://wx.qlogo.cn/mmopen/FyGJ7IWG8IiaCQRFciacNgYclQ4iafyNt1nDlNCKWV8wZ4JLiaysiclkic7PjMb13KsM1C9hsvVh4TjqA1Ahrkc5LCFskNRhia99xlj/0',	2,	'Luzhou',	'Sichuan',	'',	'zh_CN',	1,	0,	0,	1,	0,	'',	'2016-03-10 13:19:51',	0,	0,	0,	NULL,	'2016-03-10 05:19:53'),
(375,	0,	0,	'ois_bwru5aHxy-WCQaTxX1KFoDFY',	'大木',	'',	'',	'',	NULL,	'http://wx.qlogo.cn/mmopen/xXu3u96z7Cn31KicxtPFlRNTtgvlichVxhGA9wjhIfxCvgt2nJdibZhZlUdHiaFxwljm473855icFK3vYtaEtaczbKPDOtEibaOJZR/0',	2,	'德阳',	'四川',	'',	'zh_CN',	0,	0,	0,	1,	0,	'',	'2016-03-10 13:20:10',	0,	0,	0,	NULL,	'2016-03-10 05:22:41'),
(376,	0,	0,	'opi_TwHIkHJG8AvHy9z0_AXSj0JI',	'大木',	'',	'',	'',	NULL,	'http://wx.qlogo.cn/mmopen/xXu3u96z7Cn31KicxtPFlRNTtgvlichVxhGA9wjhIfxCvgt2nJdibZhZlUdHiaFxwljm473855icFK3vYtaEtaczbKPDOtEibaOJZR/0',	2,	'Deyang',	'Sichuan',	'',	'zh_CN',	1,	0,	0,	1,	0,	'',	'2016-03-10 13:20:14',	0,	0,	0,	NULL,	'2016-03-10 05:20:15'),
(377,	0,	0,	'ois_bwj_xUXCC1TJVY6REfN91WuQ',	'spiders man',	'',	'',	'',	NULL,	'',	2,	'达州',	'四川',	'',	'zh_CN',	1,	0,	0,	1,	0,	'',	'2016-03-10 13:21:48',	0,	0,	0,	NULL,	'2016-03-10 05:21:48'),
(378,	0,	0,	'opi_TwGIfMI4iFWceo7qVzmw-sV8',	'旧梦失辞',	'',	'',	'',	NULL,	'http://wx.qlogo.cn/mmopen/7ib8Nhc1U7iadU6pXKAnxTRQUibTDCwuMbWMR6iauTrvoQHNgmnfsariaMGkIujiaAmwibBI7hnQRY35K2Zvgibzib5OJg9YIjwYgwribq/0',	2,	'Florida',	'Sichuan',	'',	'zh_CN',	1,	0,	0,	1,	0,	'',	'2016-03-10 13:23:32',	0,	0,	0,	NULL,	'2016-03-10 05:23:33'),
(379,	0,	0,	'opi_TwFH5ItPJ9UFpDsyo4EJCQJ8',	'',	'',	'',	'',	NULL,	'',	0,	'',	'',	'',	'',	0,	0,	0,	1,	0,	'',	'2016-03-10 13:23:53',	0,	0,	0,	NULL,	'2016-03-10 05:23:53'),
(380,	0,	0,	'opi_TwKh8U5SGUE3nQIQcKdH5cZw',	'',	'',	'',	'',	NULL,	'',	0,	'',	'',	'',	'',	0,	0,	0,	1,	0,	'',	'2016-03-10 13:27:57',	0,	0,	0,	NULL,	'2016-03-10 05:27:57'),
(381,	0,	0,	'opi_TwCWeX9phifTVPxHnQSku6cQ',	'Daisy智',	'',	'',	'',	NULL,	'http://wx.qlogo.cn/mmopen/uHTAvha8wDiaa3oxkGMpCfVEe0yIFypuounoqm24uibGeMSGENxt4XHMSEE7ia6SZF7zY9aXk2wZ87oAFgF1RlxJfaKoYt3Kxtl/0',	2,	'Chengdu',	'Sichuan',	'',	'zh_CN',	1,	0,	0,	1,	0,	'',	'2016-03-10 14:00:29',	0,	0,	0,	NULL,	'2016-03-11 10:27:56'),
(382,	0,	0,	'ois_bwiDg7pi_3XY_GSVo2Wohi0M',	'AleXander  MCqueen',	'',	'',	'',	NULL,	'http://wx.qlogo.cn/mmopen/JDKmw2Lw4RsukE4JGl9WrWgo2x0sZKf2jZx3RnxOtsticbP6qrYg1O8NYVvKIfJNOlmsjcAdxlj9ROicNgPreOlIGByCKGW0zK/0',	2,	'墨尔本',	'维多利亚',	'',	'zh_CN',	1,	0,	0,	1,	0,	'',	'2016-03-10 14:01:14',	0,	0,	0,	NULL,	'2016-03-10 06:01:14'),
(383,	0,	0,	'opi_TwPpNcP3Cfhc6F-w_aRB3f94',	'AleXander  MCqueen',	'',	'',	'',	NULL,	'http://wx.qlogo.cn/mmopen/JDKmw2Lw4RsukE4JGl9WrWgo2x0sZKf2jZx3RnxOtsticbP6qrYg1O8NYVvKIfJNOlmsjcAdxlj9ROicNgPreOlIGByCKGW0zK/0',	2,	'',	'',	'',	'zh_CN',	1,	0,	1,	1,	0,	'',	'2016-03-10 14:01:21',	1,	0,	0,	NULL,	'2016-03-12 12:11:48'),
(384,	0,	0,	'ois_bwh7m0JvLWFKF9ApI6_IviRI',	'房艺紫',	'',	'',	'',	NULL,	'',	0,	'',	'',	'',	'zh_CN',	1,	0,	0,	1,	0,	'',	'2016-03-10 14:24:58',	0,	0,	0,	NULL,	'2016-03-10 06:24:58'),
(385,	0,	0,	'opi_TwLFpM9ZXnwdErXGDofdeAGc',	'房艺紫',	'',	'',	'',	NULL,	'',	0,	'',	'',	'',	'zh_CN',	1,	0,	0,	1,	0,	'',	'2016-03-10 14:25:03',	0,	0,	0,	NULL,	'2016-03-10 06:25:05'),
(386,	0,	0,	'opi_TwIEVd1GNJcCHqZEp2GVYbZ8',	'',	'',	'',	'',	NULL,	'',	0,	'',	'',	'',	'',	0,	0,	0,	1,	0,	'',	'2016-03-10 14:40:20',	0,	0,	0,	NULL,	'2016-03-10 06:40:20'),
(387,	0,	0,	'',	'辽宁广惠智能装备',	'13840199528',	'',	'ea087c2baec8be44a8d10f258b407eb5',	NULL,	'',	0,	'',	'',	'',	'',	0,	0,	0,	1,	0,	'',	'2016-03-10 15:32:32',	0,	2,	0,	NULL,	'2016-03-10 07:32:32'),
(388,	0,	0,	'ois_bwlzzC9D5m_QVtjIIATt8AYo',	'B仔',	'',	'',	'',	NULL,	'http://wx.qlogo.cn/mmopen/ajNVdqHZLLCoYy5hpjn9oNPc4GD6hPyzJJxcuDBwN6EibyQxSY7licarFbxqqpJZX5EddNkQk0rkJVn8wTlwZsqtic7BYeAVicVEjpBUrsQolnM/0',	1,	'',	'',	'',	'zh_CN',	1,	0,	0,	1,	0,	'',	'2016-03-10 15:57:27',	0,	0,	0,	NULL,	'2016-03-10 07:57:27'),
(389,	0,	0,	'opi_TwOOr0JX3XcWq5eDG0leKvao',	'B仔',	'',	'',	'',	NULL,	'http://wx.qlogo.cn/mmopen/ajNVdqHZLLCoYy5hpjn9oNPc4GD6hPyzJJxcuDBwN6EibyQxSY7licarFbxqqpJZX5EddNkQk0rkJVn8wTlwZsqtic7BYeAVicVEjpBUrsQolnM/0',	1,	'',	'',	'',	'zh_CN',	1,	0,	3,	1,	0,	'',	'2016-03-10 15:57:33',	3,	0,	0,	NULL,	'2016-03-10 08:00:46'),
(390,	0,	0,	'opi_TwDkStUSCQD6cXlyWb77FS-g',	'',	'',	'',	'',	NULL,	'',	0,	'',	'',	'',	'',	0,	0,	0,	1,	0,	'',	'2016-03-10 16:20:23',	0,	0,	0,	NULL,	'2016-03-10 08:20:23'),
(391,	0,	0,	'ois_bwlNrj8ZZGxSV7M__pVkMnhQ',	'━╋あ浮生若梦゜',	'',	'',	'',	NULL,	'http://wx.qlogo.cn/mmopen/ajNVdqHZLLA57diaocFWtWt0gBVo0n4RovALsEhVI8flF2H0SOep2DeFhBh9n04VGTlbXLiaicpa3Bfu869xXIBtw/0',	2,	'成都',	'四川',	'',	'zh_CN',	1,	0,	0,	1,	0,	'',	'2016-03-10 16:29:00',	0,	0,	0,	NULL,	'2016-03-10 08:29:00'),
(392,	0,	0,	'opi_TwI3K4KWLCx1bQqbxh8TfE9U',	'━╋あ浮生若梦゜',	'',	'',	'',	NULL,	'http://wx.qlogo.cn/mmopen/ajNVdqHZLLA57diaocFWtWt0gBVo0n4RovALsEhVI8flF2H0SOep2DeFhBh9n04VGTlbXLiaicpa3Bfu869xXIBtw/0',	2,	'Chengdu',	'Sichuan',	'',	'zh_CN',	1,	0,	0,	1,	0,	'',	'2016-03-10 16:29:11',	0,	0,	0,	NULL,	'2016-03-10 08:29:12'),
(393,	0,	0,	'opi_TwMPwtcJq4bT9o9kDXS_swFo',	'',	'',	'',	'',	NULL,	'',	0,	'',	'',	'',	'',	0,	0,	0,	1,	0,	'',	'2016-03-10 16:38:25',	0,	0,	0,	NULL,	'2016-03-10 08:38:25'),
(394,	0,	0,	'ois_bwvq9vgK2-MI2EsrFNXQk4iw',	'空白',	'',	'',	'',	NULL,	'http://wx.qlogo.cn/mmopen/FyGJ7IWG8IjyvRZ3UJYm7hr9sSnoKDb08IGicbNtIAR65Gc2fWn3ZLCGMNfwmjzgmO3Yc21ibFQCR8dOicw8r1A5vOCszpzIRc6/0',	2,	'',	'南蒂拉杜马蒂',	'',	'zh_CN',	1,	0,	0,	1,	0,	'',	'2016-03-10 16:52:46',	0,	0,	0,	NULL,	'2016-03-10 08:52:46'),
(395,	0,	0,	'ois_bwjBEGHuNUCw8o_KYSRIGlKw',	'谌杨',	'',	'',	'',	NULL,	'http://wx.qlogo.cn/mmopen/Ib5852jAyb9XZ41jyQmoibmbZhF5PRT02v3WlLlJC4nI4K9aVR8SvZG9iafjuiccnW2JskV8iaRhEWGvic9cZXhPG5KATOibaMbO9M/0',	2,	'德阳',	'四川',	'',	'zh_CN',	1,	0,	0,	1,	0,	'',	'2016-03-10 16:57:15',	0,	0,	0,	NULL,	'2016-03-10 08:57:15'),
(396,	0,	0,	'opi_TwPH4UKCZeGjIvQCL8UYb4f0',	'谌杨',	'',	'',	'',	NULL,	'http://wx.qlogo.cn/mmopen/Ib5852jAyb9XZ41jyQmoibmbZhF5PRT02v3WlLlJC4nI4K9aVR8SvZG9iafjuiccnW2JskV8iaRhEWGvic9cZXhPG5KATOibaMbO9M/0',	2,	'Deyang',	'Sichuan',	'',	'zh_CN',	1,	0,	0,	1,	0,	'',	'2016-03-10 16:57:23',	0,	0,	0,	NULL,	'2016-03-10 08:57:25'),
(397,	0,	0,	'opi_TwJChwq-cDT2lZ8dk8SkqZ_0',	'',	'',	'',	'',	NULL,	'',	0,	'',	'',	'',	'',	0,	0,	0,	1,	0,	'',	'2016-03-10 17:15:01',	0,	0,	0,	NULL,	'2016-03-10 09:15:01'),
(398,	0,	0,	'ois_bwmFE_5XfyTzTmaieHq7b1Ao',	'曾小贱，贱人曾',	'',	'',	'',	NULL,	'http://wx.qlogo.cn/mmopen/7ib8Nhc1U7iadriaGkOAOQH25A9acYRqbEqYic1VvoAXJgxUBlZzd6MNk2GhqwdnCFKMYwUoib8xIvar32ia0k9l5vXENDfvbAic8Je/0',	1,	'成都',	'四川',	'',	'zh_CN',	1,	0,	0,	1,	0,	'',	'2016-03-10 17:25:01',	0,	0,	0,	NULL,	'2016-03-10 09:25:01'),
(399,	0,	0,	'opi_TwPhUljfihGtu2ufWUjWU1uM',	'曾小贱，贱人曾',	'',	'',	'',	NULL,	'http://wx.qlogo.cn/mmopen/7ib8Nhc1U7iadriaGkOAOQH25A9acYRqbEqYic1VvoAXJgxUBlZzd6MNk2GhqwdnCFKMYwUoib8xIvar32ia0k9l5vXENDfvbAic8Je/0',	1,	'Chengdu',	'Sichuan',	'',	'zh_CN',	1,	0,	0,	1,	0,	'',	'2016-03-10 17:25:08',	0,	0,	0,	NULL,	'2016-03-10 09:25:10'),
(400,	0,	0,	'opi_TwLUvXnn4KFDg0TKCydzFW0c',	'T.Q.S€',	'',	'',	'',	NULL,	'http://wx.qlogo.cn/mmopen/RIKTZdhRD1UTM5eCOUp7a0ELjiahGD3DWRLVeEDBeauPFQdklCbNnNYSfjhpahRmYhdN8ic62FicJ4qxwgdhvWfibSAwBicMRsibBl/0',	1,	'Leshan',	'Sichuan',	'',	'zh_TW',	1,	0,	0,	1,	0,	'',	'2016-03-10 17:53:09',	0,	0,	0,	NULL,	'2016-03-10 09:53:11'),
(401,	0,	0,	'ois_bwgXJ8NaLi3dxtNZSdzzTF2c',	'张涛',	'',	'',	'',	NULL,	'http://wx.qlogo.cn/mmopen/7ib8Nhc1U7iafdrwB2U7mATWsPo2C6XDqiat8uIWVZMwhwicmpLWibCRBc8hj247jbHicibeCvQXeLmCCkIsuFq7SR9qrJh7icFeu7eE/0',	1,	'德阳',	'四川',	'',	'zh_CN',	1,	0,	0,	1,	0,	'',	'2016-03-10 18:12:05',	0,	0,	0,	NULL,	'2016-03-10 10:12:05'),
(402,	0,	0,	'opi_TwD3B-ST5MIueF3xi6OTFFXU',	'张涛',	'',	'',	'',	NULL,	'http://wx.qlogo.cn/mmopen/7ib8Nhc1U7iafdrwB2U7mATWsPo2C6XDqiat8uIWVZMwhwicmpLWibCRBc8hj247jbHicibeCvQXeLmCCkIsuFq7SR9qrJh7icFeu7eE/0',	1,	'Deyang',	'Sichuan',	'',	'zh_CN',	1,	0,	1,	1,	0,	'',	'2016-03-10 18:12:38',	1,	0,	0,	NULL,	'2016-03-10 12:09:19'),
(403,	0,	0,	'ois_bwvKZtqEt6b7R8Dq_y1fz2zM',	'christy',	'',	'',	'',	NULL,	'http://wx.qlogo.cn/mmopen/FyGJ7IWG8IhWoTkfLlcicOUwUQXYhHzJob9YNdL1EYq0k5du2AsCRqvEIZ5t9NalqI270UFl1LWTRibcaVH0yyR68hJbZmdNZv/0',	2,	'成都',	'四川',	'',	'zh_CN',	1,	0,	0,	1,	0,	'',	'2016-03-10 18:17:13',	0,	0,	0,	NULL,	'2016-03-10 10:17:13'),
(404,	0,	0,	'ois_bwkghGHp3h9RbktiNzCN0P1Y',	'姑娘',	'',	'',	'',	NULL,	'http://wx.qlogo.cn/mmopen/ajNVdqHZLLA6x8Sf61gVO4O49TS8T2YRy6b77c41zRGRr0Po73egUMDUebDxibqfhwTqibIVcqicLWAEo7Jq9eYCQ/0',	0,	'',	'',	'',	'zh_CN',	1,	0,	0,	1,	0,	'',	'2016-03-10 18:17:17',	0,	0,	0,	NULL,	'2016-03-10 10:17:17'),
(405,	0,	0,	'ois_bwk8bQ_l2LblRyIYB4jqMZoM',	'木木',	'',	'',	'',	NULL,	'http://wx.qlogo.cn/mmopen/FyGJ7IWG8IiaGSyYsGKuo5NxUe6L4jaZ76BX4jTteEQPtZg6T8ibdnPoy8LbJ7SMF9HOyGd7O87teQEZdlh1b8Lm4AVaJrzmrJ/0',	1,	'达州',	'四川',	'',	'zh_CN',	1,	0,	0,	1,	0,	'',	'2016-03-10 18:27:30',	0,	0,	0,	NULL,	'2016-03-10 10:27:30'),
(406,	0,	0,	'opi_TwHz81rGgT_SrFNEceHpB2Q4',	'木木',	'',	'',	'',	NULL,	'http://wx.qlogo.cn/mmopen/FyGJ7IWG8IiaGSyYsGKuo5NxUe6L4jaZ76BX4jTteEQPtZg6T8ibdnPoy8LbJ7SMF9HOyGd7O87teQEZdlh1b8Lm4AVaJrzmrJ/0',	1,	'Florida',	'Sichuan',	'',	'zh_CN',	1,	0,	0,	1,	0,	'',	'2016-03-10 18:27:35',	0,	0,	0,	NULL,	'2016-03-10 10:27:36'),
(407,	0,	0,	'opi_TwP0l8o-U39D6BJI7hMbUGB4',	'',	'',	'',	'',	NULL,	'',	0,	'',	'',	'',	'',	0,	0,	0,	1,	0,	'',	'2016-03-10 18:43:30',	0,	0,	0,	NULL,	'2016-03-10 10:43:30'),
(408,	0,	0,	'ois_bwuYQnL6vZT6szmx2ghjoYgg',	'shenxia',	'',	'',	'',	NULL,	'http://wx.qlogo.cn/mmopen/JDKmw2Lw4RuSRnAQwCcv3xgfNagzduJIqXlBhhT03kHsF1JBkRDs7Ry99ibrhWIH3VhJUJ8LP1sB5LqBIUnxSseGlYdGHvLcg/0',	2,	'',	'基尔代尔',	'',	'zh_CN',	1,	0,	0,	1,	0,	'',	'2016-03-10 18:54:56',	0,	0,	0,	NULL,	'2016-03-10 10:54:56'),
(409,	0,	0,	'ois_bwpBaoskbPBmA1fJAvE5MBV8',	'提拉米苏ペ',	'',	'',	'',	NULL,	'http://wx.qlogo.cn/mmopen/RIKTZdhRD1UTM5eCOUp7axvpB1hib0duSI10uicoAtoicOW0o3e4YXlXts24JJYCnicPPrvOOicHHp7xwoYGNeicpw09H0InNBdNwc/0',	2,	'德阳',	'四川',	'',	'zh_CN',	1,	0,	0,	1,	0,	'',	'2016-03-10 19:03:36',	0,	0,	0,	NULL,	'2016-03-10 11:03:36'),
(410,	0,	0,	'opi_TwM4ap5cK0TWGLpzmmCyg53I',	'提拉米苏ペ',	'',	'',	'',	NULL,	'http://wx.qlogo.cn/mmopen/RIKTZdhRD1UTM5eCOUp7axvpB1hib0duSI10uicoAtoicOW0o3e4YXlXts24JJYCnicPPrvOOicHHp7xwoYGNeicpw09H0InNBdNwc/0',	2,	'Deyang',	'Sichuan',	'',	'zh_CN',	1,	0,	0,	1,	0,	'',	'2016-03-10 19:03:43',	0,	0,	0,	NULL,	'2016-03-10 11:03:45'),
(411,	0,	0,	'opi_TwISdO0UiDAQym55BZKEIB3M',	'',	'',	'',	'',	NULL,	'',	0,	'',	'',	'',	'',	0,	0,	0,	1,	0,	'',	'2016-03-10 19:26:34',	0,	0,	0,	NULL,	'2016-03-10 11:26:34'),
(412,	0,	0,	'opi_TwGOlDVYxQgkPXvCxeGcrFjE',	'',	'',	'',	'',	NULL,	'',	0,	'',	'',	'',	'',	0,	0,	0,	1,	0,	'',	'2016-03-10 19:27:56',	0,	0,	0,	NULL,	'2016-03-10 11:27:56'),
(413,	0,	0,	'opi_TwNRBHNeyRZo2FIIHf287Udo',	'姑娘',	'',	'',	'',	NULL,	'http://wx.qlogo.cn/mmopen/ajNVdqHZLLA6x8Sf61gVO4O49TS8T2YRy6b77c41zRGRr0Po73egUMDUebDxibqfhwTqibIVcqicLWAEo7Jq9eYCQ/0',	0,	'',	'',	'',	'zh_CN',	1,	0,	0,	1,	0,	'',	'2016-03-10 19:30:13',	0,	0,	0,	NULL,	'2016-03-10 11:30:14'),
(414,	0,	0,	'opi_TwPaoRgn1U6Bg_kC6OyrZhB0',	'',	'',	'',	'',	NULL,	'',	0,	'',	'',	'',	'',	0,	0,	0,	1,	0,	'',	'2016-03-10 19:36:59',	0,	0,	0,	NULL,	'2016-03-10 11:36:59'),
(415,	0,	0,	'opi_TwLT5Ykxs2cGGV8yWlzsRzCM',	'稻草小姐',	'',	'',	'',	NULL,	'http://wx.qlogo.cn/mmopen/FyGJ7IWG8IiatwMW7fEEVBzD76f59kI3TcnJtXZrPA7gSZGqahS05VMvbBJXqZpeic7rZicGFmOZxLPLMiammJHqfIYyEgmwI7xF/0',	2,	'',	'',	'',	'zh_CN',	1,	0,	0,	1,	0,	'',	'2016-03-10 19:42:59',	0,	0,	0,	NULL,	'2016-03-10 11:43:00'),
(416,	0,	0,	'opi_TwOzTigKOVsgww91UvSPyIcc',	'',	'',	'',	'',	NULL,	'',	0,	'',	'',	'',	'',	0,	0,	0,	1,	0,	'',	'2016-03-10 19:47:15',	2,	0,	0,	NULL,	'2016-03-11 06:35:37'),
(417,	0,	0,	'ois_bwvcskQMDtvaKbfvbEe-KOlQ',	'Amoヽ晴天',	'',	'',	'',	NULL,	'http://wx.qlogo.cn/mmopen/Q3auHgzwzM5MrQ0GXoNicyPLPJ3uNly63rtr6UiaakFzLibxNKggBsoIjWWianDuHdEbNg7No3xBpBscVHjdGuHVatAUoaJibpfZ66DrByic2OCCU/0',	1,	'德阳',	'四川',	'',	'zh_CN',	1,	0,	0,	1,	0,	'',	'2016-03-10 20:06:45',	0,	0,	0,	NULL,	'2016-03-10 12:06:45'),
(418,	0,	0,	'opi_TwJ_dz4h103WvCmj_zBN1lo8',	'Amoヽ晴天',	'',	'',	'',	NULL,	'http://wx.qlogo.cn/mmopen/Q3auHgzwzM5MrQ0GXoNicyPLPJ3uNly63rtr6UiaakFzLibxNKggBsoIjWWianDuHdEbNg7No3xBpBscVHjdGuHVatAUoaJibpfZ66DrByic2OCCU/0',	1,	'Deyang',	'Sichuan',	'',	'zh_CN',	1,	0,	0,	1,	0,	'',	'2016-03-10 20:07:14',	0,	0,	0,	NULL,	'2016-03-10 12:07:16'),
(419,	0,	0,	'opi_TwAVH--6-p4JiWCKvqcy2nRc',	'',	'',	'',	'',	NULL,	'',	0,	'',	'',	'',	'',	0,	0,	0,	1,	0,	'',	'2016-03-10 20:13:26',	0,	0,	0,	NULL,	'2016-03-10 12:13:26'),
(420,	0,	0,	'ois_bwl4aDV41mfaW-vuE0x05rNU',	'江韦波',	'',	'',	'',	NULL,	'http://wx.qlogo.cn/mmopen/xXu3u96z7Ck6j9IYu68Asar5CC9a515JBS7GX3p9AvawPvoTrGcJ7N2MAp1R5oD0YJZ6XpQ6Qf1qREicArXme6wyvyofwWckK/0',	1,	'成都',	'四川',	'',	'zh_CN',	1,	0,	0,	1,	0,	'',	'2016-03-10 20:21:27',	0,	0,	0,	NULL,	'2016-03-10 12:21:27'),
(421,	0,	0,	'opi_TwOXDRatVpavSKJHBBByLbSc',	'江韦波',	'',	'',	'',	NULL,	'http://wx.qlogo.cn/mmopen/xXu3u96z7Ck6j9IYu68Asar5CC9a515JBS7GX3p9AvawPvoTrGcJ7N2MAp1R5oD0YJZ6XpQ6Qf1qREicArXme6wyvyofwWckK/0',	1,	'Chengdu',	'Sichuan',	'',	'zh_CN',	1,	0,	0,	1,	0,	'',	'2016-03-10 20:21:32',	0,	0,	0,	NULL,	'2016-03-10 12:21:33'),
(422,	0,	0,	'opi_TwJStMTEbpsnAAWXEuv-I4F4',	'安琪拉的灰烬',	'',	'',	'',	NULL,	'http://wx.qlogo.cn/mmopen/7ib8Nhc1U7iafpuym9wvibKCC1OhLfrrlCg7rORxoXjGgsY2ibITtCSXI6F31nV7hB1RWjkvXicbYzJCW4GSUl1HeUe7MWP1I8Ll8/0',	2,	'',	'',	'',	'zh_CN',	1,	0,	2,	1,	0,	'',	'2016-03-10 20:24:47',	1,	0,	0,	NULL,	'2016-03-13 05:34:57'),
(423,	0,	0,	'ois_bwuesZN8ceAp-Za4wtcxQRow',	'一次就好i',	'',	'',	'',	NULL,	'http://wx.qlogo.cn/mmopen/RIKTZdhRD1V64IV3AGVsweRcia6sMxn78CC9yoPCqquTQP3zEMm3dulct92r8nrxLVLkRwxCndMuCKuOKtbLwwIbwfU1SFheZ/0',	1,	'',	'',	'',	'zh_CN',	1,	0,	0,	1,	0,	'',	'2016-03-10 20:34:59',	0,	0,	0,	NULL,	'2016-03-10 12:34:59'),
(424,	0,	0,	'opi_TwG4SuUMcdVbyK9VfYYRFLuU',	'一次就好i',	'',	'',	'',	NULL,	'http://wx.qlogo.cn/mmopen/RIKTZdhRD1V64IV3AGVsweRcia6sMxn78CC9yoPCqquTQP3zEMm3dulct92r8nrxLVLkRwxCndMuCKuOKtbLwwIbwfU1SFheZ/0',	1,	'',	'',	'',	'zh_CN',	1,	0,	1,	1,	0,	'',	'2016-03-10 20:35:04',	1,	0,	0,	NULL,	'2016-03-10 12:38:14'),
(425,	0,	0,	'opi_TwJjao_dHMglSvhdU8Jk3CS0',	'',	'',	'',	'',	NULL,	'',	0,	'',	'',	'',	'',	0,	0,	0,	1,	0,	'',	'2016-03-10 20:40:18',	0,	0,	0,	NULL,	'2016-03-10 12:40:18'),
(426,	0,	0,	'ois_bwpFHoxJ4Ay99NxFW5nB6kzY',	'浮尘乱了思绪',	'',	'',	'',	NULL,	'http://wx.qlogo.cn/mmopen/7ib8Nhc1U7iadU6pXKAnxTRUgniaVbiaa9AYtuGp1AQjPQkwuEibcmac5IzWiaV0AN0gPc0UlrJFrbnj0zJ14mUibYxfs5p06Kicsw9p/0',	1,	'成都',	'四川',	'',	'zh_CN',	1,	0,	0,	1,	0,	'',	'2016-03-10 21:21:28',	0,	0,	0,	NULL,	'2016-03-10 13:21:28'),
(427,	0,	0,	'opi_TwCA6osKRvM2G3J1ydPWq5P4',	'浮尘乱了思绪',	'',	'',	'',	NULL,	'http://wx.qlogo.cn/mmopen/7ib8Nhc1U7iadU6pXKAnxTRUgniaVbiaa9AYtuGp1AQjPQkwuEibcmac5IzWiaV0AN0gPc0UlrJFrbnj0zJ14mUibYxfs5p06Kicsw9p/0',	1,	'Chengdu',	'Sichuan',	'',	'zh_CN',	1,	0,	0,	1,	0,	'',	'2016-03-10 21:21:34',	0,	0,	0,	NULL,	'2016-03-10 13:21:35'),
(428,	0,	0,	'',	'xndx123',	'13114015171',	'',	'eaafb62ee6bf79a542345dc3d41f1f50',	NULL,	'',	0,	'',	'',	'',	'',	0,	0,	0,	1,	0,	'',	'2016-03-10 21:28:18',	0,	2,	0,	NULL,	'2016-03-10 13:28:18'),
(429,	0,	0,	'ois_bwmHUWn2sAKSNYn_sgDRnCfg',	'热心村民',	'',	'',	'',	NULL,	'http://wx.qlogo.cn/mmopen/PiajxSqBRaEI7EPC8fNOhPoOjSvpHhviaNic7JEgRUFWCibLuF1HZviaJokicaiaIEbMePb7vYcByrL3PVVejWsVtxu4g/0',	2,	'成都',	'四川',	'',	'zh_CN',	1,	0,	0,	1,	0,	'',	'2016-03-10 21:30:45',	0,	0,	0,	NULL,	'2016-03-10 13:30:45'),
(430,	0,	0,	'opi_TwMcNq-4VCx3k3HTNqrqMJFM',	'热心村民',	'',	'',	'',	NULL,	'http://wx.qlogo.cn/mmopen/PiajxSqBRaEI7EPC8fNOhPoOjSvpHhviaNic7JEgRUFWCibLuF1HZviaJokicaiaIEbMePb7vYcByrL3PVVejWsVtxu4g/0',	2,	'Chengdu',	'Sichuan',	'',	'zh_CN',	1,	0,	0,	1,	0,	'',	'2016-03-10 21:30:49',	0,	0,	0,	NULL,	'2016-03-10 13:30:50'),
(431,	0,	0,	'ois_bwgoF4Pa9iYwNsSz_B7aj8aE',	'税莲',	'',	'',	'',	NULL,	'http://wx.qlogo.cn/mmopen/rdLewqnPRqjZ0P6tEVibicGibUl7WOfvbnkPI0s5gRsARLryZQkBeI2EnuZYukMIc36xrHkicy4G2aRPcvwFpOAuy7UgSqKkhAyT/0',	2,	'德阳',	'四川',	'',	'zh_CN',	1,	0,	0,	1,	0,	'',	'2016-03-10 21:33:27',	0,	0,	0,	NULL,	'2016-03-10 13:33:27'),
(432,	0,	0,	'opi_TwCNk2NzlAiVWbnfJtdaI1yY',	'税莲',	'',	'',	'',	NULL,	'http://wx.qlogo.cn/mmopen/rdLewqnPRqjZ0P6tEVibicGibUl7WOfvbnkPI0s5gRsARLryZQkBeI2EnuZYukMIc36xrHkicy4G2aRPcvwFpOAuy7UgSqKkhAyT/0',	2,	'Deyang',	'Sichuan',	'',	'zh_CN',	1,	0,	7,	1,	0,	'',	'2016-03-10 21:33:32',	3,	0,	0,	NULL,	'2016-03-11 13:26:28'),
(433,	0,	0,	'opi_TwGOVhZWgN6YoNfqG9KB5GdA',	'',	'',	'',	'',	NULL,	'',	0,	'',	'',	'',	'',	0,	0,	0,	1,	0,	'',	'2016-03-10 21:33:41',	0,	0,	0,	NULL,	'2016-03-10 13:33:41'),
(434,	0,	0,	'opi_TwO39rHL8RWYNzBKOC4lja7U',	'',	'',	'',	'',	NULL,	'',	0,	'',	'',	'',	'',	0,	0,	0,	1,	0,	'',	'2016-03-10 21:44:52',	0,	0,	0,	NULL,	'2016-03-10 13:44:52'),
(435,	0,	0,	'ois_bwmo-7PCNOkWGaVdIsjQnITw',	'不忘初心',	'',	'',	'',	NULL,	'http://wx.qlogo.cn/mmopen/pksIKbiaiay0DXtEfbmRQLF31vwBDzk1btHcxMLwCVxueQOBOxxibzGJev2PkXLM83CUha3tANrZptmbQDdnuwy4M2kunlWpPBS/0',	2,	'南充',	'四川',	'',	'zh_CN',	1,	0,	0,	1,	0,	'',	'2016-03-10 21:49:56',	0,	0,	0,	NULL,	'2016-03-10 13:49:56'),
(436,	0,	0,	'ois_bwvAe9Y7mes9ell3j1QOsf5E',	'0',	'',	'',	'',	NULL,	'http://wx.qlogo.cn/mmopen/7ib8Nhc1U7iadU6pXKAnxTRQ2ItAT2yCKG1TgAYfSavbFArB5m2NIhrGkU6lYxdBls65KuwQosyhgvEAzXNp4fO5O7DPwibmWDt/0',	2,	'雅安',	'四川',	'',	'zh_CN',	1,	0,	0,	1,	0,	'',	'2016-03-10 21:55:15',	0,	0,	0,	NULL,	'2016-03-10 13:55:15'),
(437,	0,	0,	'opi_TwGLfQNH-BbcyM8T3EsmMD6o',	'0',	'',	'',	'',	NULL,	'http://wx.qlogo.cn/mmopen/7ib8Nhc1U7iadU6pXKAnxTRQ2ItAT2yCKG1TgAYfSavbFArB5m2NIhrGkU6lYxdBls65KuwQosyhgvEAzXNp4fO5O7DPwibmWDt/0',	2,	'Yaan',	'Sichuan',	'',	'zh_CN',	1,	0,	0,	1,	0,	'',	'2016-03-10 21:55:18',	0,	0,	0,	NULL,	'2016-03-10 13:55:19'),
(438,	0,	0,	'ois_bwo2ETPJzTStfF7lzsB6M0As',	'荒城',	'',	'',	'',	NULL,	'http://wx.qlogo.cn/mmopen/xXu3u96z7CnUZJjzagIRyYzfibTIiaZxP9B1lzaSZBkqypw7CYJ8W9yrKg0k1jDOdkZOQrziahcCmPiaUgSDiaatw95SVD3iaXibSD1/0',	1,	'南充',	'四川',	'',	'zh_CN',	1,	0,	0,	1,	0,	'',	'2016-03-10 21:59:22',	0,	0,	0,	NULL,	'2016-03-10 13:59:22'),
(439,	0,	0,	'opi_TwGAMTnxy6J9BZZ9Ew8RGaj0',	'荒城',	'',	'',	'',	NULL,	'http://wx.qlogo.cn/mmopen/xXu3u96z7CnUZJjzagIRyYzfibTIiaZxP9B1lzaSZBkqypw7CYJ8W9yrKg0k1jDOdkZOQrziahcCmPiaUgSDiaatw95SVD3iaXibSD1/0',	1,	'Nanchong',	'Sichuan',	'',	'zh_CN',	1,	0,	0,	1,	0,	'',	'2016-03-10 21:59:28',	0,	0,	0,	NULL,	'2016-03-10 13:59:29'),
(440,	0,	0,	'ois_bwiEcJn-G7GfqSt0ZRILtRtU',	'做自己嘛。',	'',	'',	'',	NULL,	'http://wx.qlogo.cn/mmopen/FyGJ7IWG8IiaQcvcYDic10eMZ3pwghqcQ6tZlFVT5iaM372tqa4naASwk97Fqbb0nvLUpwplib82Xm9IRYiaK8GQHlVonI7DF30lq/0',	2,	'成都',	'四川',	'',	'zh_CN',	1,	0,	0,	1,	0,	'',	'2016-03-10 22:10:09',	0,	0,	0,	NULL,	'2016-03-10 14:10:09'),
(441,	0,	0,	'opi_TwEgU9k4LUtCgxW9P5e9dcRY',	'做自己嘛。',	'',	'',	'',	NULL,	'http://wx.qlogo.cn/mmopen/FyGJ7IWG8IiaQcvcYDic10eMZ3pwghqcQ6tZlFVT5iaM372tqa4naASwk97Fqbb0nvLUpwplib82Xm9IRYiaK8GQHlVonI7DF30lq/0',	2,	'Chengdu',	'Sichuan',	'',	'zh_CN',	1,	0,	1,	1,	0,	'',	'2016-03-10 22:10:13',	1,	0,	0,	NULL,	'2016-03-10 14:12:00'),
(442,	0,	0,	'ois_bwruRmHdavSEMmJkevkGd0t8',	'蟓薷毅蓦',	'',	'',	'',	NULL,	'http://wx.qlogo.cn/mmopen/7ib8Nhc1U7iade5SfiaicWb8Pqflama0udicxwRPzXU4M6UZMOa7pmFMjlKld9KF0xHZNXiavHHbOueU2dH8v9Nsx8AiaDOkOfmrwAE/0',	1,	'乐山',	'四川',	'',	'zh_CN',	1,	0,	0,	1,	0,	'',	'2016-03-10 22:13:09',	0,	0,	0,	NULL,	'2016-03-10 14:13:09'),
(443,	0,	0,	'opi_TwCz4xJd8hiMPqHU-54gX7NE',	'蟓薷毅蓦',	'',	'',	'',	NULL,	'http://wx.qlogo.cn/mmopen/7ib8Nhc1U7iade5SfiaicWb8Pqflama0udicxwRPzXU4M6UZMOa7pmFMjlKld9KF0xHZNXiavHHbOueU2dH8v9Nsx8AiaDOkOfmrwAE/0',	1,	'Leshan',	'Sichuan',	'',	'zh_CN',	1,	0,	0,	1,	0,	'',	'2016-03-10 22:13:15',	0,	0,	0,	NULL,	'2016-03-10 14:13:17'),
(444,	0,	0,	'ois_bwq1mtOLNbkjeteVgWyVqXfQ',	'Duan',	'',	'',	'',	NULL,	'http://wx.qlogo.cn/mmopen/7ib8Nhc1U7iaeDC3jhjhPQNqztC0xmvoZQG0jfoYf332EZYJURUUIBH3tLxcdlFniaAnXJhpg3VcOJBQVpXvOAFQ20JRjRTfXqC/0',	1,	'成都',	'四川',	'',	'zh_CN',	1,	0,	0,	1,	0,	'',	'2016-03-10 22:13:31',	0,	0,	0,	NULL,	'2016-03-10 14:13:31'),
(445,	0,	0,	'ois_bwgLcquq1HVv9tvuSSThZvag',	'艾',	'',	'',	'',	NULL,	'http://wx.qlogo.cn/mmopen/7ib8Nhc1U7iaduWpVBRuUib2z3kykfbxxDfn46KU57TQica5IogKexDXuU9kyk5xicmPAI7TxvicsDOdXIGErSOsxnRANicNfq5icdnf/0',	1,	'德阳',	'四川',	'',	'zh_CN',	1,	0,	0,	1,	0,	'',	'2016-03-10 22:20:22',	0,	0,	0,	NULL,	'2016-03-10 14:20:22'),
(446,	0,	0,	'opi_TwOQ6Ma0rF_P-HAw7kWWJwO0',	'艾',	'',	'',	'',	NULL,	'http://wx.qlogo.cn/mmopen/7ib8Nhc1U7iaduWpVBRuUib2z3kykfbxxDfn46KU57TQica5IogKexDXuU9kyk5xicmPAI7TxvicsDOdXIGErSOsxnRANicNfq5icdnf/0',	1,	'Deyang',	'Sichuan',	'',	'zh_CN',	1,	0,	0,	1,	0,	'',	'2016-03-10 22:20:27',	0,	0,	0,	NULL,	'2016-03-10 14:20:28'),
(447,	0,	0,	'',	'fanfanlaila',	'15932590765',	'',	'51e833e5602f4476959737f8623c0c1a',	NULL,	'',	0,	'',	'',	'',	'',	0,	0,	0,	1,	0,	'',	'2016-03-10 22:31:08',	0,	2,	0,	NULL,	'2016-03-10 14:31:08'),
(448,	0,	0,	'ois_bwoTaotqxvFJSwH5ROciE660',	'Undercover',	'',	'',	'',	NULL,	'http://wx.qlogo.cn/mmopen/xXu3u96z7Ck6j9IYu68AsYPiahO4NOcUuu0vt8WYWftbKuzZxXHCTLdtLeGW0icqTXsNSCk1UuRA6TFv8662zlk7qCCxg6x82s/0',	0,	'',	'',	'',	'zh_CN',	1,	0,	0,	1,	0,	'',	'2016-03-10 22:39:40',	0,	0,	0,	NULL,	'2016-03-10 14:39:40'),
(449,	0,	0,	'opi_TwLcZEd8hti3_5SV4uoYmAOk',	'Undercover',	'',	'',	'',	NULL,	'http://wx.qlogo.cn/mmopen/xXu3u96z7Ck6j9IYu68AsYPiahO4NOcUuu0vt8WYWftbKuzZxXHCTLdtLeGW0icqTXsNSCk1UuRA6TFv8662zlk7qCCxg6x82s/0',	0,	'',	'',	'',	'zh_CN',	1,	0,	0,	1,	0,	'',	'2016-03-10 22:39:46',	0,	0,	0,	NULL,	'2016-03-10 14:39:47'),
(450,	0,	0,	'ois_bwmTjkB7hZOnsgLxEy0d6InQ',	'仅此而已',	'',	'',	'',	NULL,	'http://wx.qlogo.cn/mmopen/PiajxSqBRaEIdZZGrV9NpegWGfgoX5ibicodLX077F5aGv4GoEP2klKzjVOSziaXoZmI3Xyia4TY4C5r3VKFiaHstibzQ/0',	1,	'',	'米斯',	'',	'zh_CN',	1,	0,	0,	1,	0,	'',	'2016-03-10 22:39:48',	0,	0,	0,	NULL,	'2016-03-10 14:39:48'),
(451,	0,	0,	'opi_TwIoBGAeauV0GgVDNOf2_i30',	'仅此而已',	'',	'',	'',	NULL,	'http://wx.qlogo.cn/mmopen/PiajxSqBRaEIdZZGrV9NpegWGfgoX5ibicodLX077F5aGv4GoEP2klKzjVOSziaXoZmI3Xyia4TY4C5r3VKFiaHstibzQ/0',	1,	'',	'',	'',	'zh_CN',	1,	0,	0,	1,	0,	'',	'2016-03-10 22:39:52',	0,	0,	0,	NULL,	'2016-03-10 14:39:53'),
(452,	0,	0,	'opi_TwNVJOtrx7I-LHCuUIYWHvhk',	'',	'',	'',	'',	NULL,	'',	0,	'',	'',	'',	'',	0,	0,	0,	1,	0,	'',	'2016-03-10 22:41:17',	0,	0,	0,	NULL,	'2016-03-10 14:41:17'),
(453,	0,	0,	'ois_bwhSwa0wk3-nvfg5XIJThazg',	'马姗',	'',	'',	'',	NULL,	'http://wx.qlogo.cn/mmopen/FyGJ7IWG8IhtXuxf7TVzXCNeVR03fr0rD5MfkO9ShIo9yyI7kXibjicRoBxS8b3PrjfyyMjltpwbmW1cYWs0bLMP0ib5QgjBFre/0',	2,	'',	'四川',	'',	'zh_CN',	0,	0,	0,	1,	0,	'',	'2016-03-10 22:42:14',	0,	0,	0,	NULL,	'2016-03-10 14:44:08'),
(454,	0,	0,	'opi_TwANbGvv5j-1YIob1FNY_WYw',	'马姗',	'',	'',	'',	NULL,	'http://wx.qlogo.cn/mmopen/FyGJ7IWG8IhtXuxf7TVzXCNeVR03fr0rD5MfkO9ShIo9yyI7kXibjicRoBxS8b3PrjfyyMjltpwbmW1cYWs0bLMP0ib5QgjBFre/0',	2,	'',	'Sichuan',	'',	'zh_CN',	1,	0,	0,	1,	0,	'',	'2016-03-10 22:42:33',	0,	0,	0,	NULL,	'2016-03-10 14:42:34'),
(455,	0,	0,	'opi_TwDGRBdrZeNjmmmHeq6660OY',	'',	'',	'',	'',	NULL,	'',	0,	'',	'',	'',	'',	0,	0,	0,	1,	0,	'',	'2016-03-10 22:44:51',	0,	0,	0,	NULL,	'2016-03-10 14:44:51'),
(456,	0,	0,	'ois_bwkGMnlsXIH4781sjdspAVT8',	'八个肾的男人',	'',	'',	'',	NULL,	'http://wx.qlogo.cn/mmopen/FyGJ7IWG8IjsiccGx4twLTp5o4H6cOC5emNQAzxVickw8aJTR9QrQBqOswwuF4ZwgFUdOT5tvdxB5odjXtW5yiahhSyYMCoup3e/0',	1,	'广元',	'四川',	'',	'zh_CN',	1,	0,	0,	1,	0,	'',	'2016-03-10 22:47:32',	0,	0,	0,	NULL,	'2016-03-10 14:47:32'),
(457,	0,	0,	'opi_TwCkmVV_0U6ZoqpxSXT4edHg',	'',	'',	'',	'',	NULL,	'',	0,	'',	'',	'',	'',	0,	0,	0,	1,	0,	'',	'2016-03-10 23:04:49',	0,	0,	0,	NULL,	'2016-03-10 15:04:49'),
(458,	0,	0,	'',	'13055628229',	'13055628229',	'',	'7f2f0332aaa06eeea119a681632f4c41',	NULL,	'',	0,	'',	'',	'',	'',	0,	0,	0,	1,	0,	'',	'2016-03-11 00:18:06',	0,	2,	0,	NULL,	'2016-03-10 16:18:06'),
(459,	0,	0,	'opi_TwJnwCFc8QqwvpHCauDUWypw',	'',	'',	'',	'',	NULL,	'',	0,	'',	'',	'',	'',	0,	0,	0,	1,	0,	'',	'2016-03-11 02:03:10',	0,	0,	0,	NULL,	'2016-03-10 18:03:10'),
(460,	0,	0,	'ois_bwsJGRPDpGHDTV2MjNaFDHYI',	'刘',	'',	'',	'',	NULL,	'http://wx.qlogo.cn/mmopen/FyGJ7IWG8IhWoTkfLlcicObLmq3CIz6rY2zqwU6GSoT2Pl2fltLsgm0phhicJCPMhwehTM0x7ibbK6sdial5S3nyuwUsY5FyUR2L/0',	1,	'福州',	'福建',	'',	'zh_CN',	1,	0,	0,	1,	0,	'',	'2016-03-11 07:33:32',	0,	0,	0,	NULL,	'2016-03-10 23:33:32'),
(461,	0,	0,	'ois_bwmfAzMrWhVnVhO7hWvjua-A',	'谢林易',	'',	'',	'',	NULL,	'http://wx.qlogo.cn/mmopen/xXu3u96z7CnUZJjzagIRydQER02Qz0lkDkqy8lVZTT13IFIqe1Z4hkzgnUwTNuSM1FpVciccIlMGoBNMz3W03Uic22UJCOGJR9/0',	0,	'成都',	'四川',	'',	'zh_CN',	1,	0,	0,	1,	0,	'',	'2016-03-11 07:43:02',	0,	0,	0,	NULL,	'2016-03-10 23:43:02'),
(462,	0,	0,	'ois_bwnDdCNaCnZmIpp2QFWTVDmA',	'他',	'',	'',	'',	NULL,	'http://wx.qlogo.cn/mmopen/7ib8Nhc1U7iadU6pXKAnxTRYXMbaE1320zTxS3kaOuIm83kLys3LrJfQ8lRoqad1u7A1ZQRicvs6vkmwVTEgflK03mkUpZiaqNZz/0',	2,	'',	'巴黎',	'',	'zh_CN',	1,	0,	0,	1,	0,	'',	'2016-03-11 08:39:57',	0,	0,	0,	NULL,	'2016-03-11 00:39:57'),
(463,	0,	0,	'ois_bwoJyUM7mm5x9H73nrTgQsRs',	'6x',	'',	'',	'',	NULL,	'',	1,	'德阳',	'四川',	'',	'zh_CN',	1,	0,	0,	1,	0,	'',	'2016-03-11 08:53:54',	0,	0,	0,	NULL,	'2016-03-11 00:53:54'),
(464,	0,	0,	'ois_bwvrQaH4iARKeHqvgpJYjx3c',	'゛Sentimental丶释怀',	'',	'',	'',	NULL,	'http://wx.qlogo.cn/mmopen/FyGJ7IWG8IhWKSxZVibCMyDHuhH2Tnwn1KicnguZiaNe8108icUUt6RULHwoAEWVS5rRQJmNr2fBSsibcshbxzRiaO3IAUjFk9BhCic/0',	1,	'德阳',	'四川',	'',	'zh_CN',	1,	0,	0,	1,	0,	'',	'2016-03-11 09:02:58',	0,	0,	0,	NULL,	'2016-03-11 01:02:58'),
(465,	0,	0,	'ois_bwv0i0n49RLUi4TuxBxK0ZMg',	'trouble',	'',	'',	'',	NULL,	'http://wx.qlogo.cn/mmopen/7ib8Nhc1U7iadU6pXKAnxTRfWr9RYiaeAMc6RnicLUNj6vNAcKeBrBdiapSoMpoKpdic6S2I50jlFh7aIbu6icUZFzEGgph0now1oNc/0',	1,	'自贡',	'四川',	'',	'zh_CN',	1,	0,	0,	1,	0,	'',	'2016-03-11 09:03:07',	0,	0,	0,	NULL,	'2016-03-11 01:03:07'),
(466,	0,	0,	'ois_bwvZOc58Dk-CRpUDjyxxFEWY',	'__Yf',	'',	'',	'',	NULL,	'http://wx.qlogo.cn/mmopen/FyGJ7IWG8Iia4AD7nOfvficOwG1e4RprypXMfFanh6thFtByfk5wQtRmvCInDnFxlEYorwVm5VSw5kGjShvvHIcnWD63TtFMZc/0',	2,	'',	'四川',	'',	'zh_CN',	0,	0,	0,	1,	0,	'',	'2016-03-11 09:20:31',	0,	0,	0,	NULL,	'2016-03-11 01:21:14'),
(467,	0,	0,	'ois_bwqInHNPNCugj_JzK4cNhIdg',	'蕊阿碧',	'',	'',	'',	NULL,	'http://wx.qlogo.cn/mmopen/ajNVdqHZLLA8HG0Fta9Z1GB9U76tDYOLQCepiaGeNeaoASrESyo85jyMel7vZnn0k3xGNZZe7OhoKNiaviachJgQwITGYc2LsWtOXeFj1BoAKE/0',	1,	'德阳',	'四川',	'',	'zh_CN',	1,	0,	0,	1,	0,	'',	'2016-03-11 10:25:48',	0,	0,	0,	NULL,	'2016-03-11 08:08:46'),
(468,	0,	0,	'ois_bwgpP0pUuX6cEfbU0yAYbbjo',	'@',	'',	'',	'',	NULL,	'http://wx.qlogo.cn/mmopen/7ib8Nhc1U7iadU6pXKAnxTRfJXWCW9jzicOEuwAbdRnBaOZBEfzRgI52beWZKjn9FSdqVvotVXboKeiaOQHeGonAnicnSsrtCGyAG/0',	1,	'成都',	'四川',	'',	'zh_CN',	1,	0,	0,	1,	0,	'',	'2016-03-11 10:35:28',	0,	0,	0,	NULL,	'2016-03-11 02:35:28'),
(469,	0,	0,	'opi_TwLthQ6DwwlxetkqxL-GZQLg',	'@',	'',	'',	'',	NULL,	'http://wx.qlogo.cn/mmopen/7ib8Nhc1U7iadU6pXKAnxTRfJXWCW9jzicOEuwAbdRnBaOZBEfzRgI52beWZKjn9FSdqVvotVXboKeiaOQHeGonAnicnSsrtCGyAG/0',	1,	'Chengdu',	'Sichuan',	'',	'zh_CN',	1,	0,	2,	1,	0,	'',	'2016-03-11 10:35:33',	2,	0,	0,	NULL,	'2016-03-11 03:09:23'),
(470,	0,	0,	'opi_TwJ1X9QHxYF3fo8wjHqZpBhI',	'蕊阿碧',	'',	'',	'',	NULL,	'http://wx.qlogo.cn/mmopen/ajNVdqHZLLA8HG0Fta9Z1GB9U76tDYOLQCepiaGeNeaoASrESyo85jyMel7vZnn0k3xGNZZe7OhoKNiaviachJgQwITGYc2LsWtOXeFj1BoAKE/0',	1,	'Deyang',	'Sichuan',	'',	'zh_CN',	1,	0,	0,	1,	0,	'',	'2016-03-11 10:38:18',	0,	0,	0,	NULL,	'2016-03-11 02:38:19'),
(471,	0,	0,	'opi_TwF9vmVHn5Xtrda764swpaVI',	'他',	'',	'',	'',	NULL,	'http://wx.qlogo.cn/mmopen/7ib8Nhc1U7iadU6pXKAnxTRYXMbaE1320zTxS3kaOuIm83kLys3LrJfQ8lRoqad1u7A1ZQRicvs6vkmwVTEgflK03mkUpZiaqNZz/0',	2,	'',	'',	'',	'zh_CN',	1,	0,	0,	1,	0,	'',	'2016-03-11 10:40:47',	0,	0,	0,	NULL,	'2016-03-11 02:40:47'),
(472,	0,	0,	'opi_TwBjFDasSTfpR_yc6GXaN7LM',	'゛Sentimental丶释怀',	'',	'',	'',	NULL,	'http://wx.qlogo.cn/mmopen/FyGJ7IWG8IhWKSxZVibCMyDHuhH2Tnwn1KicnguZiaNe8108icUUt6RULHwoAEWVS5rRQJmNr2fBSsibcshbxzRiaO3IAUjFk9BhCic/0',	1,	'Deyang',	'Sichuan',	'',	'zh_CN',	1,	0,	10,	1,	0,	'',	'2016-03-11 10:42:45',	2,	0,	0,	NULL,	'2016-03-13 11:39:07'),
(473,	0,	0,	'opi_TwPT_QI599_CL5voFY1DgZUI',	'trouble',	'',	'',	'',	NULL,	'http://wx.qlogo.cn/mmopen/7ib8Nhc1U7iadU6pXKAnxTRfWr9RYiaeAMc6RnicLUNj6vNAcKeBrBdiapSoMpoKpdic6S2I50jlFh7aIbu6icUZFzEGgph0now1oNc/0',	1,	'Zigong',	'Sichuan',	'',	'zh_CN',	1,	0,	0,	1,	0,	'',	'2016-03-11 11:27:52',	0,	0,	0,	NULL,	'2016-03-11 03:27:53'),
(474,	0,	0,	'opi_TwKiQN2E5rq9_S7kAiYW7KFE',	'',	'',	'',	'',	NULL,	'',	0,	'',	'',	'',	'',	0,	0,	0,	1,	0,	'',	'2016-03-11 11:52:25',	0,	0,	0,	NULL,	'2016-03-11 03:52:25'),
(475,	0,	0,	'ois_bwjHKItV1hFluSJyq39db-V8',	'宋全民',	'',	'',	'',	NULL,	'',	1,	'德阳',	'四川',	'',	'zh_CN',	1,	0,	0,	1,	0,	'',	'2016-03-11 12:04:51',	0,	0,	0,	NULL,	'2016-03-11 04:04:51'),
(476,	0,	0,	'opi_TwF5_Yu1bESJSdlOlKGVzIIo',	'宋全民',	'',	'',	'',	NULL,	'',	1,	'Deyang',	'Sichuan',	'',	'zh_CN',	1,	0,	0,	1,	0,	'',	'2016-03-11 12:05:24',	0,	0,	0,	NULL,	'2016-03-11 04:05:25'),
(477,	0,	0,	'opi_TwNKsbMLaC9OTbDu81NVTm74',	'',	'',	'',	'',	NULL,	'',	0,	'',	'',	'',	'',	0,	0,	0,	1,	0,	'',	'2016-03-11 12:42:45',	0,	0,	0,	NULL,	'2016-03-11 04:42:45'),
(478,	0,	0,	'ois_bwtRFNsEdWZfLY9FlZSt6AZg',	'瞿阳',	'',	'',	'',	NULL,	'http://wx.qlogo.cn/mmopen/tpibCu2BuicvYXfzkwRxf6xOMQsF4z5THJONtiacl46G6hJAqHcK8zO0M6XCCbxethLQQ1S8q6bdhKDGRWnwme9kaF8PPj0eWYu/0',	1,	'遂宁',	'四川',	'',	'zh_CN',	1,	0,	0,	1,	0,	'',	'2016-03-11 13:50:03',	0,	0,	0,	NULL,	'2016-03-11 06:11:10'),
(479,	0,	0,	'opi_TwABl24qf0x7kdhrpNbbohAI',	'瞿阳',	'',	'',	'',	NULL,	'http://wx.qlogo.cn/mmopen/tpibCu2BuicvYXfzkwRxf6xOMQsF4z5THJONtiacl46G6hJAqHcK8zO0M6XCCbxethLQQ1S8q6bdhKDGRWnwme9kaF8PPj0eWYu/0',	1,	'Suining',	'Sichuan',	'',	'zh_CN',	1,	0,	2,	1,	0,	'',	'2016-03-11 13:51:20',	2,	0,	0,	NULL,	'2016-03-11 06:46:21'),
(480,	0,	0,	'ois_bwp4XEgAbhlZHxVFvx0oswiU',	'小@雍',	'',	'',	'',	NULL,	'http://wx.qlogo.cn/mmopen/HmrLtD3NichA8MgoJIDHkiazDHYZnJdyfia64OKvc4cNOnJN6n91xJtRXsy8Sdof9b4IOuvjTDFGcPnBagLny06raicenUqnwD3L/0',	2,	'南充',	'四川',	'',	'zh_CN',	1,	0,	0,	1,	0,	'',	'2016-03-11 14:09:20',	0,	0,	0,	NULL,	'2016-03-11 06:09:20'),
(481,	0,	0,	'opi_TwP8G9UmvZjfMiAaF1aQEv1k',	'小@雍',	'',	'',	'',	NULL,	'http://wx.qlogo.cn/mmopen/HmrLtD3NichA8MgoJIDHkiazDHYZnJdyfia64OKvc4cNOnJN6n91xJtRXsy8Sdof9b4IOuvjTDFGcPnBagLny06raicenUqnwD3L/0',	2,	'Nanchong',	'Sichuan',	'',	'zh_CN',	1,	0,	0,	1,	0,	'',	'2016-03-11 14:09:25',	0,	0,	0,	NULL,	'2016-03-11 06:09:27'),
(482,	0,	0,	'',	'露露',	'18839922725',	'',	'6f87441132dfdde867d055b35ade0c17',	NULL,	'',	0,	'',	'',	'',	'',	0,	0,	0,	1,	0,	'',	'2016-03-11 14:43:03',	0,	2,	0,	NULL,	'2016-03-11 06:43:03'),
(483,	0,	0,	'opi_TwHASFt3c3ox9xr7kIzrr4Bw',	'',	'',	'',	'',	NULL,	'',	0,	'',	'',	'',	'',	0,	0,	0,	1,	0,	'',	'2016-03-11 14:44:55',	0,	0,	0,	NULL,	'2016-03-11 06:44:55'),
(484,	0,	0,	'opi_TwJXjn81o982oDfSiNO-wwOo',	'',	'',	'',	'',	NULL,	'',	0,	'',	'',	'',	'',	0,	0,	0,	1,	0,	'',	'2016-03-11 14:55:15',	1,	0,	0,	NULL,	'2016-03-13 07:29:30'),
(485,	0,	0,	'opi_TwBlstTsKlqi-d3QlDa0RD64',	'',	'',	'',	'',	NULL,	'',	0,	'',	'',	'',	'',	0,	0,	0,	1,	0,	'',	'2016-03-11 14:56:57',	0,	0,	0,	NULL,	'2016-03-11 06:56:57'),
(486,	0,	0,	'ois_bwjEoqNBI0XfajMyaHx2yauw',	'若水',	'',	'',	'',	NULL,	'http://wx.qlogo.cn/mmopen/7ib8Nhc1U7iadU6pXKAnxTReaMbvzHtwyqYSmTeBW0hhEwxbiayORkb3eBMlDHm99OAta1h3anAMPQ6cRVXfRuSLoicnjDSphE8o/0',	2,	'宜宾',	'四川',	'',	'zh_CN',	1,	0,	0,	1,	0,	'',	'2016-03-11 14:57:11',	0,	0,	0,	NULL,	'2016-03-11 06:57:11'),
(487,	0,	0,	'opi_TwLLORd93bweWMvKc6Mdxtf0',	'若水',	'',	'',	'',	NULL,	'http://wx.qlogo.cn/mmopen/7ib8Nhc1U7iadU6pXKAnxTReaMbvzHtwyqYSmTeBW0hhEwxbiayORkb3eBMlDHm99OAta1h3anAMPQ6cRVXfRuSLoicnjDSphE8o/0',	2,	'Yibin',	'Sichuan',	'',	'zh_CN',	1,	0,	0,	1,	0,	'',	'2016-03-11 14:57:16',	0,	0,	0,	NULL,	'2016-03-11 06:57:17'),
(488,	0,	0,	'ois_bwleTZQVE3uF72omnByWUOdQ',	'何启航',	'',	'',	'',	NULL,	'http://wx.qlogo.cn/mmopen/7ib8Nhc1U7iaeP2YgiaYibJPWKwVI5Yg6fuf1zhEI1cnibia5cbtRVvSBKMQpu5UqT1mBT7icLLxiaa4AEvKveaRJP0QgryQz8pqbR5Z/0',	1,	'宜宾',	'四川',	'',	'zh_CN',	1,	0,	0,	1,	0,	'',	'2016-03-11 15:22:28',	0,	0,	0,	NULL,	'2016-03-11 07:22:28'),
(489,	0,	0,	'opi_TwB4-mBD6rB7WdeJbxQpcOxg',	'何启航',	'',	'',	'',	NULL,	'http://wx.qlogo.cn/mmopen/7ib8Nhc1U7iaeP2YgiaYibJPWKwVI5Yg6fuf1zhEI1cnibia5cbtRVvSBKMQpu5UqT1mBT7icLLxiaa4AEvKveaRJP0QgryQz8pqbR5Z/0',	1,	'Yibin',	'Sichuan',	'',	'zh_CN',	1,	0,	0,	1,	0,	'',	'2016-03-11 15:22:55',	0,	0,	0,	NULL,	'2016-03-11 07:22:56'),
(490,	0,	0,	'opi_TwGru--G5a7AP_rmfy9IpjEo',	'何杰',	'',	'',	'',	NULL,	'http://wx.qlogo.cn/mmopen/ytJCHw8icp22uPGo9afM1AkPvcAqQUYcbWrf3Ra5e9ykuqrI8RmoTgXbBWfqqPLglJvrglXqECRzN9cUaPibpDDD3JfZ9kicCLU/0',	1,	'Zigong',	'Sichuan',	'',	'zh_CN',	1,	0,	5,	1,	0,	'',	'2016-03-11 16:03:55',	1,	0,	0,	NULL,	'2016-03-11 08:27:50'),
(491,	0,	0,	'opi_TwOLumvcrPKAO11RzY5eHxmw',	'',	'',	'',	'',	NULL,	'',	0,	'',	'',	'',	'',	0,	0,	0,	1,	0,	'',	'2016-03-11 17:26:02',	0,	0,	0,	NULL,	'2016-03-11 09:26:02'),
(492,	0,	0,	'opi_TwMSfwJdBIa5_UE9Bzr2g314',	'',	'',	'',	'',	NULL,	'',	0,	'',	'',	'',	'',	0,	0,	0,	1,	0,	'',	'2016-03-11 17:39:39',	0,	0,	0,	NULL,	'2016-03-11 09:39:39'),
(493,	0,	0,	'opi_TwBsh0Sk8-zjLEdpCL-UtFoE',	'',	'',	'',	'',	NULL,	'',	0,	'',	'',	'',	'',	0,	0,	0,	1,	0,	'',	'2016-03-11 17:46:57',	0,	0,	0,	NULL,	'2016-03-11 09:46:57'),
(494,	0,	0,	'opi_TwCPjv2aXvIaWhBUcwh6isRI',	'',	'',	'',	'',	NULL,	'',	0,	'',	'',	'',	'',	0,	0,	0,	1,	0,	'',	'2016-03-11 17:48:49',	0,	0,	0,	NULL,	'2016-03-11 09:48:49'),
(495,	0,	0,	'opi_TwADC7ru1ti97RYgDkVCzNzQ',	'',	'',	'',	'',	NULL,	'',	0,	'',	'',	'',	'',	0,	0,	0,	1,	0,	'',	'2016-03-11 18:01:05',	0,	0,	0,	NULL,	'2016-03-11 10:01:05'),
(496,	0,	0,	'ois_bwsxQomSfHpi_ry71lq6ngrw',	'小怪  笨笨 ',	'',	'',	'',	NULL,	'http://wx.qlogo.cn/mmopen/7ib8Nhc1U7iadlFErz1Id5rVZYGicDVBGtEDq5LH7T88rKhOLiamic2mCiaB43QdIL8RR8wxbeKkcpia9iag1L8TSo0lSl4VaA8h2Zoq/0',	2,	'佛山',	'广东',	'',	'zh_CN',	1,	0,	0,	1,	0,	'',	'2016-03-11 18:25:16',	0,	0,	0,	NULL,	'2016-03-11 10:25:16'),
(497,	0,	0,	'opi_TwLOc2Cw1s_Cw_QJeTG_S64U',	'小怪  笨笨 ',	'',	'',	'',	NULL,	'http://wx.qlogo.cn/mmopen/7ib8Nhc1U7iadlFErz1Id5rVZYGicDVBGtEDq5LH7T88rKhOLiamic2mCiaB43QdIL8RR8wxbeKkcpia9iag1L8TSo0lSl4VaA8h2Zoq/0',	2,	'Foshan',	'Guangdong',	'',	'zh_CN',	1,	0,	0,	1,	0,	'',	'2016-03-11 18:25:21',	0,	0,	0,	NULL,	'2016-03-11 10:25:22'),
(498,	0,	0,	'ois_bwhToYcqf0gmf1iir1Q-4tOQ',	'妞妞',	'',	'',	'',	NULL,	'http://wx.qlogo.cn/mmopen/Ib5852jAybibDqIgPzshT2c5ib7kG4nFR1mFLibllMBVDGIcBdenIe2RHGyZTHonPG0npmic69lTc6E80u2doN0jnVxp8XO9JdS1/0',	2,	'成都',	'四川',	'',	'zh_CN',	1,	0,	0,	1,	0,	'',	'2016-03-11 18:29:27',	0,	0,	0,	NULL,	'2016-03-11 10:29:28'),
(499,	0,	0,	'opi_TwMKFz8f6BKPi0QYloZL26OY',	'妞妞',	'',	'',	'',	NULL,	'http://wx.qlogo.cn/mmopen/Ib5852jAybibDqIgPzshT2c5ib7kG4nFR1mFLibllMBVDGIcBdenIe2RHGyZTHonPG0npmic69lTc6E80u2doN0jnVxp8XO9JdS1/0',	2,	'Chengdu',	'Sichuan',	'',	'zh_CN',	1,	0,	0,	1,	0,	'',	'2016-03-11 18:29:40',	0,	0,	0,	NULL,	'2016-03-11 10:29:41'),
(500,	0,	0,	'ois_bwqJ5zywDXz0YQTCRwf5J80Y',	'旧友i',	'',	'',	'',	NULL,	'http://wx.qlogo.cn/mmopen/xXu3u96z7ClDv7VAqcdQkut2UibsBibjxoA6CzZRpAeHDU4OGJiaiaZhOBibLDjLIzBgJ4ZF3PjFibPUmauicaYbPgibFPN7UpKhiaeFk/0',	0,	'',	'',	'',	'zh_CN',	1,	0,	0,	1,	0,	'',	'2016-03-11 18:30:34',	0,	0,	0,	NULL,	'2016-03-11 10:30:34'),
(501,	0,	0,	'opi_TwGN9kSqjYGWwq12XLx0a9e4',	'旧友i',	'',	'',	'',	NULL,	'http://wx.qlogo.cn/mmopen/xXu3u96z7ClDv7VAqcdQkut2UibsBibjxoA6CzZRpAeHDU4OGJiaiaZhOBibLDjLIzBgJ4ZF3PjFibPUmauicaYbPgibFPN7UpKhiaeFk/0',	0,	'',	'',	'',	'zh_CN',	1,	0,	0,	1,	0,	'',	'2016-03-11 18:30:38',	0,	0,	0,	NULL,	'2016-03-11 10:30:39'),
(502,	0,	0,	'ois_bwj3pkhDmCPXk2gQFLVQa4-w',	'露',	'',	'',	'',	NULL,	'',	2,	'绵阳',	'四川',	'',	'zh_CN',	1,	0,	0,	1,	0,	'',	'2016-03-11 18:32:58',	0,	0,	0,	NULL,	'2016-03-11 10:32:58'),
(503,	0,	0,	'opi_TwF_GMgCPqxITRbGJy7PVgyE',	'露',	'',	'',	'',	NULL,	'',	2,	'Mianyang',	'Sichuan',	'',	'zh_CN',	1,	0,	0,	1,	0,	'',	'2016-03-11 18:33:05',	0,	0,	0,	NULL,	'2016-03-11 10:33:07'),
(504,	0,	0,	'ois_bwlqoDk9lD2SLkrQJwKQr_zk',	'墨白渲染沫',	'',	'',	'',	NULL,	'http://wx.qlogo.cn/mmopen/xXu3u96z7CmOxmI5fw3wAWV434xTNvHKWZLC4wialwSOF6OUOnKIxkO7pJciaOpBHOAtcalKJ6fRvUFXdDTefiad8aoibPpBvw3p/0',	1,	'德阳',	'四川',	'',	'zh_CN',	1,	0,	0,	1,	0,	'',	'2016-03-11 18:35:06',	0,	0,	0,	NULL,	'2016-03-11 10:35:06'),
(505,	0,	0,	'opi_TwJIr3mamBOH9E6ezCv6Edj8',	'墨白渲染沫',	'',	'',	'',	NULL,	'http://wx.qlogo.cn/mmopen/xXu3u96z7CmOxmI5fw3wAWV434xTNvHKWZLC4wialwSOF6OUOnKIxkO7pJciaOpBHOAtcalKJ6fRvUFXdDTefiad8aoibPpBvw3p/0',	1,	'Deyang',	'Sichuan',	'',	'zh_CN',	1,	0,	0,	1,	0,	'',	'2016-03-11 18:35:29',	0,	0,	0,	NULL,	'2016-03-11 10:35:30'),
(506,	0,	0,	'ois_bwnnFLAtckmZIGgaEnfhZ0NI',	'Kristin',	'',	'',	'',	NULL,	'http://wx.qlogo.cn/mmopen/Ib5852jAybibDqIgPzshT2cWaN6iaaR6VdrcyUxDB5gib2CoVlaQHHGLgiaFRR2pqeFnlxqt9nUicPVgic6Uf0uUecpMlQpGaJkBEh/0',	1,	'浦东新区',	'上海',	'',	'zh_CN',	1,	0,	0,	1,	0,	'',	'2016-03-11 18:56:25',	0,	0,	0,	NULL,	'2016-03-11 10:56:25'),
(507,	0,	0,	'opi_TwMk6pszzrT7nN8naGHmPG50',	'Kristin',	'',	'',	'',	NULL,	'http://wx.qlogo.cn/mmopen/Ib5852jAybibDqIgPzshT2cWaN6iaaR6VdrcyUxDB5gib2CoVlaQHHGLgiaFRR2pqeFnlxqt9nUicPVgic6Uf0uUecpMlQpGaJkBEh/0',	1,	'Pudong New District',	'Shanghai',	'',	'zh_CN',	1,	0,	0,	1,	0,	'',	'2016-03-11 18:56:29',	0,	0,	0,	NULL,	'2016-03-11 10:56:30'),
(508,	0,	0,	'ois_bwsDkewlkopMO4jneaFETjBU',	'XX',	'',	'',	'',	NULL,	'http://wx.qlogo.cn/mmopen/FyGJ7IWG8Iia5pppoUuq7oBDX3zXuT1d69aicQEZI5EYVTurgmdxveKXoMv7ZULTtWI6blD6oZPqEAkbklUTPT2oB6yXhjOgVm/0',	2,	'成都',	'四川',	'',	'zh_CN',	1,	0,	0,	1,	0,	'',	'2016-03-11 18:58:09',	0,	0,	0,	NULL,	'2016-03-11 10:58:09'),
(509,	0,	0,	'opi_TwKWHQs-GysVD1sFQAXLIUB4',	'XX',	'',	'',	'',	NULL,	'http://wx.qlogo.cn/mmopen/FyGJ7IWG8Iia5pppoUuq7oBDX3zXuT1d69aicQEZI5EYVTurgmdxveKXoMv7ZULTtWI6blD6oZPqEAkbklUTPT2oB6yXhjOgVm/0',	2,	'Chengdu',	'Sichuan',	'',	'zh_CN',	1,	0,	0,	1,	0,	'',	'2016-03-11 18:58:23',	0,	0,	0,	NULL,	'2016-03-11 10:58:25'),
(510,	0,	0,	'ois_bwtbUXuVSvc7OG_XnQlIXJYU',	'杜红红',	'',	'',	'',	NULL,	'http://wx.qlogo.cn/mmopen/FyGJ7IWG8IhWoTkfLlcicOSkCm4SCG4Pperb1nPxN5lxHj3j4P5uwkEXImEiamodMu6BIlP774Z7d5FU4LicE2LTWcVNYicN8Ut2/0',	2,	'纽波特',	'威尔士',	'',	'zh_CN',	1,	0,	0,	1,	0,	'',	'2016-03-11 19:04:22',	0,	0,	0,	NULL,	'2016-03-11 11:04:22'),
(511,	0,	0,	'opi_TwE0EhZPs8mU2vJpmd2ViR1g',	'杜红红',	'',	'',	'',	NULL,	'http://wx.qlogo.cn/mmopen/FyGJ7IWG8IhWoTkfLlcicOSkCm4SCG4Pperb1nPxN5lxHj3j4P5uwkEXImEiamodMu6BIlP774Z7d5FU4LicE2LTWcVNYicN8Ut2/0',	2,	'',	'',	'',	'zh_CN',	1,	0,	0,	1,	0,	'',	'2016-03-11 19:04:37',	0,	0,	0,	NULL,	'2016-03-11 11:04:38'),
(512,	0,	0,	'ois_bwg5GPblC3buhCq_oBvolVRo',	'顺其自然',	'',	'',	'',	NULL,	'http://wx.qlogo.cn/mmopen/ajNVdqHZLLD1Q9GTWFo1wXI6Cc6od84GSibB3kR1ap2XduIh3YUQOg3lTxvK37lmzjVic6rD00iam1dko1xL4fibVg/0',	1,	'达州',	'四川',	'',	'zh_CN',	1,	0,	0,	1,	0,	'',	'2016-03-11 19:07:42',	0,	0,	0,	NULL,	'2016-03-11 11:07:42'),
(513,	0,	0,	'opi_TwEmSWCkPDOw-jeFGmsIc5M4',	'顺其自然',	'',	'',	'',	NULL,	'http://wx.qlogo.cn/mmopen/ajNVdqHZLLD1Q9GTWFo1wXI6Cc6od84GSibB3kR1ap2XduIh3YUQOg3lTxvK37lmzjVic6rD00iam1dko1xL4fibVg/0',	1,	'Florida',	'Sichuan',	'',	'zh_CN',	1,	0,	0,	1,	0,	'',	'2016-03-11 19:08:02',	0,	0,	0,	NULL,	'2016-03-11 11:08:03'),
(514,	0,	0,	'',	'德能并进，知行合一',	'18443128957',	'',	'd8022a60c99314ed4cda718aeeb4dea6',	NULL,	'',	0,	'',	'',	'',	'',	0,	0,	0,	1,	0,	'',	'2016-03-11 19:16:53',	0,	2,	0,	NULL,	'2016-03-11 11:16:53'),
(515,	0,	0,	'ois_bws2h1xlayVZbn09Npk1DbCw',	'李晓',	'',	'',	'',	NULL,	'',	1,	'德阳',	'四川',	'',	'zh_CN',	1,	0,	0,	1,	0,	'',	'2016-03-11 19:24:50',	0,	0,	0,	NULL,	'2016-03-11 11:24:50'),
(516,	0,	0,	'opi_TwAlNZMT4rK5lYgd9b0z6WHA',	'李晓',	'',	'',	'',	NULL,	'',	1,	'Deyang',	'Sichuan',	'',	'zh_CN',	1,	0,	0,	1,	0,	'',	'2016-03-11 19:24:58',	0,	0,	0,	NULL,	'2016-03-11 11:24:59'),
(517,	0,	0,	'ois_bwsCHowQxBD_3U02pxj7Gpjs',	'陈霞霞。',	'',	'',	'',	NULL,	'http://wx.qlogo.cn/mmopen/7ib8Nhc1U7iae7yYWjz46XTELF8ccpJYwUgElXqaXvU7W2ibUVpLJ5Fhx162yVhWcnh65cc5QUPU9ticK0FMAqtWmKicxic956aTzs/0',	2,	'成都',	'四川',	'',	'zh_CN',	1,	0,	0,	1,	0,	'',	'2016-03-11 19:35:18',	0,	0,	0,	NULL,	'2016-03-11 11:35:18'),
(518,	0,	0,	'opi_TwGFsdchvem4BMJ9DjR0ZZ3s',	'陈霞霞。',	'',	'',	'',	NULL,	'http://wx.qlogo.cn/mmopen/7ib8Nhc1U7iae7yYWjz46XTELF8ccpJYwUgElXqaXvU7W2ibUVpLJ5Fhx162yVhWcnh65cc5QUPU9ticK0FMAqtWmKicxic956aTzs/0',	2,	'Chengdu',	'Sichuan',	'',	'zh_CN',	1,	0,	0,	1,	0,	'',	'2016-03-11 19:35:25',	0,	0,	0,	NULL,	'2016-03-11 11:35:26'),
(519,	0,	0,	'ois_bwlEi942rBusi9fWuPIWFaPU',	'木子青争',	'',	'',	'',	NULL,	'http://wx.qlogo.cn/mmopen/uHTAvha8wDiaa3oxkGMpCfer404udx2XTlC46nJNMwAcbz1EdOC1mKDOyNpahHUSdZmzS8DJZFygagfQBHlNnX8oReM2uw4Ik/0',	2,	'成都',	'四川',	'',	'zh_CN',	1,	0,	0,	1,	0,	'',	'2016-03-11 19:39:06',	0,	0,	0,	NULL,	'2016-03-11 11:39:06'),
(520,	0,	0,	'opi_TwBpGP1IwOk1aUZBZ1uqdRYg',	'木子青争',	'',	'',	'',	NULL,	'http://wx.qlogo.cn/mmopen/uHTAvha8wDiaa3oxkGMpCfer404udx2XTlC46nJNMwAcbz1EdOC1mKDOyNpahHUSdZmzS8DJZFygagfQBHlNnX8oReM2uw4Ik/0',	2,	'Chengdu',	'Sichuan',	'',	'zh_CN',	1,	0,	0,	1,	0,	'',	'2016-03-11 19:39:25',	0,	0,	0,	NULL,	'2016-03-11 11:39:27'),
(521,	0,	0,	'ois_bwpcc5AL-FF0rDHeb_bL20t0',	'Caiso',	'',	'',	'',	NULL,	'',	0,	'',	'',	'',	'zh_CN',	1,	0,	0,	1,	0,	'',	'2016-03-11 20:09:26',	0,	0,	0,	NULL,	'2016-03-11 12:09:26'),
(522,	0,	0,	'opi_TwDYACEf9M3SQEUM0e3yis5w',	'Caiso',	'',	'',	'',	NULL,	'',	0,	'',	'',	'',	'zh_CN',	1,	0,	4,	1,	0,	'',	'2016-03-11 20:09:31',	1,	0,	0,	NULL,	'2016-03-11 12:17:05'),
(523,	0,	0,	'opi_TwOLgLjJGRbOzYnQYntnXlTU',	'',	'',	'',	'',	NULL,	'',	0,	'',	'',	'',	'',	0,	0,	0,	1,	0,	'',	'2016-03-11 20:10:49',	0,	0,	0,	NULL,	'2016-03-11 12:10:49'),
(524,	0,	0,	'ois_bwrf3WFwAYjIMxLFkX3aYf7g',	'F',	'',	'',	'',	NULL,	'http://wx.qlogo.cn/mmopen/Ib5852jAybib76F24wRMqdxAy5ov7ARV0LKB03ZjsIh0Q2O90c1t2ibKBdqiaf3Se2d9WibMS58uH4su3xVdbNIfzEUxe7JNtzFO/0',	1,	'达州',	'四川',	'',	'zh_CN',	1,	0,	0,	1,	0,	'',	'2016-03-11 20:16:41',	0,	0,	0,	NULL,	'2016-03-11 12:16:41'),
(525,	0,	0,	'ois_bwjHFnQOUTVX6oP_KXGDCXXw',	'Xiao-',	'',	'',	'',	NULL,	'http://wx.qlogo.cn/mmopen/ajNVdqHZLLDG4e3g4uJQfx1ib4WJqxE0aib5XaOsFq27JpOXBVG9K2WjAqSNqZapfnJwib4CYDIOtUWoOuujVHzicw/0',	1,	'',	'',	'',	'zh_CN',	1,	0,	0,	1,	0,	'',	'2016-03-11 20:21:13',	0,	0,	0,	NULL,	'2016-03-11 12:21:13'),
(526,	0,	0,	'opi_TwPHMweIcKbpbEORFeQEuyA8',	'Xiao-',	'',	'',	'',	NULL,	'http://wx.qlogo.cn/mmopen/ajNVdqHZLLDG4e3g4uJQfx1ib4WJqxE0aib5XaOsFq27JpOXBVG9K2WjAqSNqZapfnJwib4CYDIOtUWoOuujVHzicw/0',	1,	'',	'',	'',	'zh_CN',	1,	0,	0,	1,	0,	'',	'2016-03-11 20:21:16',	0,	0,	0,	NULL,	'2016-03-11 12:21:17'),
(527,	0,	0,	'opi_TwCdrQRIwX-gEkI-GfbmfDGw',	'后天',	'',	'',	'',	NULL,	'http://wx.qlogo.cn/mmopen/xXu3u96z7Ck6j9IYu68AsTLy2zZicRvjKDXV6STzGCbBbGefIz7hVqUldNZLR7kNQEh9qbyvNibdR8hyx4UcHGiap4icTrAlKBWia/0',	1,	'',	'',	'',	'zh_CN',	1,	0,	0,	1,	0,	'',	'2016-03-11 20:22:08',	0,	0,	0,	NULL,	'2016-03-11 12:34:42'),
(528,	0,	0,	'ois_bwpHjsqGWJAvGwWKBBXuh27M',	'花开不败',	'',	'',	'',	NULL,	'http://wx.qlogo.cn/mmopen/FyGJ7IWG8IhWoTkfLlcicOfxXDzlcbia2fWNToic6S61FyBPNU3KfgvrB9hZL2rLx4w0mZr2fyXx7uG89dpJBapnKFV72Gy333U/0',	2,	'宜宾',	'四川',	'',	'zh_CN',	1,	0,	0,	1,	0,	'',	'2016-03-11 20:31:25',	0,	0,	0,	NULL,	'2016-03-11 12:31:25'),
(529,	0,	0,	'opi_TwFDiIhwOYrlczOy6QXnc7Ys',	'花开不败',	'',	'',	'',	NULL,	'http://wx.qlogo.cn/mmopen/FyGJ7IWG8IhWoTkfLlcicOfxXDzlcbia2fWNToic6S61FyBPNU3KfgvrB9hZL2rLx4w0mZr2fyXx7uG89dpJBapnKFV72Gy333U/0',	2,	'Yibin',	'Sichuan',	'',	'zh_CN',	1,	0,	0,	1,	0,	'',	'2016-03-11 20:31:42',	0,	0,	0,	NULL,	'2016-03-11 12:31:45'),
(530,	0,	0,	'ois_bwvL4y71GCr2xC1NqnF7KBFc',	'佘勇',	'',	'',	'',	NULL,	'http://wx.qlogo.cn/mmopen/FyGJ7IWG8Iiaib2ianiaBnEe4GYicj66hVKRUQ3KlSC2h5rzaxplWMALzib3F9P2HKcOWB4oYzcMXcMBF67eQGwYwj9QFFU00URnYm/0',	1,	'成都',	'四川',	'',	'zh_CN',	1,	0,	0,	1,	0,	'',	'2016-03-11 20:34:05',	0,	0,	0,	NULL,	'2016-03-11 12:34:05'),
(531,	0,	0,	'opi_TwMiltjCkIalGKHnGqy97xbg',	'佘勇',	'',	'',	'',	NULL,	'http://wx.qlogo.cn/mmopen/FyGJ7IWG8Iiaib2ianiaBnEe4GYicj66hVKRUQ3KlSC2h5rzaxplWMALzib3F9P2HKcOWB4oYzcMXcMBF67eQGwYwj9QFFU00URnYm/0',	1,	'Chengdu',	'Sichuan',	'',	'zh_CN',	1,	0,	0,	1,	0,	'',	'2016-03-11 20:34:10',	0,	0,	0,	NULL,	'2016-03-11 12:34:11'),
(532,	0,	0,	'ois_bwq86r933VJ2RyGoK9NC6k4A',	'后天',	'',	'',	'',	NULL,	'http://wx.qlogo.cn/mmopen/xXu3u96z7Ck6j9IYu68AsTLy2zZicRvjKDXV6STzGCbBbGefIz7hVqUldNZLR7kNQEh9qbyvNibdR8hyx4UcHGiap4icTrAlKBWia/0',	1,	'爱达荷福尔斯',	'爱达荷州',	'',	'zh_CN',	1,	0,	0,	1,	0,	'',	'2016-03-11 20:34:40',	0,	0,	0,	NULL,	'2016-03-11 12:34:40'),
(533,	0,	0,	'opi_TwI7RgO9sH3ry_ndxf1gQATM',	'邓时雨',	'',	'',	'',	NULL,	'http://wx.qlogo.cn/mmopen/FyGJ7IWG8IiayMiciaTicqiajYoKSRBQ3EChaCib9WV7icVkuE7TTicVd3wRlZ1UicfVdA9UXyfib3DIgaANHpgvx97f2PgBiaEQ0IZTsBm/0',	2,	'Deyang',	'Sichuan',	'',	'zh_CN',	1,	0,	0,	1,	0,	'',	'2016-03-11 20:37:14',	0,	0,	0,	NULL,	'2016-03-11 12:37:15'),
(534,	0,	0,	'ois_bwtiV8kEMNEb0MUlkcHTBfMk',	'逗比小哥',	'',	'',	'',	NULL,	'http://wx.qlogo.cn/mmopen/FyGJ7IWG8IjM3NCcZq5hpVH2SIibMZ3FFkKLcEwk2DicibgFdxbIUImM73onGR9VWmUibo6NXTzrSQ20uDZcktbOicdtxNMgpb8Cx/0',	1,	'',	'四川',	'',	'zh_CN',	1,	0,	0,	1,	0,	'',	'2016-03-11 20:45:37',	0,	0,	0,	NULL,	'2016-03-11 12:45:37'),
(535,	0,	0,	'opi_TwPlR-cijn-EX4-rWWQQULps',	'逗比小哥',	'',	'',	'',	NULL,	'http://wx.qlogo.cn/mmopen/FyGJ7IWG8IjM3NCcZq5hpVH2SIibMZ3FFkKLcEwk2DicibgFdxbIUImM73onGR9VWmUibo6NXTzrSQ20uDZcktbOicdtxNMgpb8Cx/0',	1,	'',	'Sichuan',	'',	'zh_CN',	1,	0,	0,	1,	0,	'',	'2016-03-11 20:45:42',	0,	0,	0,	NULL,	'2016-03-11 12:45:43'),
(536,	0,	0,	'ois_bwib-it5M5Wz5CaWVvTPppnM',	'大林',	'',	'',	'',	NULL,	'http://wx.qlogo.cn/mmopen/Q3auHgzwzM7rQZeyM1jibKX1rIYBrNRYSXzBSSbzOsXDKkFbHDRdbk4KunvBLp6Libe4Cibmw0aToUFa65MKQG6gN1tR23jxYWL96gocibabXicY/0',	1,	'',	'凯里',	'',	'zh_CN',	1,	0,	0,	1,	0,	'',	'2016-03-11 20:46:26',	0,	0,	0,	NULL,	'2016-03-11 12:46:26'),
(537,	0,	0,	'opi_TwCki0DeNW1fujM3DUco6_Qc',	'大林',	'',	'',	'',	NULL,	'http://wx.qlogo.cn/mmopen/Q3auHgzwzM7rQZeyM1jibKX1rIYBrNRYSXzBSSbzOsXDKkFbHDRdbk4KunvBLp6Libe4Cibmw0aToUFa65MKQG6gN1tR23jxYWL96gocibabXicY/0',	1,	'',	'',	'',	'zh_CN',	1,	0,	0,	1,	0,	'',	'2016-03-11 20:46:31',	0,	0,	0,	NULL,	'2016-03-11 12:46:32'),
(538,	0,	0,	'ois_bwnkAOMLPSCMWZa1f3qHI9FA',	'单调◎黑',	'',	'',	'',	NULL,	'http://wx.qlogo.cn/mmopen/L0icJ4UKEb2SCdOPlbYl1nxHaG8QkmOcw7nD3KeUJCkwgicroMibuYLGTaibU1OzI4PUplTplvN1CUVWjTH9mVNA18K2bvIMNavia/0',	1,	'',	'首尔',	'',	'zh_CN',	1,	0,	0,	1,	0,	'',	'2016-03-11 20:53:51',	0,	0,	0,	NULL,	'2016-03-11 12:53:51'),
(539,	0,	0,	'opi_TwPN3NjLH_DPKHieMuAJPbKY',	'单调◎黑',	'',	'',	'',	NULL,	'http://wx.qlogo.cn/mmopen/L0icJ4UKEb2SCdOPlbYl1nxHaG8QkmOcw7nD3KeUJCkwgicroMibuYLGTaibU1OzI4PUplTplvN1CUVWjTH9mVNA18K2bvIMNavia/0',	1,	'',	'',	'',	'zh_CN',	1,	0,	0,	1,	0,	'',	'2016-03-11 20:53:57',	0,	0,	0,	NULL,	'2016-03-11 12:56:30'),
(540,	0,	0,	'opi_TwDLa1Nr5AcSk9a5CR9k1TSc',	'',	'',	'',	'',	NULL,	'',	0,	'',	'',	'',	'',	0,	0,	0,	1,	0,	'',	'2016-03-11 20:54:14',	0,	0,	0,	NULL,	'2016-03-11 12:54:14'),
(541,	0,	0,	'opi_TwHUNC-0M8W_PkOZjUCcSC1E',	'',	'',	'',	'',	NULL,	'',	0,	'',	'',	'',	'',	0,	0,	0,	1,	0,	'',	'2016-03-11 21:01:18',	0,	0,	0,	NULL,	'2016-03-11 13:01:18'),
(542,	0,	0,	'ois_bwm3acAjKe1DWEnw9kziBRfI',	'_门神_',	'',	'',	'',	NULL,	'http://wx.qlogo.cn/mmopen/FyGJ7IWG8IgG4RD3LViaC05PribHp9axFZHJD16qdEzYxDLHF7HVHneRtZCmGOsStMAXMFQ7cnkLUTeibempdN99EUoYuAeqJEn/0',	1,	'成都',	'四川',	'',	'zh_CN',	1,	0,	0,	1,	0,	'',	'2016-03-11 21:23:36',	0,	0,	0,	NULL,	'2016-03-11 13:23:36'),
(543,	0,	0,	'opi_TwGCBH8mGpRkEGNpLpTes9oQ',	'_门神_',	'',	'',	'',	NULL,	'http://wx.qlogo.cn/mmopen/FyGJ7IWG8IgG4RD3LViaC05PribHp9axFZHJD16qdEzYxDLHF7HVHneRtZCmGOsStMAXMFQ7cnkLUTeibempdN99EUoYuAeqJEn/0',	1,	'Chengdu',	'Sichuan',	'',	'zh_CN',	1,	0,	0,	1,	0,	'',	'2016-03-11 21:23:50',	0,	0,	0,	NULL,	'2016-03-11 13:23:51'),
(544,	0,	0,	'ois_bwjxcn7qiuu6i5hgncX0WuVE',	'meta君QAQ',	'',	'',	'',	NULL,	'http://wx.qlogo.cn/mmopen/ajNVdqHZLLAhkk4maosxQ3bEqtMo2rdjhIibjMPpzFjf63QS6RLQFIa18WYxxNUZPbjWia8WHT0ZYf8OSCgwaGDA/0',	1,	'广元',	'四川',	'',	'zh_CN',	1,	0,	0,	1,	0,	'',	'2016-03-11 21:34:57',	0,	0,	0,	NULL,	'2016-03-11 13:34:57'),
(545,	0,	0,	'opi_TwCTbO9SoA3Zdunzg8DmkZfc',	'meta君QAQ',	'',	'',	'',	NULL,	'http://wx.qlogo.cn/mmopen/ajNVdqHZLLAhkk4maosxQ3bEqtMo2rdjhIibjMPpzFjf63QS6RLQFIa18WYxxNUZPbjWia8WHT0ZYf8OSCgwaGDA/0',	1,	'Guangyuan',	'Sichuan',	'',	'zh_CN',	1,	0,	0,	1,	0,	'',	'2016-03-11 21:35:00',	0,	0,	0,	NULL,	'2016-03-11 13:35:02'),
(546,	0,	0,	'ois_bwgzytu9nQ5zlXx85bqO1tzE',	'南箫',	'',	'',	'',	NULL,	'http://wx.qlogo.cn/mmopen/PiajxSqBRaEIjCJN8S1hYXWvX6tE2nKUzxHyRvkbwicLom66BRskxOVKibAL3nibRy7oxODltaQheZQictxfcqicnKOQ/0',	2,	'',	'',	'',	'zh_CN',	1,	0,	0,	1,	0,	'',	'2016-03-11 21:49:26',	0,	0,	0,	NULL,	'2016-03-11 13:49:26'),
(547,	0,	0,	'opi_TwAt3xmRhgHr_T-PPYn9t_WU',	'南箫',	'',	'',	'',	NULL,	'http://wx.qlogo.cn/mmopen/PiajxSqBRaEIjCJN8S1hYXWvX6tE2nKUzxHyRvkbwicLom66BRskxOVKibAL3nibRy7oxODltaQheZQictxfcqicnKOQ/0',	2,	'',	'',	'',	'zh_CN',	1,	0,	0,	1,	0,	'',	'2016-03-11 21:49:32',	0,	0,	0,	NULL,	'2016-03-11 13:49:33'),
(548,	0,	0,	'ois_bwpxR2KL-V45kK3DpiGmcY08',	'张雨佳',	'',	'',	'',	NULL,	'http://wx.qlogo.cn/mmopen/7ib8Nhc1U7iade5SfiaicWb8PsriaFrvdSB35bkDhvxKpibG1EiatrkuhZIhcz8RP5QbKlVLNibt88y42ehIibypO9YZQgzrKYbhULvyO/0',	1,	'德阳',	'四川',	'',	'zh_CN',	1,	0,	0,	1,	0,	'',	'2016-03-11 22:08:46',	0,	0,	0,	NULL,	'2016-03-11 14:08:46'),
(549,	0,	0,	'opi_TwCGJ65k4iiuiv1CXterqJbI',	'张雨佳',	'',	'',	'',	NULL,	'http://wx.qlogo.cn/mmopen/7ib8Nhc1U7iade5SfiaicWb8PsriaFrvdSB35bkDhvxKpibG1EiatrkuhZIhcz8RP5QbKlVLNibt88y42ehIibypO9YZQgzrKYbhULvyO/0',	1,	'Deyang',	'Sichuan',	'',	'zh_CN',	1,	0,	2,	1,	0,	'',	'2016-03-11 22:09:36',	1,	0,	0,	NULL,	'2016-03-13 05:06:30'),
(550,	0,	0,	'ois_bwtsA4qz_N6SUyDCtDF_Ug5Y',	'W╮',	'',	'',	'',	NULL,	'http://wx.qlogo.cn/mmopen/7ib8Nhc1U7iadU6pXKAnxTRVdicyQbP345YQ5wx3T6l5wqoibKe7ROb5wTwPxjwCHPiaxHjxdcfNfnf9B4JyfpzYZZma3w8N0ZESb/0',	2,	'德阳',	'四川',	'',	'zh_CN',	1,	0,	0,	1,	0,	'',	'2016-03-11 22:15:12',	0,	0,	0,	NULL,	'2016-03-11 14:15:12'),
(551,	0,	0,	'opi_TwBEY39043UMK6EoQQZBwUW8',	'W╮',	'',	'',	'',	NULL,	'http://wx.qlogo.cn/mmopen/7ib8Nhc1U7iadU6pXKAnxTRVdicyQbP345YQ5wx3T6l5wqoibKe7ROb5wTwPxjwCHPiaxHjxdcfNfnf9B4JyfpzYZZma3w8N0ZESb/0',	2,	'Deyang',	'Sichuan',	'',	'zh_CN',	1,	0,	0,	1,	0,	'',	'2016-03-11 22:15:19',	0,	0,	0,	NULL,	'2016-03-11 14:15:20'),
(552,	0,	0,	'ois_bwkEgIUw8qMlbtTn71RtGXBU',	'雨飞的天空',	'',	'',	'',	NULL,	'http://wx.qlogo.cn/mmopen/Q3auHgzwzM6pBsIAOolXaf9hjSib3vfot0DlSkia20j0biaWMHiaibicKf9VypsGibDMZI6nmeQAn8n1Yddxiaefnpl52caK7PVVmbtOjnbjpOia0GtQ/0',	1,	'成都',	'四川',	'',	'zh_CN',	0,	0,	0,	1,	0,	'',	'2016-03-11 22:15:50',	0,	0,	0,	NULL,	'2016-03-11 14:16:06'),
(553,	0,	0,	'ois_bwt_F6XGjEtjbPM9RqJUt_VQ',	'宸宸',	'',	'',	'',	NULL,	'http://wx.qlogo.cn/mmopen/xXu3u96z7CnUZJjzagIRyQH8uMmibrbA1Ku0gxQo0tiajE0mBFY54w52T2Lu9BicgSqT9EblCs6CO8vfCq5sPyfmO71oYHmbF7k/0',	2,	'自贡',	'四川',	'',	'zh_CN',	0,	0,	0,	1,	0,	'',	'2016-03-11 22:28:13',	0,	0,	0,	NULL,	'2016-03-11 14:31:08'),
(554,	0,	0,	'opi_TwDs9sC-yYFKy0zeDNYfuErI',	'宸宸',	'',	'',	'',	NULL,	'http://wx.qlogo.cn/mmopen/xXu3u96z7CnUZJjzagIRyQH8uMmibrbA1Ku0gxQo0tiajE0mBFY54w52T2Lu9BicgSqT9EblCs6CO8vfCq5sPyfmO71oYHmbF7k/0',	2,	'Zigong',	'Sichuan',	'',	'zh_CN',	1,	0,	0,	1,	0,	'',	'2016-03-11 22:28:17',	0,	0,	0,	NULL,	'2016-03-11 14:28:18'),
(555,	0,	0,	'ois_bwknLGVIYMekDnXSTCqjBt9U',	'茫茫然',	'',	'',	'',	NULL,	'http://wx.qlogo.cn/mmopen/FyGJ7IWG8IiayMiciaTicqiajYvFnsLphpoAAdU1eOeLxlyGN6icMbGNZJz0ic0uXFv8ic5YSRnyZ5TjeZpAs3B5rSyicXgamfMOPmFe9/0',	2,	'广安',	'四川',	'',	'zh_CN',	1,	0,	0,	1,	0,	'',	'2016-03-11 22:45:59',	0,	0,	0,	NULL,	'2016-03-11 14:45:59'),
(556,	0,	0,	'opi_TwJCn9e4A_ixsoWEG72m9Dvg',	'茫茫然',	'',	'',	'',	NULL,	'http://wx.qlogo.cn/mmopen/FyGJ7IWG8IiayMiciaTicqiajYvFnsLphpoAAdU1eOeLxlyGN6icMbGNZJz0ic0uXFv8ic5YSRnyZ5TjeZpAs3B5rSyicXgamfMOPmFe9/0',	2,	'Kwong',	'Sichuan',	'',	'zh_CN',	1,	0,	0,	1,	0,	'',	'2016-03-11 22:46:07',	0,	0,	0,	NULL,	'2016-03-11 14:46:08'),
(557,	0,	0,	'opi_TwKPK6G8cxkGKk4rngVx85Yo',	'',	'',	'',	'',	NULL,	'',	0,	'',	'',	'',	'',	0,	0,	0,	1,	0,	'',	'2016-03-11 22:47:24',	0,	0,	0,	NULL,	'2016-03-11 14:47:24'),
(558,	0,	0,	'opi_TwNSXv3edSoDX1KN2h5kJfKg',	'Duan',	'',	'',	'',	NULL,	'http://wx.qlogo.cn/mmopen/7ib8Nhc1U7iaeDC3jhjhPQNqztC0xmvoZQG0jfoYf332EZYJURUUIBH3tLxcdlFniaAnXJhpg3VcOJBQVpXvOAFQ20JRjRTfXqC/0',	1,	'Chengdu',	'Sichuan',	'',	'zh_CN',	1,	0,	0,	1,	0,	'',	'2016-03-11 22:51:19',	0,	0,	0,	NULL,	'2016-03-11 14:51:20'),
(559,	0,	0,	'opi_TwEkmqzPtH1B7EEXfxrcMLlk',	'谢林易',	'',	'',	'',	NULL,	'http://wx.qlogo.cn/mmopen/xXu3u96z7CnUZJjzagIRydQER02Qz0lkDkqy8lVZTT13IFIqe1Z4hkzgnUwTNuSM1FpVciccIlMGoBNMz3W03Uic22UJCOGJR9/0',	0,	'Chengdu',	'Sichuan',	'',	'zh_CN',	1,	0,	0,	1,	0,	'',	'2016-03-11 22:53:49',	0,	0,	0,	NULL,	'2016-03-11 14:53:50'),
(560,	0,	0,	'ois_bwvrZF6s-Az2xR4lz3Br9hmM',	'迷梦',	'',	'',	'',	NULL,	'http://wx.qlogo.cn/mmopen/7ib8Nhc1U7iacFmbhfxXowAtiapjBAUicgltM8ZphlcFnKnIhZ4E8reHHjv2HZNQJ41WH2AY9EEKHbicE83cnzLsKHcOrp532CEJI/0',	2,	'遂宁',	'四川',	'',	'zh_CN',	1,	0,	0,	1,	0,	'',	'2016-03-11 22:56:15',	0,	0,	0,	NULL,	'2016-03-11 14:56:15'),
(561,	0,	0,	'opi_TwISYfMfhwi88ZXBed4x1otk',	'迷梦',	'',	'',	'',	NULL,	'http://wx.qlogo.cn/mmopen/7ib8Nhc1U7iacFmbhfxXowAtiapjBAUicgltM8ZphlcFnKnIhZ4E8reHHjv2HZNQJ41WH2AY9EEKHbicE83cnzLsKHcOrp532CEJI/0',	2,	'Suining',	'Sichuan',	'',	'zh_CN',	1,	0,	0,	1,	0,	'',	'2016-03-11 22:56:23',	0,	0,	0,	NULL,	'2016-03-11 14:56:24'),
(562,	0,	0,	'ois_bwgzccZBDXABZhqM4YYka9tU',	' Claire',	'',	'',	'',	NULL,	'http://wx.qlogo.cn/mmopen/FyGJ7IWG8IhbXFLXwF1d1HGajrhEZyCI6PMx3XwF7DalPVuqDycyfBPGM6AarsibU2Y6jStOsXRQBaMAOsUZSahBUvuz0B3N5/0',	2,	'',	'',	'',	'zh_CN',	1,	0,	0,	1,	0,	'',	'2016-03-11 22:59:35',	0,	0,	0,	NULL,	'2016-03-11 14:59:35'),
(563,	0,	0,	'opi_TwHkNsSnYcVynk1of5boBnDc',	' Claire',	'',	'',	'',	NULL,	'http://wx.qlogo.cn/mmopen/FyGJ7IWG8IhbXFLXwF1d1HGajrhEZyCI6PMx3XwF7DalPVuqDycyfBPGM6AarsibU2Y6jStOsXRQBaMAOsUZSahBUvuz0B3N5/0',	2,	'',	'',	'',	'zh_CN',	1,	0,	0,	1,	0,	'',	'2016-03-11 22:59:40',	0,	0,	0,	NULL,	'2016-03-11 14:59:42'),
(564,	0,	0,	'opi_TwHHDtS8Cgo-NrXwGaugZ4kE',	'云中的angeljbr',	'',	'',	'',	NULL,	'http://wx.qlogo.cn/mmopen/xXu3u96z7Ck6j9IYu68AsfpwtsOXRJuqAt8oPC8M0P3mOXzUZbjPuhXGwCKLzGeu0qJI03lvOcUme2jT5EU390h4wVSWgfua/0',	2,	'Liangshan',	'Sichuan',	'',	'zh_CN',	1,	0,	4,	1,	0,	'',	'2016-03-11 23:03:23',	2,	0,	0,	NULL,	'2016-03-12 08:09:05'),
(565,	0,	0,	'ois_bwlTZyROK3m10up8XGzVBVOs',	'杨桃',	'',	'',	'',	NULL,	'http://wx.qlogo.cn/mmopen/ajNVdqHZLLCUaehGCyufpr9s9FIhFpk8FnAE174FFnYRg3aib6icWYkXGy3qH4iamHwmxNJKQRPJZVFZ9ByTfloIicUr9sOQF9mWZuRSYtw6DQI/0',	1,	'德阳',	'四川',	'',	'zh_CN',	1,	0,	0,	1,	0,	'',	'2016-03-11 23:12:07',	0,	0,	0,	NULL,	'2016-03-11 15:12:07'),
(566,	0,	0,	'opi_TwB5lfUa7afUVZ1ddBofw6TQ',	'杨桃',	'',	'',	'',	NULL,	'http://wx.qlogo.cn/mmopen/ajNVdqHZLLCUaehGCyufpr9s9FIhFpk8FnAE174FFnYRg3aib6icWYkXGy3qH4iamHwmxNJKQRPJZVFZ9ByTfloIicUr9sOQF9mWZuRSYtw6DQI/0',	1,	'Deyang',	'Sichuan',	'',	'zh_CN',	1,	0,	0,	1,	0,	'',	'2016-03-11 23:12:20',	0,	0,	0,	NULL,	'2016-03-11 15:12:21'),
(567,	0,	0,	'ois_bwggkb18l5dQxGCqNNdmZmmg',	'I',	'',	'',	'',	NULL,	'http://wx.qlogo.cn/mmopen/FyGJ7IWG8IiaPT0BsOsicNYCYJiaF1rLcTNeXYN4pmK3Z3959boMa3oe8AwXbJtgiaBtr6akj5jjB58X0gYF6G9JaLwibjcWXkoph/0',	1,	'巴中',	'四川',	'',	'zh_CN',	1,	0,	0,	1,	0,	'',	'2016-03-11 23:56:54',	0,	0,	0,	NULL,	'2016-03-11 15:56:54'),
(568,	0,	0,	'opi_TwNHgvhrku0O-1v_NkZGUfew',	'I',	'',	'',	'',	NULL,	'http://wx.qlogo.cn/mmopen/FyGJ7IWG8IiaPT0BsOsicNYCYJiaF1rLcTNeXYN4pmK3Z3959boMa3oe8AwXbJtgiaBtr6akj5jjB58X0gYF6G9JaLwibjcWXkoph/0',	1,	'Pakistan',	'Sichuan',	'',	'zh_CN',	1,	0,	0,	1,	0,	'',	'2016-03-11 23:56:58',	0,	0,	0,	NULL,	'2016-03-11 15:57:00'),
(569,	0,	0,	'ois_bwlbml3eRd9zCdRL0bhG1mgE',	'冰糖葫芦娃',	'',	'',	'',	NULL,	'http://wx.qlogo.cn/mmopen/Ib5852jAyb8glGCNMPnowxcdhVV3qS4v5RStIqXobicaMzT5gRqMIWGK4Ao6zYQ6c0YEU2LDsO6icB3ApmVg6fqpAmLHiaaZ3uL/0',	1,	'资阳',	'四川',	'',	'zh_CN',	1,	0,	0,	1,	0,	'',	'2016-03-12 00:32:52',	0,	0,	0,	NULL,	'2016-03-11 16:32:52'),
(570,	0,	0,	'opi_TwGGpxYoLt7FyfzF7deRE-yU',	'冰糖葫芦娃',	'',	'',	'',	NULL,	'http://wx.qlogo.cn/mmopen/Ib5852jAyb8glGCNMPnowxcdhVV3qS4v5RStIqXobicaMzT5gRqMIWGK4Ao6zYQ6c0YEU2LDsO6icB3ApmVg6fqpAmLHiaaZ3uL/0',	1,	'Ziyang',	'Sichuan',	'',	'zh_CN',	1,	0,	0,	1,	0,	'',	'2016-03-12 00:32:56',	0,	0,	0,	NULL,	'2016-03-11 16:32:57'),
(571,	0,	0,	'opi_TwOrS9fTOaklQZuA3_wMpA8M',	'spiders man',	'',	'',	'',	NULL,	'',	2,	'Florida',	'Sichuan',	'',	'zh_CN',	1,	0,	0,	1,	0,	'',	'2016-03-12 03:13:56',	0,	0,	0,	NULL,	'2016-03-11 19:13:57'),
(572,	0,	0,	'ois_bwjisPNHQMKOliYjd1Myw7ZI',	'❀       胖   大    海',	'',	'',	'',	NULL,	'http://wx.qlogo.cn/mmopen/e53Jia30YfDqntogzR7ZR50YOzoRj5VWZLWJk3QQ05xPhviawFedrzJPiaUiacYPMJpMZC5gpuUoibfeYZ3WsKYjqjnbWsFuwiccUw/0',	2,	'常州',	'江苏',	'',	'zh_CN',	1,	0,	0,	1,	0,	'',	'2016-03-12 09:14:30',	0,	0,	0,	NULL,	'2016-03-12 01:14:30'),
(573,	0,	0,	'opi_TwKoMKNxYDiJYZy_yVlbEy7Q',	'❀       胖   大    海',	'',	'',	'',	NULL,	'http://wx.qlogo.cn/mmopen/e53Jia30YfDqntogzR7ZR50YOzoRj5VWZLWJk3QQ05xPhviawFedrzJPiaUiacYPMJpMZC5gpuUoibfeYZ3WsKYjqjnbWsFuwiccUw/0',	2,	'Changzhou',	'Jiangsu',	'',	'zh_CN',	1,	0,	0,	1,	0,	'',	'2016-03-12 09:14:37',	0,	0,	0,	NULL,	'2016-03-12 01:14:38'),
(574,	0,	0,	'ois_bwghYkX_eG_1hhFTEVjOo1lU',	'  ',	'',	'',	'',	NULL,	'http://wx.qlogo.cn/mmopen/7ib8Nhc1U7iacxbOicLcByzla0OGosO7OQ3yk9Hqh9soI3TNkKaShfJNmJ71liaJoXa5e5dm4hVTvylgiaY7X6b1XJfIOibnK5IneW/0',	2,	'南充',	'四川',	'',	'zh_CN',	1,	0,	0,	1,	0,	'',	'2016-03-12 09:33:38',	0,	0,	0,	NULL,	'2016-03-12 01:33:38'),
(575,	0,	0,	'',	'gaopengjidi@126.com',	'15304841009',	'',	'7cf703b441135f0e5e744839a6f2cd4c',	NULL,	'',	0,	'',	'',	'',	'',	0,	0,	0,	1,	0,	'',	'2016-03-12 09:45:56',	0,	2,	0,	NULL,	'2016-03-12 01:45:56'),
(576,	0,	0,	'ois_bwrlpGV8aoeib-SaasYF65r0',	'明天会更好',	'',	'',	'',	NULL,	'http://wx.qlogo.cn/mmopen/xXu3u96z7CkOKX6W0wAiaZKBA8Cs8XVBTPV6CWO9mC2y1MzWQb82icgJMP4jYyRDy6UOFiaL3gtxLcZc6zyJ2Fln09xAGo9Te6q/0',	2,	'德阳',	'四川',	'',	'zh_CN',	1,	0,	0,	1,	0,	'',	'2016-03-12 09:45:59',	0,	0,	0,	NULL,	'2016-03-12 01:45:59'),
(577,	0,	0,	'opi_TwNl8azEZyCyvG99naHI2Jzs',	'明天会更好',	'',	'',	'',	NULL,	'http://wx.qlogo.cn/mmopen/xXu3u96z7CkOKX6W0wAiaZKBA8Cs8XVBTPV6CWO9mC2y1MzWQb82icgJMP4jYyRDy6UOFiaL3gtxLcZc6zyJ2Fln09xAGo9Te6q/0',	2,	'Deyang',	'Sichuan',	'',	'zh_CN',	1,	0,	0,	1,	0,	'',	'2016-03-12 09:46:07',	0,	0,	0,	NULL,	'2016-03-12 01:46:08'),
(578,	0,	0,	'opi_TwOi-7KbshhHp9jIQB5W0m8I',	'',	'',	'',	'',	NULL,	'',	0,	'',	'',	'',	'',	0,	0,	0,	1,	0,	'',	'2016-03-12 09:57:08',	0,	0,	0,	NULL,	'2016-03-12 01:57:08'),
(579,	0,	0,	'ois_bwlpB_PmfdzanVBQFdlbg5O0',	' ',	'',	'',	'',	NULL,	'http://wx.qlogo.cn/mmopen/FyGJ7IWG8IiatwMW7fEEVB2ICjU0usHtib7sCxzr428sSPGYksX4KynicceFeu4fYbmx408REBpMhZDGeicF9p8KFFrYptPqrichP/0',	1,	'南充',	'四川',	'',	'zh_CN',	1,	0,	0,	1,	0,	'',	'2016-03-12 10:30:30',	0,	0,	0,	NULL,	'2016-03-12 02:30:30'),
(580,	0,	0,	'opi_TwAlQDtQvWIQ1-U72Sx2extY',	' ',	'',	'',	'',	NULL,	'http://wx.qlogo.cn/mmopen/FyGJ7IWG8IiatwMW7fEEVB2ICjU0usHtib7sCxzr428sSPGYksX4KynicceFeu4fYbmx408REBpMhZDGeicF9p8KFFrYptPqrichP/0',	1,	'Nanchong',	'Sichuan',	'',	'zh_CN',	1,	0,	0,	1,	0,	'',	'2016-03-12 10:30:34',	0,	0,	0,	NULL,	'2016-03-12 02:30:35'),
(581,	0,	0,	'ois_bwvBstQcgzEAtl7u8yeArgjI',	'Penny',	'',	'',	'',	NULL,	'http://wx.qlogo.cn/mmopen/FyGJ7IWG8IiaCQRFciacNgYdUXwoGJODqFwRozb83JMKFCdzA7PUvUyLIfK8nBqxNPrxJdAaU3K2L67Fetviciaic5SiaEoRYI8E9ic/0',	2,	'',	'重庆',	'',	'zh_CN',	1,	0,	0,	1,	0,	'',	'2016-03-12 10:36:39',	0,	0,	0,	NULL,	'2016-03-12 02:36:39'),
(582,	0,	0,	'opi_TwNHQw0Z0eCVEnTKUXtGGPrE',	'Penny',	'',	'',	'',	NULL,	'http://wx.qlogo.cn/mmopen/FyGJ7IWG8IiaCQRFciacNgYdUXwoGJODqFwRozb83JMKFCdzA7PUvUyLIfK8nBqxNPrxJdAaU3K2L67Fetviciaic5SiaEoRYI8E9ic/0',	2,	'',	'Chongqing',	'',	'zh_CN',	1,	0,	0,	1,	0,	'',	'2016-03-12 10:36:43',	0,	0,	0,	NULL,	'2016-03-12 02:36:44'),
(583,	0,	0,	'opi_TwFiQmTc9goWjMAzEUxJIiP4',	'',	'',	'',	'',	NULL,	'',	0,	'',	'',	'',	'',	0,	0,	0,	1,	0,	'',	'2016-03-12 10:44:01',	0,	0,	0,	NULL,	'2016-03-12 02:44:01'),
(584,	0,	0,	'opi_TwLIwvZ7loT_wE5ylG6pdNME',	'',	'',	'',	'',	NULL,	'',	0,	'',	'',	'',	'',	0,	0,	0,	1,	0,	'',	'2016-03-12 10:45:02',	0,	0,	0,	NULL,	'2016-03-12 02:45:02'),
(585,	0,	0,	'ois_bwsuHS--TWhal_d9iaLuXzNk',	'古城',	'',	'',	'',	NULL,	'http://wx.qlogo.cn/mmopen/FyGJ7IWG8IhWoTkfLlcicOQG3zSfjvibx5UbZTuicuZJoFibLRxmN5dWlzfjpcJmFF8KrUJJa4d9a5FaBwia1rOIeIlCkKgDLWf3g/0',	0,	'',	'',	'',	'zh_CN',	1,	0,	0,	1,	0,	'',	'2016-03-12 11:02:16',	0,	0,	0,	NULL,	'2016-03-12 03:02:16'),
(586,	0,	0,	'opi_TwKf6HG_xhk-3fvr2WIgFcuA',	'古城',	'',	'',	'',	NULL,	'http://wx.qlogo.cn/mmopen/FyGJ7IWG8IhWoTkfLlcicOQG3zSfjvibx5UbZTuicuZJoFibLRxmN5dWlzfjpcJmFF8KrUJJa4d9a5FaBwia1rOIeIlCkKgDLWf3g/0',	0,	'',	'',	'',	'zh_CN',	1,	0,	0,	1,	0,	'',	'2016-03-12 11:02:25',	0,	0,	0,	NULL,	'2016-03-12 03:02:26'),
(587,	0,	0,	'opi_TwIiHz27H8A3xhFwPAhjnQS8',	'',	'',	'',	'',	NULL,	'',	0,	'',	'',	'',	'',	0,	0,	0,	1,	0,	'',	'2016-03-12 11:06:03',	0,	0,	0,	NULL,	'2016-03-12 03:06:03'),
(588,	0,	0,	'ois_bwv6gV_vHTrhx724CEM0nnag',	'超哥',	'',	'',	'',	NULL,	'http://wx.qlogo.cn/mmopen/7ib8Nhc1U7iaeDsORCTUeGbEBKcjicqO3SlViaSOxazKdFbDEUFnQdHwsGmn3j1y3CkBR9d2bNnvcTJjRFeEFrtMFRDzjn7icNUY4/0',	1,	'德阳',	'四川',	'',	'zh_CN',	1,	0,	0,	1,	0,	'',	'2016-03-12 11:18:40',	0,	0,	0,	NULL,	'2016-03-12 03:18:40'),
(589,	0,	0,	'opi_TwMM_HXzR70gEtvP6420ZZx8',	'超哥',	'',	'',	'',	NULL,	'http://wx.qlogo.cn/mmopen/7ib8Nhc1U7iaeDsORCTUeGbEBKcjicqO3SlViaSOxazKdFbDEUFnQdHwsGmn3j1y3CkBR9d2bNnvcTJjRFeEFrtMFRDzjn7icNUY4/0',	1,	'Deyang',	'Sichuan',	'',	'zh_CN',	1,	0,	0,	1,	0,	'',	'2016-03-12 11:19:01',	0,	0,	0,	NULL,	'2016-03-12 03:19:03'),
(590,	0,	0,	'ois_bwislpH0DGssBMP178u04wXk',	'战无不胜',	'',	'',	'',	NULL,	'http://wx.qlogo.cn/mmopen/Ib5852jAybibhY3bThL62vlHTYlnXmUGZFgWORrQhlkib0e84XNcJwAzsdSibHCV7VSZVfoR53b70Tg36a400EMic032CeYvhNYv/0',	1,	'成都',	'四川',	'',	'zh_CN',	1,	0,	0,	1,	0,	'',	'2016-03-12 11:28:52',	0,	0,	0,	NULL,	'2016-03-12 03:28:52'),
(591,	0,	0,	'opi_TwFaJMg_p9z1Y5Kf7xyNKSqA',	'战无不胜',	'',	'',	'',	NULL,	'http://wx.qlogo.cn/mmopen/Ib5852jAybibhY3bThL62vlHTYlnXmUGZFgWORrQhlkib0e84XNcJwAzsdSibHCV7VSZVfoR53b70Tg36a400EMic032CeYvhNYv/0',	1,	'Chengdu',	'Sichuan',	'',	'zh_CN',	1,	0,	5,	1,	0,	'',	'2016-03-12 11:29:37',	2,	0,	0,	NULL,	'2016-03-12 04:05:58'),
(592,	0,	0,	'ois_bwtvkwkc5sSzQeViKNyf1ntQ',	'Sunrise',	'',	'',	'',	NULL,	'http://wx.qlogo.cn/mmopen/PiajxSqBRaEKzibYktDg7lU0vmpp1p0Cia5MntxHGUhyL7iczd2QH2uLWBZG7u9WcNeMv207o1PqmZL8fYAVgt0SUA/0',	2,	'成都',	'四川',	'',	'zh_CN',	1,	0,	0,	1,	0,	'',	'2016-03-12 11:30:25',	0,	0,	0,	NULL,	'2016-03-12 03:30:25'),
(593,	0,	0,	'opi_TwB5sMvVfgFuGhSl-3agUMIU',	'Sunrise',	'',	'',	'',	NULL,	'http://wx.qlogo.cn/mmopen/PiajxSqBRaEKzibYktDg7lU0vmpp1p0Cia5MntxHGUhyL7iczd2QH2uLWBZG7u9WcNeMv207o1PqmZL8fYAVgt0SUA/0',	2,	'Chengdu',	'Sichuan',	'',	'zh_CN',	1,	0,	0,	1,	0,	'',	'2016-03-12 11:30:33',	0,	0,	0,	NULL,	'2016-03-12 03:30:34'),
(594,	0,	0,	'ois_bwor4JSodSgb5RCFmC-Qq49Q',	'神经病院负责人',	'',	'',	'',	NULL,	'http://wx.qlogo.cn/mmopen/FyGJ7IWG8IiayMiciaTicqiajYr8RnqCtmxDpqB84IrEBelzO0gccxpEWNzwGKTfQQWWCAyVkhAQ2dahiaOVfGlZUFaWTc2TwkT9PB/0',	1,	'成都',	'四川',	'',	'zh_CN',	1,	0,	0,	1,	0,	'',	'2016-03-12 11:36:04',	0,	0,	0,	NULL,	'2016-03-12 03:36:04'),
(595,	0,	0,	'opi_TwGx2HYGpRjkwCfWMAnXtvBE',	'神经病院负责人',	'',	'',	'',	NULL,	'http://wx.qlogo.cn/mmopen/FyGJ7IWG8IiayMiciaTicqiajYr8RnqCtmxDpqB84IrEBelzO0gccxpEWNzwGKTfQQWWCAyVkhAQ2dahiaOVfGlZUFaWTc2TwkT9PB/0',	1,	'Chengdu',	'Sichuan',	'',	'zh_CN',	1,	0,	0,	1,	0,	'',	'2016-03-12 11:36:11',	0,	0,	0,	NULL,	'2016-03-12 03:36:12'),
(596,	0,	0,	'ois_bwpfEueMTauAnFbA92E84U9g',	'袁朗',	'',	'',	'',	NULL,	'http://wx.qlogo.cn/mmopen/FyGJ7IWG8IjLQyawPeNN5JkyYZLYkqaibhbVvIee6Png1w7LSDXIg9fccibaZxhiaINYRAeibKgu6gnTHJt1OmRpDQhuPGCk7U9z/0',	1,	'德阳',	'四川',	'',	'zh_CN',	1,	0,	0,	1,	0,	'',	'2016-03-12 11:36:11',	0,	0,	0,	NULL,	'2016-03-12 03:36:11'),
(597,	0,	0,	'opi_TwPonqL3eUJKFC3UyGqOz40Q',	'袁朗',	'',	'',	'',	NULL,	'http://wx.qlogo.cn/mmopen/FyGJ7IWG8IjLQyawPeNN5JkyYZLYkqaibhbVvIee6Png1w7LSDXIg9fccibaZxhiaINYRAeibKgu6gnTHJt1OmRpDQhuPGCk7U9z/0',	1,	'Deyang',	'Sichuan',	'',	'zh_CN',	1,	0,	0,	1,	0,	'',	'2016-03-12 11:36:17',	0,	0,	0,	NULL,	'2016-03-12 03:36:18'),
(598,	0,	0,	'opi_TwPw0i1IgGkJ_0vJsGbs4lww',	'',	'',	'',	'',	NULL,	'',	0,	'',	'',	'',	'',	0,	0,	0,	1,	0,	'',	'2016-03-12 11:39:25',	0,	0,	0,	NULL,	'2016-03-12 03:39:25'),
(599,	0,	0,	'opi_TwOAywuZlOPKYzZ0le1SYTEA',	'佳英',	'',	'',	'',	NULL,	'http://wx.qlogo.cn/mmopen/FyGJ7IWG8IiadL4LzYUiaWsAJmIOoRSTicmH4Q2ib2SzFUmDyxStKlzElqmcSYicQZbPDwc7HS09Bh4IvOWwSzhibCloaXJqK0L7kW/0',	2,	'Mianyang',	'Sichuan',	'',	'zh_CN',	1,	0,	0,	1,	0,	'',	'2016-03-12 11:55:22',	0,	0,	0,	NULL,	'2016-03-12 03:55:23'),
(600,	0,	0,	'opi_TwDBUDNpetC_c0o3jGrLjq6s',	'',	'',	'',	'',	NULL,	'',	0,	'',	'',	'',	'',	0,	0,	0,	1,	0,	'',	'2016-03-12 11:55:53',	0,	0,	0,	NULL,	'2016-03-12 03:55:53'),
(601,	0,	0,	'ois_bwvMh0oEsJPcbeFyZk9d7-rU',	'奔跑者',	'',	'',	'',	NULL,	'http://wx.qlogo.cn/mmopen/Ib5852jAybic97E30ug27nXCnFIJHP4m2gynwZbibPG3ZQCckevib1eZt436eiahKxaicL0mpicbicoFSAAMTyjS2eMUHmKKuAMZofk/0',	1,	'德阳',	'四川',	'',	'zh_CN',	1,	0,	0,	1,	0,	'',	'2016-03-12 12:09:44',	0,	0,	0,	NULL,	'2016-03-12 04:09:44'),
(602,	0,	0,	'ois_bwgBHlqSkvwc4wdDdZjyjZik',	'欲握玫瑰，必承其痛',	'',	'',	'',	NULL,	'http://wx.qlogo.cn/mmopen/xXu3u96z7Ck6j9IYu68AsWmqibuTRCvlNAnk9PlAjPIoBgPbHDoY26KOdBDKFBaBYAGRQjnS7fuHeAG9WocFa7B0JYoCanJF4/0',	1,	'',	'',	'',	'zh_CN',	1,	0,	0,	1,	0,	'',	'2016-03-12 12:59:53',	0,	0,	0,	NULL,	'2016-03-12 04:59:53'),
(603,	0,	0,	'opi_TwE0mgj-2xn02F0V1G8314cM',	'欲握玫瑰，必承其痛',	'',	'',	'',	NULL,	'http://wx.qlogo.cn/mmopen/xXu3u96z7Ck6j9IYu68AsWmqibuTRCvlNAnk9PlAjPIoBgPbHDoY26KOdBDKFBaBYAGRQjnS7fuHeAG9WocFa7B0JYoCanJF4/0',	1,	'',	'',	'',	'zh_CN',	1,	0,	0,	1,	0,	'',	'2016-03-12 13:00:03',	0,	0,	0,	NULL,	'2016-03-12 05:00:04'),
(604,	0,	0,	'ois_bwk4h0il7yp6nODtwLrchfoM',	'易小力呀易小力～',	'',	'',	'',	NULL,	'http://wx.qlogo.cn/mmopen/7ib8Nhc1U7iad9RRLDqC2SIgxnjbTtAcUialNlia1ZScjfenUv3pU6I57gFoibPiboBze52BicpEhdCazCviaF3Qnhc6WWaj0YvicNCwQ/0',	2,	'德阳',	'四川',	'',	'zh_CN',	1,	0,	0,	1,	0,	'',	'2016-03-12 13:14:34',	0,	0,	0,	NULL,	'2016-03-12 05:14:34'),
(605,	0,	0,	'opi_TwONe5GwWAvM4MMc11Lveztw',	'易小力呀易小力～',	'',	'',	'',	NULL,	'http://wx.qlogo.cn/mmopen/7ib8Nhc1U7iad9RRLDqC2SIgxnjbTtAcUialNlia1ZScjfenUv3pU6I57gFoibPiboBze52BicpEhdCazCviaF3Qnhc6WWaj0YvicNCwQ/0',	2,	'Deyang',	'Sichuan',	'',	'zh_CN',	1,	0,	0,	1,	0,	'',	'2016-03-12 13:14:39',	0,	0,	0,	NULL,	'2016-03-12 05:14:40'),
(606,	0,	0,	'opi_TwDZp8rMqJm9bePczIL-PtHw',	'',	'',	'',	'',	NULL,	'',	0,	'',	'',	'',	'',	0,	0,	0,	1,	0,	'',	'2016-03-12 14:51:51',	0,	0,	0,	NULL,	'2016-03-12 06:51:51'),
(607,	0,	0,	'opi_TwEVN46-ch7-RnQESYlQEiaQ',	'一指浅水',	'',	'',	'',	NULL,	'http://wx.qlogo.cn/mmopen/FyGJ7IWG8Igu9RtDanZUgySHVUvqhIKln1BHkAqSTYwNqIX3dU7ibIyic9KJpyxOIGanJhcP14oRZU4qzvV5NlkpVDoo9vxWe0/0',	1,	'Mianyang',	'Sichuan',	'',	'zh_CN',	1,	0,	0,	1,	0,	'',	'2016-03-12 14:58:58',	0,	0,	0,	NULL,	'2016-03-12 06:58:59'),
(608,	0,	0,	'opi_TwJv3IubAwBLH9MVJhjy3LrE',	'奔跑者',	'',	'',	'',	NULL,	'http://wx.qlogo.cn/mmopen/Ib5852jAybic97E30ug27nXCnFIJHP4m2gynwZbibPG3ZQCckevib1eZt436eiahKxaicL0mpicbicoFSAAMTyjS2eMUHmKKuAMZofk/0',	1,	'Deyang',	'Sichuan',	'',	'zh_CN',	1,	0,	0,	1,	0,	'',	'2016-03-12 15:18:11',	0,	0,	0,	NULL,	'2016-03-12 07:18:13'),
(609,	0,	0,	'opi_TwFvOSNJowYR__h2-klaXa7o',	'',	'',	'',	'',	NULL,	'',	0,	'',	'',	'',	'',	0,	0,	0,	1,	0,	'',	'2016-03-12 15:34:45',	0,	0,	0,	NULL,	'2016-03-12 07:34:45'),
(610,	0,	0,	'opi_TwNjDuNBtQ0QPSKussLXfXNg',	'',	'',	'',	'',	NULL,	'',	0,	'',	'',	'',	'',	0,	0,	0,	1,	0,	'',	'2016-03-12 15:47:04',	0,	0,	0,	NULL,	'2016-03-12 07:47:04'),
(611,	0,	0,	'ois_bwj_8xeEc22wD5vqYSXkMDi0',	'殷振宇',	'',	'',	'',	NULL,	'http://wx.qlogo.cn/mmopen/7ib8Nhc1U7iadU6pXKAnxTRdGPW7U2uZcabtleWQOODnlS0BHG0icDmwhHtQRibNJEXzKQiaTkH6ibJU4LYicYTn5YNBXZAHibqLMqc6/0',	1,	'成都',	'四川',	'',	'zh_CN',	1,	0,	0,	1,	0,	'',	'2016-03-12 15:50:40',	0,	0,	0,	NULL,	'2016-03-12 07:50:40'),
(612,	0,	0,	'opi_TwD03IjV9HM2HiFOQTATovaU',	'',	'',	'',	'',	NULL,	'',	0,	'',	'',	'',	'',	0,	0,	10,	1,	0,	'',	'2016-03-12 16:18:43',	2,	0,	0,	NULL,	'2016-03-12 08:26:34'),
(613,	0,	0,	'opi_TwEHiE__qzF73k-OQUmTlWlk',	'殷振宇',	'',	'',	'',	NULL,	'http://wx.qlogo.cn/mmopen/7ib8Nhc1U7iadU6pXKAnxTRdGPW7U2uZcabtleWQOODnlS0BHG0icDmwhHtQRibNJEXzKQiaTkH6ibJU4LYicYTn5YNBXZAHibqLMqc6/0',	1,	'Chengdu',	'Sichuan',	'',	'zh_CN',	1,	0,	0,	1,	0,	'',	'2016-03-12 16:47:49',	0,	0,	0,	NULL,	'2016-03-12 08:47:50'),
(614,	0,	0,	'ois_bwtKmQraISlxVoAs7karQW8I',	'FORGIVE\'\'-',	'',	'',	'',	NULL,	'http://wx.qlogo.cn/mmopen/xXu3u96z7Ck6j9IYu68AseUxyRcTeibhjqYUYYOLKqPKiabR40fF7xFJeic3kia3TDB0s6xEYUa89MqNgUYFN5GNaZWhNhKSGFJA/0',	2,	'自贡',	'四川',	'',	'zh_CN',	1,	0,	0,	1,	0,	'',	'2016-03-12 16:54:24',	0,	0,	0,	NULL,	'2016-03-12 08:54:24'),
(615,	0,	0,	'opi_TwLxF1-GVKv069ttfn04Yaj8',	'FORGIVE\'\'-',	'',	'',	'',	NULL,	'http://wx.qlogo.cn/mmopen/xXu3u96z7Ck6j9IYu68AseUxyRcTeibhjqYUYYOLKqPKiabR40fF7xFJeic3kia3TDB0s6xEYUa89MqNgUYFN5GNaZWhNhKSGFJA/0',	2,	'Zigong',	'Sichuan',	'',	'zh_CN',	1,	0,	0,	1,	0,	'',	'2016-03-12 16:54:28',	0,	0,	0,	NULL,	'2016-03-12 08:54:29'),
(616,	0,	0,	'opi_TwJIuDkfbHwLV4znGr_SqqcA',	'',	'',	'',	'',	NULL,	'',	0,	'',	'',	'',	'',	0,	0,	0,	1,	0,	'',	'2016-03-12 17:44:29',	0,	0,	0,	NULL,	'2016-03-12 09:44:29'),
(617,	0,	0,	'opi_TwDye8TU9XRRpYpnzkBPaAZE',	'',	'',	'',	'',	NULL,	'',	0,	'',	'',	'',	'',	0,	0,	0,	1,	0,	'',	'2016-03-12 18:00:42',	0,	0,	0,	NULL,	'2016-03-12 10:00:42'),
(618,	0,	0,	'ois_bwhtYHlE_b6Kr0XC068VikWA',	'Hey',	'',	'',	'',	NULL,	'http://wx.qlogo.cn/mmopen/FyGJ7IWG8IiaVgOIOXibqrDdcDic2TSjYo4wQmnJyFS59QaLPP79Rw7q0S48mLNVc4G7nMOkia14A5TDgO9b2b0vNeYNPaiadOnNia/0',	2,	'德阳',	'四川',	'',	'zh_CN',	1,	0,	0,	1,	0,	'',	'2016-03-12 18:39:33',	0,	0,	0,	NULL,	'2016-03-12 10:39:33'),
(619,	0,	0,	'opi_TwLz2-GBbk1ApXbmJSGoCuxs',	'Hey',	'',	'',	'',	NULL,	'http://wx.qlogo.cn/mmopen/FyGJ7IWG8IiaVgOIOXibqrDdcDic2TSjYo4wQmnJyFS59QaLPP79Rw7q0S48mLNVc4G7nMOkia14A5TDgO9b2b0vNeYNPaiadOnNia/0',	2,	'Deyang',	'Sichuan',	'',	'zh_CN',	1,	0,	0,	1,	0,	'',	'2016-03-12 18:39:38',	0,	0,	0,	NULL,	'2016-03-12 10:39:39'),
(620,	0,	0,	'ois_bwmyQ5b-pB06fOt5nQlKvXMA',	'(*¯︶¯*)',	'',	'',	'',	NULL,	'http://wx.qlogo.cn/mmopen/ajNVdqHZLLC2DhOYFoQNacIdA1dTdbjjN0s77slzeiamsNfDehORdibzJiadRQicSJSQKsEBTHpib3fOBPUkF59NJFQ/0',	0,	'',	'',	'',	'zh_CN',	1,	0,	0,	1,	0,	'',	'2016-03-12 19:30:37',	0,	0,	0,	NULL,	'2016-03-12 11:30:37'),
(621,	0,	0,	'opi_TwFOw6viSVyHDPJ05G1cZIqc',	'(*¯︶¯*)',	'',	'',	'',	NULL,	'http://wx.qlogo.cn/mmopen/ajNVdqHZLLC2DhOYFoQNacIdA1dTdbjjN0s77slzeiamsNfDehORdibzJiadRQicSJSQKsEBTHpib3fOBPUkF59NJFQ/0',	0,	'',	'',	'',	'zh_CN',	1,	0,	0,	1,	0,	'',	'2016-03-12 19:31:02',	0,	0,	0,	NULL,	'2016-03-12 11:31:03'),
(622,	0,	0,	'ois_bwsCjHp8-uhNyDzrZ70be2OY',	'凯哥',	'',	'',	'',	NULL,	'',	1,	'',	'',	'',	'zh_CN',	1,	0,	0,	1,	0,	'',	'2016-03-12 19:33:02',	0,	0,	0,	NULL,	'2016-03-12 11:33:02'),
(623,	0,	0,	'opi_TwMGVLyMLhabr7mQmAPZD068',	'凯哥',	'',	'',	'',	NULL,	'',	1,	'',	'',	'',	'zh_CN',	1,	0,	3,	1,	0,	'',	'2016-03-12 19:33:13',	1,	0,	0,	NULL,	'2016-03-12 12:07:53'),
(624,	0,	0,	'ois_bwvvFVjs149T3qLtAODcTBRQ',	'一朵芙蓉著秋雨',	'',	'',	'',	NULL,	'http://wx.qlogo.cn/mmopen/FyGJ7IWG8IiaPT0BsOsicNYAbiaUup9rVoUoAricp5ia8SQQo0Ew7CsRBNEen2SzpaCWQ1E5HJH2GJHxdRqI3gRgnBThz8yiaIENL9/0',	0,	'',	'',	'',	'zh_CN',	1,	0,	0,	1,	0,	'',	'2016-03-12 19:34:16',	0,	0,	0,	NULL,	'2016-03-12 11:34:16'),
(625,	0,	0,	'opi_TwB7SWpKYM_1AuNBntvSsEmQ',	'一朵芙蓉著秋雨',	'',	'',	'',	NULL,	'http://wx.qlogo.cn/mmopen/FyGJ7IWG8IiaPT0BsOsicNYAbiaUup9rVoUoAricp5ia8SQQo0Ew7CsRBNEen2SzpaCWQ1E5HJH2GJHxdRqI3gRgnBThz8yiaIENL9/0',	0,	'',	'',	'',	'zh_CN',	1,	0,	0,	1,	0,	'',	'2016-03-12 19:34:22',	0,	0,	0,	NULL,	'2016-03-12 11:34:23'),
(626,	0,	0,	'ois_bwkc7MSI2-V7drRWMHt-xHAU',	'李阳',	'',	'',	'',	NULL,	'http://wx.qlogo.cn/mmopen/ajNVdqHZLLDZOgBqmHvS1SLE8ZWPCaoC5oQ0C8xLVqSg0ZlUffZIsDOicics1Z30gwAR5RuMgXuic8jNrGdDvGpiaA/0',	1,	'德阳',	'四川',	'',	'zh_CN',	1,	0,	0,	1,	0,	'',	'2016-03-12 19:40:37',	0,	0,	0,	NULL,	'2016-03-12 11:40:37'),
(627,	0,	0,	'opi_TwADNSa--p2QaCu_-nYW6bVk',	'李阳',	'',	'',	'',	NULL,	'http://wx.qlogo.cn/mmopen/ajNVdqHZLLDZOgBqmHvS1SLE8ZWPCaoC5oQ0C8xLVqSg0ZlUffZIsDOicics1Z30gwAR5RuMgXuic8jNrGdDvGpiaA/0',	1,	'Deyang',	'Sichuan',	'',	'zh_CN',	1,	0,	0,	1,	0,	'',	'2016-03-12 19:41:08',	0,	0,	0,	NULL,	'2016-03-12 11:41:09'),
(628,	0,	0,	'ois_bwicZ6invCXTJBV9Fn_2DPbM',	'天兵哥 海济',	'',	'',	'',	NULL,	'http://wx.qlogo.cn/mmopen/urC1LWEaQrkVTZAicWICdqbbDLSwYMHiacUtOBDB6TkGNn9HT5p106NaZVBUR4Q6qf3DGmOLmLazaGMQictEYyjGyiavN64luTDa/0',	1,	'乐山',	'四川',	'',	'zh_CN',	1,	0,	0,	1,	0,	'',	'2016-03-12 19:49:28',	0,	0,	0,	NULL,	'2016-03-12 11:49:28'),
(629,	0,	0,	'opi_TwBSCFPE4hQ_hJSyhg4AfUIY',	'',	'',	'',	'',	NULL,	'',	0,	'',	'',	'',	'',	0,	0,	0,	1,	0,	'',	'2016-03-12 19:50:45',	0,	0,	0,	NULL,	'2016-03-12 11:50:45'),
(630,	0,	0,	'ois_bwkP01v27dKQvbAICXWHYqGo',	'Sunrise',	'',	'',	'',	NULL,	'http://wx.qlogo.cn/mmopen/7ib8Nhc1U7iadrOibWkxCicsicVMzVIHewtwUicWiah72rVMy2BdiakcU8MfLPkE6d2b5myXPQibic3NwJpcfxZibCQKC1ibtoibS5XwVlTicK/0',	2,	'成都',	'四川',	'',	'zh_CN',	1,	0,	0,	1,	0,	'',	'2016-03-12 19:50:49',	0,	0,	0,	NULL,	'2016-03-12 11:50:49'),
(631,	0,	0,	'ois_bwvFoFfVy_CiYg5v1f0VIwWU',	'潇',	'',	'',	'',	NULL,	'http://wx.qlogo.cn/mmopen/Ib5852jAyb8EdUXJQ1sm1kKOORsfibYr9ibu1icksItD6H4kmfqyheuSwIKU2X3LLmTXo4icjR0ibPC2ozC2Ab1B0iaIiaibric2ibPGs5/0',	1,	'德阳',	'四川',	'',	'zh_CN',	1,	0,	0,	1,	0,	'',	'2016-03-12 20:23:38',	0,	0,	0,	NULL,	'2016-03-12 12:23:38'),
(632,	0,	0,	'opi_TwL2wna0BiZbUUwCa7g24yus',	'潇',	'',	'',	'',	NULL,	'http://wx.qlogo.cn/mmopen/Ib5852jAyb8EdUXJQ1sm1kKOORsfibYr9ibu1icksItD6H4kmfqyheuSwIKU2X3LLmTXo4icjR0ibPC2ozC2Ab1B0iaIiaibric2ibPGs5/0',	1,	'Deyang',	'Sichuan',	'',	'zh_CN',	1,	0,	0,	1,	0,	'',	'2016-03-12 20:23:51',	0,	0,	0,	NULL,	'2016-03-12 12:23:53'),
(633,	0,	0,	'ois_bwtxkJDPPW886Im6s9tEYKTI',	'雪',	'',	'',	'',	NULL,	'http://wx.qlogo.cn/mmopen/xXu3u96z7CnUZJjzagIRyceHgia8zr057AbXAt6NLliacnenmTQ1ykSPd4MfEtXnuYrEeVudWFYiaoibSjY2QU2U2S5PN039ykRC/0',	1,	'巴中',	'四川',	'',	'zh_CN',	1,	0,	0,	1,	0,	'',	'2016-03-12 20:30:54',	0,	0,	0,	NULL,	'2016-03-12 12:30:54'),
(634,	0,	0,	'opi_TwDzTKEqbQleRDso0vCAWhQE',	'',	'',	'',	'',	NULL,	'',	0,	'',	'',	'',	'',	0,	0,	0,	1,	0,	'',	'2016-03-12 20:44:53',	0,	0,	0,	NULL,	'2016-03-12 12:44:53'),
(635,	0,	0,	'ois_bwuWMdbQ1mHoiUwmGiNvH_lA',	'晴天',	'',	'',	'',	NULL,	'http://wx.qlogo.cn/mmopen/7ib8Nhc1U7iadU6pXKAnxTRbh59Txg92KmF8xFn6828IjiaWicOjGSJonNk1jqEiczhuBKIWgs2DhOquPdtEnhsqXb47qSMC2SZg2/0',	1,	'内江',	'四川',	'',	'zh_CN',	1,	0,	0,	1,	0,	'',	'2016-03-12 20:49:17',	0,	0,	0,	NULL,	'2016-03-12 12:49:17'),
(636,	0,	0,	'opi_TwF5--2_7vsZXTur_HcKbhxw',	'晴天',	'',	'',	'',	NULL,	'http://wx.qlogo.cn/mmopen/7ib8Nhc1U7iadU6pXKAnxTRbh59Txg92KmF8xFn6828IjiaWicOjGSJonNk1jqEiczhuBKIWgs2DhOquPdtEnhsqXb47qSMC2SZg2/0',	1,	'Neijiang',	'Sichuan',	'',	'zh_CN',	1,	0,	5,	1,	0,	'',	'2016-03-12 20:49:22',	2,	0,	0,	NULL,	'2016-03-12 13:17:56'),
(637,	0,	0,	'ois_bwrI4l5TfITCdCLn4WK8d53Q',	'欣语',	'',	'',	'',	NULL,	'http://wx.qlogo.cn/mmopen/xXu3u96z7CnUZJjzagIRyXzr12oGUW5xgT0hdN5sH9r0ysAicIJoiczDcaUlH5eBjjJAlCfUjNuR6gjejOA6uXRAs2n9EicdH3C/0',	0,	'',	'',	'',	'zh_CN',	1,	0,	0,	1,	0,	'',	'2016-03-12 20:55:57',	0,	0,	0,	NULL,	'2016-03-12 12:55:57'),
(638,	0,	0,	'ois_bwnh55-vCuVkqTfgCGhXIqXM',	'刘燕枚',	'',	'',	'',	NULL,	'http://wx.qlogo.cn/mmopen/FyGJ7IWG8IiayMiciaTicqiajYiaSn7KsvOiaAdxiasQMQEE63Yvy3nNsP9gQ9PhmfLzsykJ9WTCFku2Rv9fm79q9tqRNJlXiaxH9d8Ou/0',	2,	'自贡',	'四川',	'',	'zh_CN',	1,	0,	0,	1,	0,	'',	'2016-03-12 20:56:03',	0,	0,	0,	NULL,	'2016-03-12 12:56:03'),
(639,	0,	0,	'opi_TwKR2AJHhbbVDbASp5bjsQcM',	'刘燕枚',	'',	'',	'',	NULL,	'http://wx.qlogo.cn/mmopen/FyGJ7IWG8IiayMiciaTicqiajYiaSn7KsvOiaAdxiasQMQEE63Yvy3nNsP9gQ9PhmfLzsykJ9WTCFku2Rv9fm79q9tqRNJlXiaxH9d8Ou/0',	2,	'Zigong',	'Sichuan',	'',	'zh_CN',	1,	0,	0,	1,	0,	'',	'2016-03-12 20:56:07',	0,	0,	0,	NULL,	'2016-03-12 12:56:08'),
(640,	0,	0,	'ois_bwqOroqJLZUj0jhItWl8YArA',	'任鑫',	'',	'',	'',	NULL,	'http://wx.qlogo.cn/mmopen/xXu3u96z7CnmQjKwb8uicfy7OzClL3icCqsGMFVEHmcGFgDCUJCkA8loaKSjpmnqHusVeFjqibb09BsOVUhe7C5puQTp68UA0Zj/0',	1,	'德阳',	'四川',	'',	'zh_CN',	1,	0,	0,	1,	0,	'',	'2016-03-12 20:59:31',	0,	0,	0,	NULL,	'2016-03-12 12:59:31'),
(641,	0,	0,	'opi_TwLWa2iBhOFBOgpAeq8GH3u0',	'任鑫',	'',	'',	'',	NULL,	'http://wx.qlogo.cn/mmopen/xXu3u96z7CnmQjKwb8uicfy7OzClL3icCqsGMFVEHmcGFgDCUJCkA8loaKSjpmnqHusVeFjqibb09BsOVUhe7C5puQTp68UA0Zj/0',	1,	'Deyang',	'Sichuan',	'',	'zh_CN',	1,	0,	0,	1,	0,	'',	'2016-03-12 20:59:41',	0,	0,	0,	NULL,	'2016-03-12 12:59:42'),
(642,	0,	0,	'ois_bwgolmWsmRYEhH8ran7Xt7Dc',	'活腻了的番茄',	'',	'',	'',	NULL,	'http://wx.qlogo.cn/mmopen/Q3auHgzwzM4N5DNwNIs3JAficGAJPWgREt2N4dSVFsN8Eo6iaceia0lp4IE7MWKYABicuuSBAqgDtFFaa7aOvC98F6ERw0XeB1lcWzG23zYvFYw/0',	2,	'眉山',	'四川',	'',	'zh_CN',	1,	0,	0,	1,	0,	'',	'2016-03-12 21:00:55',	0,	0,	0,	NULL,	'2016-03-12 13:00:55'),
(643,	0,	0,	'opi_TwEkXWRX-STJ-Jb1GHQ-Ux0s',	'活腻了的番茄',	'',	'',	'',	NULL,	'http://wx.qlogo.cn/mmopen/Q3auHgzwzM4N5DNwNIs3JAficGAJPWgREt2N4dSVFsN8Eo6iaceia0lp4IE7MWKYABicuuSBAqgDtFFaa7aOvC98F6ERw0XeB1lcWzG23zYvFYw/0',	2,	'Meishan',	'Sichuan',	'',	'zh_CN',	1,	0,	0,	1,	0,	'',	'2016-03-12 21:01:01',	0,	0,	0,	NULL,	'2016-03-12 13:01:02'),
(644,	0,	0,	'ois_bwpDFSNlvVnVp-sw3Vw_HDc0',	'hold不住的心',	'',	'',	'',	NULL,	'http://wx.qlogo.cn/mmopen/uHTAvha8wDiaDuy1ibVT1bZwQFDQDicC4vVjER3kbxZSfHGKjJxmlrzC3d6XG0eDK6nkLBsOh78J817kU2S1mE8pibvr6IjqSQmp/0',	0,	'',	'',	'',	'zh_CN',	1,	0,	0,	1,	0,	'',	'2016-03-12 21:13:44',	0,	0,	0,	NULL,	'2016-03-12 13:13:44'),
(645,	0,	0,	'ois_bwlB9x07IlbenaHM3kdSN9nY',	'C。',	'',	'',	'',	NULL,	'http://wx.qlogo.cn/mmopen/xXu3u96z7CmAquicBLicKOuypKMoew6VZklbib8SicpeVjeK6VlOl6MOJTXPgAaFVNbVh52hAzNY3hXibFrnFjQaxPFtxcbibcfJlw/0',	1,	'德阳',	'四川',	'',	'zh_CN',	1,	0,	0,	1,	0,	'',	'2016-03-12 21:37:42',	0,	0,	0,	NULL,	'2016-03-12 13:37:42'),
(646,	0,	0,	'opi_TwFKGqZs3Afj-2yZ8nTh3wAw',	'C。',	'',	'',	'',	NULL,	'http://wx.qlogo.cn/mmopen/PiajxSqBRaEL4y5J55lrTKywHrsjibstmsegWWCQnITr9FRXh90cIDekibvhWxxJglWLcsJQiacJWIfTic5GkJjuJc7aM7o4P0RAa83039aoW2AE/0',	1,	'Deyang',	'Sichuan',	'',	'zh_CN',	1,	0,	2,	1,	0,	'',	'2016-03-12 21:37:47',	2,	0,	0,	NULL,	'2016-03-13 13:55:51'),
(647,	0,	0,	'opi_TwEA-PpBpq6cg3aTfWeMmQtY',	'天兵哥 海济',	'',	'',	'',	NULL,	'http://wx.qlogo.cn/mmopen/urC1LWEaQrkVTZAicWICdqbbDLSwYMHiacUtOBDB6TkGNn9HT5p106NaZVBUR4Q6qf3DGmOLmLazaGMQictEYyjGyiavN64luTDa/0',	1,	'Leshan',	'Sichuan',	'',	'zh_CN',	1,	0,	0,	1,	0,	'',	'2016-03-13 07:45:43',	0,	0,	0,	NULL,	'2016-03-12 23:45:43'),
(648,	0,	0,	'opi_TwAFVa86AhhrfbBv26NVqdDs',	'',	'',	'',	'',	NULL,	'',	0,	'',	'',	'',	'',	0,	0,	0,	1,	0,	'',	'2016-03-13 08:03:52',	0,	0,	0,	NULL,	'2016-03-13 00:03:52'),
(649,	0,	0,	'opi_TwIHFmlp9Rux32GMx8nSaE4E',	'',	'',	'',	'',	NULL,	'',	0,	'',	'',	'',	'',	0,	0,	0,	1,	0,	'',	'2016-03-13 08:42:13',	0,	0,	0,	NULL,	'2016-03-13 00:42:13'),
(650,	0,	0,	'opi_TwDDMts7i7eHdNsAT-2yXIJc',	'',	'',	'',	'',	NULL,	'',	0,	'',	'',	'',	'',	0,	0,	0,	1,	0,	'',	'2016-03-13 08:53:25',	0,	0,	0,	NULL,	'2016-03-13 00:53:25'),
(651,	0,	0,	'opi_TwC19RIbGPWVQD1ccyYoixRI',	'',	'',	'',	'',	NULL,	'',	0,	'',	'',	'',	'',	0,	0,	0,	1,	0,	'',	'2016-03-13 08:58:34',	0,	0,	0,	NULL,	'2016-03-13 00:58:34'),
(652,	0,	0,	'opi_TwEQmOdrFeWBc-VVtlIRbcT4',	'',	'',	'',	'',	NULL,	'',	0,	'',	'',	'',	'',	0,	0,	0,	1,	0,	'',	'2016-03-13 09:01:36',	0,	0,	0,	NULL,	'2016-03-13 01:01:36'),
(653,	0,	0,	'opi_TwETSVtOaX5gaEqWIPDnDJgs',	'',	'',	'',	'',	NULL,	'',	0,	'',	'',	'',	'',	0,	0,	0,	1,	0,	'',	'2016-03-13 09:14:30',	1,	0,	0,	NULL,	'2016-03-13 03:45:22'),
(654,	0,	0,	'opi_TwBi8j58urWW0zJcOCcDCwYM',	'',	'',	'',	'',	NULL,	'',	0,	'',	'',	'',	'',	0,	0,	0,	1,	0,	'',	'2016-03-13 09:22:04',	0,	0,	0,	NULL,	'2016-03-13 01:22:04'),
(655,	0,	0,	'opi_TwBwTvWhV2fAR_QpUFHVe8qQ',	'',	'',	'',	'',	NULL,	'',	0,	'',	'',	'',	'',	0,	0,	0,	1,	0,	'',	'2016-03-13 09:45:43',	0,	0,	0,	NULL,	'2016-03-13 01:45:43'),
(656,	0,	0,	'opi_TwD_xibVnk7k9WF4vQFMJWRc',	'',	'',	'',	'',	NULL,	'',	0,	'',	'',	'',	'',	0,	0,	0,	1,	0,	'',	'2016-03-13 10:12:19',	0,	0,	0,	NULL,	'2016-03-13 02:12:19'),
(657,	0,	0,	'opi_TwISMKlsoS0tN2ThDrdEqiLI',	'',	'',	'',	'',	NULL,	'',	0,	'',	'',	'',	'',	0,	0,	0,	1,	0,	'',	'2016-03-13 10:20:11',	0,	0,	0,	NULL,	'2016-03-13 02:20:11'),
(658,	0,	0,	'opi_TwFW4TWwPphS0oCanQ4l0DpY',	'',	'',	'',	'',	NULL,	'',	0,	'',	'',	'',	'',	0,	0,	0,	1,	0,	'',	'2016-03-13 10:32:37',	0,	0,	0,	NULL,	'2016-03-13 02:32:37'),
(659,	0,	0,	'ois_bwoh5_ATARWjopG3ojsJ8sMU',	'好好活',	'',	'',	'',	NULL,	'http://wx.qlogo.cn/mmopen/ajNVdqHZLLCaXl8SSetycO11VibVQRoLca5XOloP4ricfWSlXzkCDqWZM66thR4CtBSGELs2kkKgFxKBkVD4Q3TA/0',	0,	'',	'',	'',	'zh_CN',	1,	0,	0,	1,	0,	'',	'2016-03-13 10:46:35',	0,	0,	0,	NULL,	'2016-03-13 02:46:35'),
(660,	0,	0,	'ois_bwhQbLUZxae7ecwX4H7IuumY',	'啦啦啦',	'',	'',	'',	NULL,	'http://wx.qlogo.cn/mmopen/urC1LWEaQrkVTZAicWICdqQicGTYrRwL5oqicmtf46nlBoTxumoM5rtkVvdtW7lCx025aP4H7UXib0dEusmpokNRQrZKflgXjRxP/0',	1,	'德阳',	'四川',	'',	'zh_CN',	1,	0,	0,	1,	0,	'',	'2016-03-13 10:52:59',	0,	0,	0,	NULL,	'2016-03-13 02:52:59'),
(661,	0,	0,	'opi_TwF-k3QHgGZMnniIh7GmohiI',	'啦啦啦',	'',	'',	'',	NULL,	'http://wx.qlogo.cn/mmopen/urC1LWEaQrkVTZAicWICdqQicGTYrRwL5oqicmtf46nlBoTxumoM5rtkVvdtW7lCx025aP4H7UXib0dEusmpokNRQrZKflgXjRxP/0',	1,	'Deyang',	'Sichuan',	'',	'zh_CN',	1,	0,	0,	1,	0,	'',	'2016-03-13 10:53:09',	0,	0,	0,	NULL,	'2016-03-13 02:53:10'),
(662,	0,	0,	'opi_TwDCuQX_i0_eIKzDJUEOE5jg',	'',	'',	'',	'',	NULL,	'',	0,	'',	'',	'',	'',	0,	0,	0,	1,	0,	'',	'2016-03-13 11:08:54',	0,	0,	0,	NULL,	'2016-03-13 03:08:54'),
(663,	0,	0,	'ois_bws09aqbLYE2L0I6OWw_kZLU',	'梧雨锐',	'',	'',	'',	NULL,	'http://wx.qlogo.cn/mmopen/7ib8Nhc1U7iacsg71rNibm2PPbCZkFSjPAPJOTEibqiaAC9LuEWBEG2hTXApe0A24MD0cUEQtO0xZxzhZ7LZI5aY0bp8LHdqBq2ibD/0',	1,	'悉尼',	'新南威尔士',	'',	'zh_CN',	0,	0,	0,	1,	0,	'',	'2016-03-13 11:23:29',	0,	0,	0,	NULL,	'2016-03-13 03:24:03'),
(664,	0,	0,	'opi_TwBF6h-aepioKpSRZTe0OV4s',	'梧雨锐',	'',	'',	'',	NULL,	'http://wx.qlogo.cn/mmopen/7ib8Nhc1U7iacsg71rNibm2PPbCZkFSjPAPJOTEibqiaAC9LuEWBEG2hTXApe0A24MD0cUEQtO0xZxzhZ7LZI5aY0bp8LHdqBq2ibD/0',	1,	'',	'',	'',	'zh_CN',	1,	0,	0,	1,	0,	'',	'2016-03-13 11:23:34',	0,	0,	0,	NULL,	'2016-03-13 03:23:35'),
(665,	0,	0,	'ois_bwhyKh5SwaPISwut6xehnutY',	'优乐多',	'',	'',	'',	NULL,	'http://wx.qlogo.cn/mmopen/xXu3u96z7CnUZJjzagIRyekMYc8nsnQcsmVttPAMMyKYoNUEHWfZDglzX08WN3YQ4I29xCEG8FHyDquickg9d34pnL0p9QbVib/0',	1,	'绵阳',	'四川',	'',	'zh_CN',	1,	0,	0,	1,	0,	'',	'2016-03-13 11:24:55',	0,	0,	0,	NULL,	'2016-03-13 03:24:55'),
(666,	0,	0,	'opi_TwPbHcGVFhWN9ALqCHpgqScM',	'优乐多',	'',	'',	'',	NULL,	'http://wx.qlogo.cn/mmopen/xXu3u96z7CnUZJjzagIRyekMYc8nsnQcsmVttPAMMyKYoNUEHWfZDglzX08WN3YQ4I29xCEG8FHyDquickg9d34pnL0p9QbVib/0',	1,	'Mianyang',	'Sichuan',	'',	'zh_CN',	1,	0,	0,	1,	0,	'',	'2016-03-13 11:25:06',	0,	0,	0,	NULL,	'2016-03-13 03:25:07'),
(667,	0,	0,	'ois_bwhZePRsq027xeGAhekzsXsI',	'☞♚☜',	'',	'',	'',	NULL,	'http://wx.qlogo.cn/mmopen/7ib8Nhc1U7iafqmgSCe52qUGwaDpH2BT5UgVdtxC948Khrd7ySS14wDWOAaEJ9VAcKUkQX1MpMxiblrmFDmvwXfNASQ0aMoz7ib4/0',	1,	'广元',	'四川',	'',	'zh_CN',	1,	0,	0,	1,	0,	'',	'2016-03-13 11:25:59',	0,	0,	0,	NULL,	'2016-03-13 03:25:59'),
(668,	0,	0,	'opi_TwD4h69tYP8xl2X8E3_SzHl8',	'☞♚☜',	'',	'',	'',	NULL,	'http://wx.qlogo.cn/mmopen/7ib8Nhc1U7iafqmgSCe52qUGwaDpH2BT5UgVdtxC948Khrd7ySS14wDWOAaEJ9VAcKUkQX1MpMxiblrmFDmvwXfNASQ0aMoz7ib4/0',	1,	'Guangyuan',	'Sichuan',	'',	'zh_CN',	1,	0,	0,	1,	0,	'',	'2016-03-13 11:26:12',	0,	0,	0,	NULL,	'2016-03-13 03:26:14'),
(669,	0,	0,	'ois_bwhs1qmaCiKa94co7KizC-3Y',	'小☆俊',	'',	'',	'',	NULL,	'http://wx.qlogo.cn/mmopen/7ib8Nhc1U7iae3e1H4WFlLOW7qgXq1vic7JEr4z0f4x7KHnmmhbxJ6ic8yfzibgbvVle6OhbSSnBklmWIgkFPbyKzFQ/0',	1,	'南充',	'四川',	'',	'zh_CN',	1,	0,	0,	1,	0,	'',	'2016-03-13 11:27:44',	0,	0,	0,	NULL,	'2016-03-13 03:27:44'),
(670,	0,	0,	'ois_bwtbHdZ2I2vxb_l0lGNLkSAk',	'Encroa',	'',	'',	'',	NULL,	'http://wx.qlogo.cn/mmopen/ajNVdqHZLLD8RZkc7VlMLhqQlFEuCUialqZ9VJ1hLFFLnx81tWVIgLxHLadPRiaSsPQyCZPe94GuFY61T8Twly3w/0',	1,	'德阳',	'四川',	'',	'zh_CN',	1,	0,	0,	1,	0,	'',	'2016-03-13 11:28:05',	0,	0,	0,	NULL,	'2016-03-13 03:28:05'),
(671,	0,	0,	'opi_TwNLxXD-P2CHU4wQk28LE9Q0',	'Encroa',	'',	'',	'',	NULL,	'http://wx.qlogo.cn/mmopen/ajNVdqHZLLD8RZkc7VlMLhqQlFEuCUialqZ9VJ1hLFFLnx81tWVIgLxHLadPRiaSsPQyCZPe94GuFY61T8Twly3w/0',	1,	'Deyang',	'Sichuan',	'',	'zh_CN',	1,	0,	0,	1,	0,	'',	'2016-03-13 11:28:40',	0,	0,	0,	NULL,	'2016-03-13 03:28:41'),
(672,	0,	0,	'ois_bwsnfmVTDD27xvaQjJ8oECoc',	'M丶雨',	'',	'',	'',	NULL,	'http://wx.qlogo.cn/mmopen/xXu3u96z7Ck6j9IYu68AscxtibnXZckiaMSZ27wOupbic9AiaCddfaQgWWUXduO7SOEBjlpM8f1UY9M3JJmJHI6oBTWPXqX5Od0M/0',	1,	'自贡',	'四川',	'',	'zh_CN',	1,	0,	0,	1,	0,	'',	'2016-03-13 11:33:19',	0,	0,	0,	NULL,	'2016-03-13 03:33:19'),
(673,	0,	0,	'opi_TwFbO2WGhp2G1GUAP9EE9-fo',	'M丶雨',	'',	'',	'',	NULL,	'http://wx.qlogo.cn/mmopen/xXu3u96z7Ck6j9IYu68AscxtibnXZckiaMSZ27wOupbic9AiaCddfaQgWWUXduO7SOEBjlpM8f1UY9M3JJmJHI6oBTWPXqX5Od0M/0',	1,	'Zigong',	'Sichuan',	'',	'zh_CN',	1,	0,	0,	1,	0,	'',	'2016-03-13 11:33:28',	0,	0,	0,	NULL,	'2016-03-13 03:34:02'),
(674,	0,	0,	'ois_bwu7zH4qNVnwIkEYAfV7xz-E',	'波波·学长',	'',	'',	'',	NULL,	'http://wx.qlogo.cn/mmopen/xXu3u96z7CkdJDWbic3PNJUvYX3c7qPTCA7fdFHjOO6Oe324pqCMexPjicpgVkgsSh9a1XOuy1bK0xXwJibg5jvgmx5jBDaKib9J/0',	1,	'成都',	'四川',	'',	'zh_CN',	1,	0,	0,	1,	0,	'',	'2016-03-13 11:34:40',	0,	0,	0,	NULL,	'2016-03-13 03:34:40'),
(675,	0,	0,	'opi_TwDQkLmVTXXXYzndNQF2dvKo',	'波波·学长',	'',	'',	'',	NULL,	'http://wx.qlogo.cn/mmopen/xXu3u96z7CkdJDWbic3PNJUvYX3c7qPTCA7fdFHjOO6Oe324pqCMexPjicpgVkgsSh9a1XOuy1bK0xXwJibg5jvgmx5jBDaKib9J/0',	1,	'Chengdu',	'Sichuan',	'',	'zh_CN',	1,	0,	0,	1,	0,	'',	'2016-03-13 11:34:57',	0,	0,	0,	NULL,	'2016-03-13 03:34:59'),
(676,	0,	0,	'ois_bwox0uDohOV_V1ObTpyWjY6w',	'追寻光的年',	'',	'',	'',	NULL,	'http://wx.qlogo.cn/mmopen/xXu3u96z7CmTXo86fntleZ3xicPVKiaX9lztEibHibC5nK9AqWSJ3KjicgHdooLVLcIJ4haSULg7crK6AvsVg8GtQtrvCjdL6UmRX/0',	1,	'达州',	'四川',	'',	'zh_CN',	1,	0,	0,	1,	0,	'',	'2016-03-13 11:37:35',	0,	0,	0,	NULL,	'2016-03-13 03:37:35'),
(677,	0,	0,	'opi_TwP5Ow57L33JJdLOcboKlt3c',	'追寻光的年',	'',	'',	'',	NULL,	'http://wx.qlogo.cn/mmopen/xXu3u96z7CmTXo86fntleZ3xicPVKiaX9lztEibHibC5nK9AqWSJ3KjicgHdooLVLcIJ4haSULg7crK6AvsVg8GtQtrvCjdL6UmRX/0',	1,	'Florida',	'Sichuan',	'',	'zh_CN',	1,	0,	0,	1,	0,	'',	'2016-03-13 11:37:53',	0,	0,	0,	NULL,	'2016-03-13 03:37:54'),
(678,	0,	0,	'ois_bwvyk4PIMXSr3LgGSRd_OT5I',	'what\'s up!',	'',	'',	'',	NULL,	'http://wx.qlogo.cn/mmopen/7ib8Nhc1U7iacJ2DJdfQg8RchdedicNwiciay2l5RTgg62eghIdViaDf1pnoW5pGoIYUTAcR0P4kP35gFteMQyOofQicbe09BJaAgr8/0',	1,	'成都',	'四川',	'',	'zh_CN',	1,	0,	0,	1,	0,	'',	'2016-03-13 11:40:21',	0,	0,	0,	NULL,	'2016-03-13 03:40:21'),
(679,	0,	0,	'opi_TwCM5-sdMnTf7jZKSlZmNIJ4',	'what\'s up!',	'',	'',	'',	NULL,	'http://wx.qlogo.cn/mmopen/7ib8Nhc1U7iacJ2DJdfQg8RchdedicNwiciay2l5RTgg62eghIdViaDf1pnoW5pGoIYUTAcR0P4kP35gFteMQyOofQicbe09BJaAgr8/0',	1,	'Chengdu',	'Sichuan',	'',	'zh_CN',	1,	0,	0,	1,	0,	'',	'2016-03-13 11:40:27',	0,	0,	0,	NULL,	'2016-03-13 03:40:28'),
(680,	0,	0,	'ois_bwkoF0-8G_FvS-QAfPA6csuo',	'心亦凡物',	'',	'',	'',	NULL,	'http://wx.qlogo.cn/mmopen/xXu3u96z7ClcavqmJW1JGJNuFpn88okFvGwI4XCcHKXLrhR2ozIDpcxlnZXDHvfLp3CpwgCNwDMhAG17soNKB8MH3bxr2R9J/0',	1,	'南充',	'四川',	'',	'zh_CN',	1,	0,	0,	1,	0,	'',	'2016-03-13 11:47:22',	0,	0,	0,	NULL,	'2016-03-13 03:47:22'),
(681,	0,	0,	'opi_TwETmjXL7YevFG0sEUrF8Z3M',	'心亦凡物',	'',	'',	'',	NULL,	'http://wx.qlogo.cn/mmopen/xXu3u96z7ClcavqmJW1JGJNuFpn88okFvGwI4XCcHKXLrhR2ozIDpcxlnZXDHvfLp3CpwgCNwDMhAG17soNKB8MH3bxr2R9J/0',	1,	'Nanchong',	'Sichuan',	'',	'zh_CN',	1,	0,	0,	1,	0,	'',	'2016-03-13 11:47:37',	0,	0,	0,	NULL,	'2016-03-13 03:47:38'),
(682,	0,	0,	'ois_bwnG_NOIa3WVeSi2nMPRgUx8',	'Hz',	'',	'',	'',	NULL,	'http://wx.qlogo.cn/mmopen/xXu3u96z7CmpbHqxsiaw2NORTS2MxpnyOMeEbHcS15k4V7ia7sMa4o1nJ434oicDObRdhCWjHX9QMtMbkpy1EhNnF8ybjBiaWBJJ/0',	1,	'广安',	'四川',	'',	'zh_CN',	1,	0,	0,	1,	0,	'',	'2016-03-13 11:56:26',	0,	0,	0,	NULL,	'2016-03-13 03:56:26'),
(683,	0,	0,	'opi_TwO-Xb7Ed8IDfbPrmbxittzE',	'Hz',	'',	'',	'',	NULL,	'http://wx.qlogo.cn/mmopen/xXu3u96z7CmpbHqxsiaw2NORTS2MxpnyOMeEbHcS15k4V7ia7sMa4o1nJ434oicDObRdhCWjHX9QMtMbkpy1EhNnF8ybjBiaWBJJ/0',	1,	'Kwong',	'Sichuan',	'',	'zh_CN',	1,	0,	0,	1,	0,	'',	'2016-03-13 11:56:37',	0,	0,	0,	NULL,	'2016-03-13 03:56:41'),
(684,	0,	0,	'ois_bwnirvhomhv-dT19XR4iZf4I',	'强宝。',	'',	'',	'',	NULL,	'http://wx.qlogo.cn/mmopen/FyGJ7IWG8IhSMWicWjZpkhnBaxzPicmh0RoZcF5ibK9ESlA2KY8xAZu5J8eB3ShcUIuhiaBBmS2iaqKESwbibraxuTskOYxnHGe3uP/0',	1,	'厦门',	'福建',	'',	'zh_CN',	1,	0,	0,	1,	0,	'',	'2016-03-13 12:19:56',	0,	0,	0,	NULL,	'2016-03-13 04:19:56'),
(685,	0,	0,	'ois_bwv0_mq8sucAs6sY3R9C7jls',	'伊贰乙',	'',	'',	'',	NULL,	'http://wx.qlogo.cn/mmopen/FyGJ7IWG8IiayMiciaTicqiajYp0AbicZNCFtG12VJicvEdibm8ojZvxIicNOtPKIHT64Z2ibxxf108odLPhk8sicjn7x8u6aEzdZ7Vwc3K/0',	1,	'德阳',	'四川',	'',	'zh_CN',	1,	0,	0,	1,	0,	'',	'2016-03-13 12:25:50',	0,	0,	0,	NULL,	'2016-03-13 04:25:50'),
(686,	0,	0,	'opi_TwEiM5vE4IrEYh1tQDfxerOI',	'伊贰乙',	'',	'',	'',	NULL,	'http://wx.qlogo.cn/mmopen/FyGJ7IWG8IiayMiciaTicqiajYp0AbicZNCFtG12VJicvEdibm8ojZvxIicNOtPKIHT64Z2ibxxf108odLPhk8sicjn7x8u6aEzdZ7Vwc3K/0',	1,	'Deyang',	'Sichuan',	'',	'zh_CN',	1,	0,	0,	1,	0,	'',	'2016-03-13 12:25:56',	0,	0,	0,	NULL,	'2016-03-13 04:25:57'),
(687,	0,	0,	'opi_TwJWWhpeW9h5IWjtyUNd-6ak',	'',	'',	'',	'',	NULL,	'',	0,	'',	'',	'',	'',	0,	0,	0,	1,	0,	'',	'2016-03-13 12:34:28',	0,	0,	0,	NULL,	'2016-03-13 04:34:28'),
(688,	0,	0,	'opi_TwBUwLuAvIPrJDGT1AyGnel0',	'',	'',	'',	'',	NULL,	'',	0,	'',	'',	'',	'',	0,	0,	0,	1,	0,	'',	'2016-03-13 12:49:03',	0,	0,	0,	NULL,	'2016-03-13 04:49:03'),
(689,	0,	0,	'ois_bwu11dGuF-jnMVrSfmK_sktU',	'周星星',	'',	'',	'',	NULL,	'http://wx.qlogo.cn/mmopen/Ib5852jAybicGU5iahPXwjpAl9AiaRoFibliaIvSDnGVcbuwVOFNqhySpIgY7D4bajCozSibwSTicH9iam0jQPJKLVqcFzE7fz3kC88a/0',	1,	'',	'安徽',	'',	'zh_CN',	1,	0,	0,	1,	0,	'',	'2016-03-13 13:11:19',	0,	0,	0,	NULL,	'2016-03-13 05:11:19'),
(690,	0,	0,	'opi_TwCxCzRfwSV3cF1fMe445tRQ',	'周星星',	'',	'',	'',	NULL,	'http://wx.qlogo.cn/mmopen/Ib5852jAybicGU5iahPXwjpAl9AiaRoFibliaIvSDnGVcbuwVOFNqhySpIgY7D4bajCozSibwSTicH9iam0jQPJKLVqcFzE7fz3kC88a/0',	1,	'',	'Anhui',	'',	'zh_CN',	1,	0,	0,	1,	0,	'',	'2016-03-13 13:11:41',	0,	0,	0,	NULL,	'2016-03-13 05:11:43'),
(691,	0,	0,	'ois_bwlt2bc1af_nfEKWTEQ6ImO8',	'他的梦，晚安',	'',	'',	'',	NULL,	'http://wx.qlogo.cn/mmopen/xXu3u96z7CnUZJjzagIRyTRkIdUeak4ia70Fd6sicA4ibJuF4oJGcOfAV2Jqo1OYzdM6xh95icFZQQfJ7MTWeBzhqWTaP6OuDcW8/0',	2,	'',	'布尔根兰',	'',	'zh_CN',	1,	0,	0,	1,	0,	'',	'2016-03-13 13:21:06',	0,	0,	0,	NULL,	'2016-03-13 05:21:06'),
(692,	0,	0,	'opi_TwKQh5u98le1MlSAb7HbzTwU',	'他的梦，晚安',	'',	'',	'',	NULL,	'http://wx.qlogo.cn/mmopen/xXu3u96z7CnUZJjzagIRyTRkIdUeak4ia70Fd6sicA4ibJuF4oJGcOfAV2Jqo1OYzdM6xh95icFZQQfJ7MTWeBzhqWTaP6OuDcW8/0',	2,	'',	'',	'',	'zh_CN',	1,	0,	0,	1,	0,	'',	'2016-03-13 13:21:11',	0,	0,	0,	NULL,	'2016-03-13 05:21:12'),
(693,	0,	0,	'ois_bwpUydh4rIdE8KXPr-8bTlGA',	'dsjjj',	'',	'',	'',	NULL,	'http://wx.qlogo.cn/mmopen/FyGJ7IWG8IhWoTkfLlcicOZdyEiclXj4V2MTiaM8iaaFNFOfib0J0uwLpOUCdicWvYIdILnS7aIUiarNeQgWR2ia2duUrV7akoWIhukw/0',	2,	'成都',	'四川',	'',	'zh_CN',	1,	0,	0,	1,	0,	'',	'2016-03-13 13:23:15',	0,	0,	0,	NULL,	'2016-03-13 05:23:15'),
(694,	0,	0,	'opi_TwDS8M6T5GGCR7poPUeQdzaw',	'dsjjj',	'',	'',	'',	NULL,	'http://wx.qlogo.cn/mmopen/FyGJ7IWG8IhWoTkfLlcicOZdyEiclXj4V2MTiaM8iaaFNFOfib0J0uwLpOUCdicWvYIdILnS7aIUiarNeQgWR2ia2duUrV7akoWIhukw/0',	2,	'Chengdu',	'Sichuan',	'',	'zh_CN',	1,	0,	0,	1,	0,	'',	'2016-03-13 13:23:21',	0,	0,	0,	NULL,	'2016-03-13 05:23:22'),
(695,	0,	0,	'opi_TwO4ZKQ22jQIOZ_Qxs1X0AL0',	'',	'',	'',	'',	NULL,	'',	0,	'',	'',	'',	'',	0,	0,	0,	1,	0,	'',	'2016-03-13 13:27:01',	0,	0,	0,	NULL,	'2016-03-13 05:27:01'),
(696,	0,	0,	'opi_TwMPxdLY2seYGF5auQ5U6S74',	'',	'',	'',	'',	NULL,	'',	0,	'',	'',	'',	'',	0,	0,	0,	1,	0,	'',	'2016-03-13 13:35:01',	0,	0,	0,	NULL,	'2016-03-13 05:35:01'),
(697,	0,	0,	'opi_TwEHSuchsFchGatU6aNQU2pY',	'',	'',	'',	'',	NULL,	'',	0,	'',	'',	'',	'',	0,	0,	0,	1,	0,	'',	'2016-03-13 13:40:08',	0,	0,	0,	NULL,	'2016-03-13 05:40:08'),
(698,	0,	0,	'',	'l227887',	'13157659413',	'',	'15ebaaab06bebefad9849fd355b5ba8e',	NULL,	'',	0,	'',	'',	'',	'',	0,	0,	0,	1,	0,	'',	'2016-03-13 13:42:43',	0,	2,	0,	NULL,	'2016-03-13 05:42:43'),
(699,	0,	0,	'ois_bwkHgFFfIy6dVgOkdctuB8Hw',	'文兵',	'',	'',	'',	NULL,	'http://wx.qlogo.cn/mmopen/FyGJ7IWG8IhWoTkfLlcicOf2amQDgeNzvmw3AQQ4nNVMe5Ut9Ac367CRVmGmOB3gkbau3DsP1ibC5s0u6fPJflqJUicsVb8ic0tr/0',	1,	'南充',	'四川',	'',	'zh_CN',	1,	0,	0,	1,	0,	'',	'2016-03-13 13:47:29',	0,	0,	0,	NULL,	'2016-03-13 05:47:29'),
(700,	0,	0,	'opi_TwPUQ7SUIpr6-gxzYDmfv6oE',	'文兵',	'',	'',	'',	NULL,	'http://wx.qlogo.cn/mmopen/FyGJ7IWG8IhWoTkfLlcicOf2amQDgeNzvmw3AQQ4nNVMe5Ut9Ac367CRVmGmOB3gkbau3DsP1ibC5s0u6fPJflqJUicsVb8ic0tr/0',	1,	'Nanchong',	'Sichuan',	'',	'zh_CN',	1,	0,	0,	1,	0,	'',	'2016-03-13 13:47:33',	0,	0,	0,	NULL,	'2016-03-13 05:47:34'),
(701,	0,	0,	'opi_TwPjl3lZNaCCIDM8GpUorwnk',	'',	'',	'',	'',	NULL,	'',	0,	'',	'',	'',	'',	0,	0,	0,	1,	0,	'',	'2016-03-13 13:59:20',	1,	0,	0,	NULL,	'2016-03-13 11:52:06'),
(702,	0,	0,	'opi_TwD3qI3x67aAtMtlg0CZY_Bk',	'',	'',	'',	'',	NULL,	'',	0,	'',	'',	'',	'',	0,	0,	0,	1,	0,	'',	'2016-03-13 14:01:32',	0,	0,	0,	NULL,	'2016-03-13 06:01:32'),
(703,	0,	0,	'ois_bwif3iuyx8fS5sfXpdOaOsmc',	'金沙童话',	'',	'',	'',	NULL,	'http://wx.qlogo.cn/mmopen/FyGJ7IWG8Iiac84HHUib5UxW9HRVmpd6ZkMsM2GTuM8lWHfHrPwPNCLmb1OM9Te7H3zBpibrHSDArnIbSNYQe83BU7PIw7ljaxI/0',	1,	'宜宾',	'四川',	'',	'zh_CN',	1,	0,	0,	1,	0,	'',	'2016-03-13 14:13:05',	0,	0,	0,	NULL,	'2016-03-13 06:13:05'),
(704,	0,	0,	'opi_TwMcWjy6wkErRTLLs91iVEpo',	'金沙童话',	'',	'',	'',	NULL,	'http://wx.qlogo.cn/mmopen/FyGJ7IWG8Iiac84HHUib5UxW9HRVmpd6ZkMsM2GTuM8lWHfHrPwPNCLmb1OM9Te7H3zBpibrHSDArnIbSNYQe83BU7PIw7ljaxI/0',	1,	'Yibin',	'Sichuan',	'',	'zh_CN',	1,	0,	0,	1,	0,	'',	'2016-03-13 14:15:56',	0,	0,	0,	NULL,	'2016-03-13 06:15:57'),
(705,	0,	0,	'ois_bwq1HoxG3423tjdYsEGWqC5w',	'终点不明沿途风景',	'',	'',	'',	NULL,	'http://wx.qlogo.cn/mmopen/RIKTZdhRD1UTM5eCOUp7aibTP1BfaAqNU8lSHFGAEdj8XU1f9OYCFIdDVIO9mVEuILaJR3vsTLxiasRmfxBSVldIIO3sUlRwRW/0',	1,	'九龙城区',	'香港',	'',	'zh_CN',	1,	0,	0,	1,	0,	'',	'2016-03-13 14:42:51',	0,	0,	0,	NULL,	'2016-03-13 06:42:51'),
(706,	0,	0,	'opi_TwN4i0vnIlut1igYdhLodyTc',	'终点不明沿途风景',	'',	'',	'',	NULL,	'http://wx.qlogo.cn/mmopen/RIKTZdhRD1UTM5eCOUp7aibTP1BfaAqNU8lSHFGAEdj8XU1f9OYCFIdDVIO9mVEuILaJR3vsTLxiasRmfxBSVldIIO3sUlRwRW/0',	1,	'Kowloon City',	'Hong Kong',	'',	'zh_CN',	1,	0,	0,	1,	0,	'',	'2016-03-13 14:42:57',	0,	0,	0,	NULL,	'2016-03-13 06:42:58'),
(707,	0,	0,	'ois_bwpR8-TXQzXK2-BM1m7Adu6E',	'饭饭',	'',	'',	'',	NULL,	'http://wx.qlogo.cn/mmopen/FyGJ7IWG8IiayMiciaTicqiajYpQq3D1UYbI5G4Nb7HOv77CMwQLRRXIUvYoyaGAZEAwonH9NfY1ZfYfamnesph0HSOHjIVrH7a0R/0',	0,	'',	'',	'',	'zh_CN',	1,	0,	0,	1,	0,	'',	'2016-03-13 14:42:57',	0,	0,	0,	NULL,	'2016-03-13 06:42:57'),
(708,	0,	0,	'opi_TwFZkhtlp5sB5bqlVR9BOXSQ',	'饭饭',	'',	'',	'',	NULL,	'http://wx.qlogo.cn/mmopen/FyGJ7IWG8IiayMiciaTicqiajYpQq3D1UYbI5G4Nb7HOv77CMwQLRRXIUvYoyaGAZEAwonH9NfY1ZfYfamnesph0HSOHjIVrH7a0R/0',	0,	'',	'',	'',	'zh_CN',	1,	0,	0,	1,	0,	'',	'2016-03-13 14:43:07',	0,	0,	0,	NULL,	'2016-03-13 06:43:08'),
(709,	0,	0,	'ois_bwl1oqMXiTpDst4r54t7NPKM',	'阿九丶根本瘦不下来',	'',	'',	'',	NULL,	'http://wx.qlogo.cn/mmopen/7ib8Nhc1U7iadU6pXKAnxTRXRgxpDyibIGxLiaOPokACq1sIgMA6KoPhtV2XUMSTHYGAP6souuuKEI8cUlFWOia62XtRb1ArYMNPm/0',	2,	'',	'劳斯',	'',	'zh_CN',	1,	0,	0,	1,	0,	'',	'2016-03-13 14:48:34',	0,	0,	0,	NULL,	'2016-03-13 06:48:34'),
(710,	0,	0,	'opi_TwLss-Po1LSDER_FVpylcO0o',	'阿九丶根本瘦不下来',	'',	'',	'',	NULL,	'http://wx.qlogo.cn/mmopen/7ib8Nhc1U7iadU6pXKAnxTRXRgxpDyibIGxLiaOPokACq1sIgMA6KoPhtV2XUMSTHYGAP6souuuKEI8cUlFWOia62XtRb1ArYMNPm/0',	2,	'',	'',	'',	'zh_CN',	1,	0,	8,	1,	0,	'',	'2016-03-13 14:48:49',	2,	0,	0,	NULL,	'2016-03-13 06:53:28'),
(711,	0,	0,	'ois_bwq1sm0ujNDuzIrPTFQX9xJQ',	'李丽婷jy',	'',	'',	'',	NULL,	'http://wx.qlogo.cn/mmopen/FyGJ7IWG8IhdEdHE3M23x0ym62XBWTKZuIcg6E1PPibCUsASfOpiaeqlBEiasay1Vgjc3t0WeiaMV8b3suWr0pMwjxvbcUNZB3UQ/0',	2,	'成都',	'四川',	'',	'zh_CN',	1,	0,	0,	1,	0,	'',	'2016-03-13 15:00:48',	0,	0,	0,	NULL,	'2016-03-13 07:00:48'),
(712,	0,	0,	'opi_TwOPjg78WnZdIRhS-FmIqu9M',	'李丽婷jy',	'',	'',	'',	NULL,	'http://wx.qlogo.cn/mmopen/FyGJ7IWG8IhdEdHE3M23x0ym62XBWTKZuIcg6E1PPibCUsASfOpiaeqlBEiasay1Vgjc3t0WeiaMV8b3suWr0pMwjxvbcUNZB3UQ/0',	2,	'Chengdu',	'Sichuan',	'',	'zh_CN',	1,	0,	0,	1,	0,	'',	'2016-03-13 15:00:55',	0,	0,	0,	NULL,	'2016-03-13 07:00:56'),
(713,	0,	0,	'ois_bwhYGDBuEWbT3caBczs9wd2M',	'看不见',	'',	'',	'',	NULL,	'http://wx.qlogo.cn/mmopen/Q3auHgzwzM6pBsIAOolXaf9hjSib3vfotA39icSwxNnhX2QZAk4PyL0rDEQTweLhOduc8VBLf6rFnQweeg7icqPOJKZmWprAibjPoZU0iagY81hA/0',	1,	'南充',	'四川',	'',	'zh_CN',	1,	0,	0,	1,	0,	'',	'2016-03-13 15:03:03',	0,	0,	0,	NULL,	'2016-03-13 07:03:03'),
(714,	0,	0,	'opi_TwAhDdv6O4ZpK1okjTrA9pgI',	'看不见',	'',	'',	'',	NULL,	'http://wx.qlogo.cn/mmopen/Q3auHgzwzM6pBsIAOolXaf9hjSib3vfotA39icSwxNnhX2QZAk4PyL0rDEQTweLhOduc8VBLf6rFnQweeg7icqPOJKZmWprAibjPoZU0iagY81hA/0',	1,	'Nanchong',	'Sichuan',	'',	'zh_CN',	1,	0,	0,	1,	0,	'',	'2016-03-13 15:03:11',	0,	0,	0,	NULL,	'2016-03-13 07:03:12'),
(715,	0,	0,	'ois_bwg19OqOcq2_3vEJDl1H8pMA',	'蓝卿',	'',	'',	'',	NULL,	'http://wx.qlogo.cn/mmopen/FyGJ7IWG8IiayMiciaTicqiajYkYuGproSev2Y4VpHCCF1qXm0jhEBQqDeat3n7YfTDYiam5pnc3HO2qkpKmwOVEFTtw230588S4lb/0',	1,	'德阳',	'四川',	'',	'zh_CN',	1,	0,	0,	1,	0,	'',	'2016-03-13 15:06:56',	0,	0,	0,	NULL,	'2016-03-13 07:06:56'),
(716,	0,	0,	'opi_TwOX02qWgu8e56rlL8M3oXds',	'蓝卿',	'',	'',	'',	NULL,	'http://wx.qlogo.cn/mmopen/FyGJ7IWG8IiayMiciaTicqiajYkYuGproSev2Y4VpHCCF1qXm0jhEBQqDeat3n7YfTDYiam5pnc3HO2qkpKmwOVEFTtw230588S4lb/0',	1,	'Deyang',	'Sichuan',	'',	'zh_CN',	1,	0,	0,	1,	0,	'',	'2016-03-13 15:07:03',	0,	0,	0,	NULL,	'2016-03-13 07:07:04'),
(717,	0,	0,	'ois_bwsZ3Vnm_tvHUu9PD8w0X76A',	'陪你一起。',	'',	'',	'',	NULL,	'http://wx.qlogo.cn/mmopen/xXu3u96z7Ck6j9IYu68AsZ0vC9aFZMa8FQ7GToH8pR8cupbML3yib3JCUbF5ib6M2mzLymVqKyic3eJcyLcecSIZFqNftn1ic6kS/0',	1,	'巴中',	'四川',	'',	'zh_CN',	1,	0,	0,	1,	0,	'',	'2016-03-13 15:40:01',	0,	0,	0,	NULL,	'2016-03-13 07:40:01'),
(718,	0,	0,	'opi_TwOI4JGBa_E1fqCm_3Wg2ibA',	'陪你一起。',	'',	'',	'',	NULL,	'http://wx.qlogo.cn/mmopen/xXu3u96z7Ck6j9IYu68AsZ0vC9aFZMa8FQ7GToH8pR8cupbML3yib3JCUbF5ib6M2mzLymVqKyic3eJcyLcecSIZFqNftn1ic6kS/0',	1,	'Pakistan',	'Sichuan',	'',	'zh_CN',	1,	0,	0,	1,	0,	'',	'2016-03-13 15:40:07',	0,	0,	0,	NULL,	'2016-03-13 07:40:09'),
(719,	0,	0,	'ois_bwl33pGTX6_9m9PHaBJK9OeI',	'心瑶—非你莫属',	'',	'',	'',	NULL,	'http://wx.qlogo.cn/mmopen/xXu3u96z7CnQASU2RvTXfUWmmDvKRrfwO8IVIh1icTOf05o8X5Oj7NT04ibO7Om8vNlnSYZANK6icymoWL6hCYLfLsP1HpxYCZr/0',	1,	'成都',	'四川',	'',	'zh_CN',	0,	0,	0,	1,	0,	'',	'2016-03-13 15:44:44',	0,	0,	0,	NULL,	'2016-03-13 13:56:38'),
(720,	0,	0,	'ois_bwjPSZHai_HHj0tB6mqTNS4E',	'吴尼玛',	'',	'',	'',	NULL,	'http://wx.qlogo.cn/mmopen/7ib8Nhc1U7iadU6pXKAnxTRYq2cPNuTAlshiajYZRa33kR2nRI76picfCkr7O80tz8JHRMpNN2Z1kbAHwEXnVT5lquPuBhLugBB4/0',	1,	'成都',	'四川',	'',	'zh_CN',	1,	0,	0,	1,	0,	'',	'2016-03-13 16:03:00',	0,	0,	0,	NULL,	'2016-03-13 08:03:00'),
(721,	0,	0,	'opi_TwF3W_iTbyIkE3SJ9NhVqwQU',	'吴尼玛',	'',	'',	'',	NULL,	'http://wx.qlogo.cn/mmopen/7ib8Nhc1U7iadU6pXKAnxTRYq2cPNuTAlshiajYZRa33kR2nRI76picfCkr7O80tz8JHRMpNN2Z1kbAHwEXnVT5lquPuBhLugBB4/0',	1,	'Chengdu',	'Sichuan',	'',	'zh_CN',	1,	0,	0,	1,	0,	'',	'2016-03-13 16:03:04',	0,	0,	0,	NULL,	'2016-03-13 08:03:06'),
(722,	0,	0,	'opi_TwDqEIdYrIWL6Hnugqa5ieAY',	'',	'',	'',	'',	NULL,	'',	0,	'',	'',	'',	'',	0,	0,	0,	1,	0,	'',	'2016-03-13 16:05:11',	0,	0,	0,	NULL,	'2016-03-13 08:05:11'),
(723,	0,	0,	'ois_bwjyy_zwsJz2SjXc3nvnkfvQ',	'孤雁',	'',	'',	'',	NULL,	'http://wx.qlogo.cn/mmopen/jhhKw5fEYakdqNjPUDgnCDW5Wpukwk25mUFZ4eC69fld5jSo3hOe5UbVISdUrdB1Envz82BDrwJKUBmRHUwHmTPTrEQBujZG/0',	1,	'南充',	'四川',	'',	'zh_CN',	1,	0,	0,	1,	0,	'',	'2016-03-13 16:10:08',	0,	0,	0,	NULL,	'2016-03-13 08:10:08'),
(724,	0,	0,	'opi_TwIZd8cXUfizZWdL4wP7exrs',	'孤雁',	'',	'',	'',	NULL,	'http://wx.qlogo.cn/mmopen/jhhKw5fEYakdqNjPUDgnCDW5Wpukwk25mUFZ4eC69fld5jSo3hOe5UbVISdUrdB1Envz82BDrwJKUBmRHUwHmTPTrEQBujZG/0',	1,	'Nanchong',	'Sichuan',	'',	'zh_CN',	1,	0,	0,	1,	0,	'',	'2016-03-13 16:10:13',	0,	0,	0,	NULL,	'2016-03-13 08:10:15'),
(725,	0,	0,	'ois_bwmJ2bhfgf6ClfSTLFhzQ8bg',	'。',	'',	'',	'',	NULL,	'http://wx.qlogo.cn/mmopen/FyGJ7IWG8IiaaicCBFcOmmnrwL32NUImVCHYeWU4Cz3HRNhNMxzZFeicwrpx6dsLpYJbdakk094uXpMjWUCfOY9FWOzVByMb2iaP/0',	2,	'眉山',	'四川',	'',	'zh_CN',	1,	0,	0,	1,	0,	'',	'2016-03-13 16:12:49',	0,	0,	0,	NULL,	'2016-03-13 08:12:49'),
(726,	0,	0,	'ois_bwptNmO3D5s95b4rOGn-6DN8',	'假小人',	'',	'',	'',	NULL,	'http://wx.qlogo.cn/mmopen/FyGJ7IWG8IhWoTkfLlcicOUOicFnhxoVuOlvOy35wxhK0stxIbru0tibCXpkLbGyWUxkY3nLDefKm0YVNjmv32Tibynib0ib2IKruW/0',	1,	'宜宾',	'四川',	'',	'en',	1,	0,	0,	1,	0,	'',	'2016-03-13 16:36:45',	0,	0,	0,	NULL,	'2016-03-13 08:36:45'),
(727,	0,	0,	'opi_TwFdSRFavCOHKESCPxQDRbw8',	'假小人',	'',	'',	'',	NULL,	'http://wx.qlogo.cn/mmopen/FyGJ7IWG8IhWoTkfLlcicOUOicFnhxoVuOlvOy35wxhK0stxIbru0tibCXpkLbGyWUxkY3nLDefKm0YVNjmv32Tibynib0ib2IKruW/0',	1,	'Yibin',	'Sichuan',	'',	'en',	1,	0,	0,	1,	0,	'',	'2016-03-13 16:36:53',	0,	0,	0,	NULL,	'2016-03-13 08:36:54'),
(728,	0,	0,	'ois_bwsHA708nUYMjkxBy4LToJj0',	'你的眼睛',	'',	'',	'',	NULL,	'http://wx.qlogo.cn/mmopen/FyGJ7IWG8IhWoTkfLlcicOXZZYg2V2QXeAmUpR78pUkP2J185gpuiakFC7XCFvnTT0YicxVTEaAGiaehibjuPCI3RFmeZPncoJPXn/0',	1,	'自贡',	'四川',	'',	'zh_CN',	1,	0,	0,	1,	0,	'',	'2016-03-13 16:40:08',	0,	0,	0,	NULL,	'2016-03-13 08:40:08'),
(729,	0,	0,	'opi_TwFqUqFLyrT-V7QEcpccU08k',	'你的眼睛',	'',	'',	'',	NULL,	'http://wx.qlogo.cn/mmopen/FyGJ7IWG8IhWoTkfLlcicOXZZYg2V2QXeAmUpR78pUkP2J185gpuiakFC7XCFvnTT0YicxVTEaAGiaehibjuPCI3RFmeZPncoJPXn/0',	1,	'Zigong',	'Sichuan',	'',	'zh_CN',	1,	0,	0,	1,	0,	'',	'2016-03-13 16:40:13',	0,	0,	0,	NULL,	'2016-03-13 08:40:14'),
(730,	0,	0,	'ois_bwhRqZhreQkyMg8OhJkSdoJU',	'易冷丶',	'',	'',	'',	NULL,	'http://wx.qlogo.cn/mmopen/7ib8Nhc1U7iafhGAeqlvrn5tDeJjQibQqQ5bxOrr9yP5CVKENKlwkzZKDl6RTmRZroElQ2hFke9WyHycOTITTvRLQ2yJBlvLhgX/0',	1,	'泸州',	'四川',	'',	'zh_CN',	1,	0,	0,	1,	0,	'',	'2016-03-13 16:51:23',	0,	0,	0,	NULL,	'2016-03-13 08:51:23'),
(731,	0,	0,	'opi_TwIiYtT54mciKZeDu-CSShNQ',	'易冷丶',	'',	'',	'',	NULL,	'http://wx.qlogo.cn/mmopen/7ib8Nhc1U7iafhGAeqlvrn5tDeJjQibQqQ5bxOrr9yP5CVKENKlwkzZKDl6RTmRZroElQ2hFke9WyHycOTITTvRLQ2yJBlvLhgX/0',	1,	'Luzhou',	'Sichuan',	'',	'zh_CN',	1,	0,	0,	1,	0,	'',	'2016-03-13 16:51:43',	0,	0,	0,	NULL,	'2016-03-13 08:51:44'),
(732,	0,	0,	'opi_TwLquidRoUop1hKL5I-m8_sc',	'',	'',	'',	'',	NULL,	'',	0,	'',	'',	'',	'',	0,	0,	0,	1,	0,	'',	'2016-03-13 16:57:36',	0,	0,	0,	NULL,	'2016-03-13 08:57:36'),
(733,	0,	0,	'opi_TwB93242Qg2fmrkAP8Xzq7j4',	'',	'',	'',	'',	NULL,	'',	0,	'',	'',	'',	'',	0,	0,	0,	1,	0,	'',	'2016-03-13 17:17:04',	0,	0,	0,	NULL,	'2016-03-13 09:17:04'),
(734,	0,	0,	'opi_TwAeO8keCARXyiob7d-q11Ds',	'',	'',	'',	'',	NULL,	'',	0,	'',	'',	'',	'',	0,	0,	0,	1,	0,	'',	'2016-03-13 17:17:17',	0,	0,	0,	NULL,	'2016-03-13 09:17:17'),
(735,	0,	0,	'ois_bwrbJWy8eEge5xwpsudcnO7A',	'HH~',	'',	'',	'',	NULL,	'http://wx.qlogo.cn/mmopen/FyGJ7IWG8IhWoTkfLlcicOSFMZ8AKcq4lLh0xt5LnhZ9Uwzib34P72VBjZZ2m7wQmWCQFSRAs2g9XnOpvCicnwUtTibQLDfvfmPC/0',	2,	'',	'西米斯',	'',	'zh_CN',	1,	0,	0,	1,	0,	'',	'2016-03-13 17:28:41',	0,	0,	0,	NULL,	'2016-03-13 09:28:41'),
(736,	0,	0,	'opi_TwGB9tAHxl4BAl-BwjYzwXGw',	'HH~',	'',	'',	'',	NULL,	'http://wx.qlogo.cn/mmopen/FyGJ7IWG8IhWoTkfLlcicOSFMZ8AKcq4lLh0xt5LnhZ9Uwzib34P72VBjZZ2m7wQmWCQFSRAs2g9XnOpvCicnwUtTibQLDfvfmPC/0',	2,	'',	'Westmeath',	'',	'zh_CN',	1,	0,	0,	1,	0,	'',	'2016-03-13 17:28:47',	0,	0,	0,	NULL,	'2016-03-13 09:28:48'),
(737,	0,	0,	'ois_bwiLtqmo5apo0gG0jvIXg5Sg',	'Echo',	'',	'',	'',	NULL,	'http://wx.qlogo.cn/mmopen/FyGJ7IWG8IhuhUUMqjOoK8XqsJZQfDLngU0sHVfXBFnwzp7x3KQMUBxyvol2POSBYBfJVWXj0x522c0GibMfDb8XkqibJiax8eB/0',	1,	'德阳',	'四川',	'',	'zh_CN',	1,	0,	0,	1,	0,	'',	'2016-03-13 17:31:24',	0,	0,	0,	NULL,	'2016-03-13 09:31:24'),
(738,	0,	0,	'opi_TwEmFdbE3sg4QqpZHKvc4Cc0',	'Echo',	'',	'',	'',	NULL,	'http://wx.qlogo.cn/mmopen/FyGJ7IWG8IhuhUUMqjOoK8XqsJZQfDLngU0sHVfXBFnwzp7x3KQMUBxyvol2POSBYBfJVWXj0x522c0GibMfDb8XkqibJiax8eB/0',	1,	'Deyang',	'Sichuan',	'',	'zh_CN',	1,	0,	0,	1,	0,	'',	'2016-03-13 17:31:27',	0,	0,	0,	NULL,	'2016-03-13 09:31:29'),
(739,	0,	0,	'opi_TwLgWlSH3Rm1NIJ2Ug2ZNRc4',	'',	'',	'',	'',	NULL,	'',	0,	'',	'',	'',	'',	0,	0,	0,	1,	0,	'',	'2016-03-13 17:38:36',	0,	0,	0,	NULL,	'2016-03-13 09:38:36'),
(740,	0,	0,	'ois_bwkgXOUw6dHb-KCtI5I_a180',	'下一站丶永远',	'',	'',	'',	NULL,	'http://wx.qlogo.cn/mmopen/Q3auHgzwzM4yaoUwXIyicP9qGb6HladaRmQ3gxTEDDHjtxCX8VFdomPo28ZKRyLh6YGhlhC97xzuHsyfXJnQFR0IhZ1IHGMNJem99kS7ym0s/0',	1,	'自贡',	'四川',	'',	'zh_CN',	1,	0,	0,	1,	0,	'',	'2016-03-13 17:39:58',	0,	0,	0,	NULL,	'2016-03-13 09:39:58'),
(741,	0,	0,	'opi_TwJ115ZrvAJpuFEeFwU58l9A',	'下一站丶永远',	'',	'',	'',	NULL,	'http://wx.qlogo.cn/mmopen/Q3auHgzwzM4yaoUwXIyicP9qGb6HladaRmQ3gxTEDDHjtxCX8VFdomPo28ZKRyLh6YGhlhC97xzuHsyfXJnQFR0IhZ1IHGMNJem99kS7ym0s/0',	1,	'Zigong',	'Sichuan',	'',	'zh_CN',	1,	0,	0,	1,	0,	'',	'2016-03-13 17:40:09',	0,	0,	0,	NULL,	'2016-03-13 09:40:10'),
(742,	0,	0,	'ois_bwiKwcSgnTKqD5ApKfAkQJ1Y',	'凉爽西瓜',	'',	'',	'',	NULL,	'http://wx.qlogo.cn/mmopen/7ib8Nhc1U7iafmqRAsJvic2byu1iccMl6J0eSgHvicdzGLzZNMb1MXxQOHAvYLz1tIeH1F5EObEYqVD5X6qejHgt81XuUnPhjt2jq/0',	2,	'德阳',	'四川',	'',	'zh_CN',	1,	0,	0,	1,	0,	'',	'2016-03-13 17:56:06',	0,	0,	0,	NULL,	'2016-03-13 09:56:06'),
(743,	0,	0,	'opi_TwFKggsZnSxE9out4bd3tuYY',	'凉爽西瓜',	'',	'',	'',	NULL,	'http://wx.qlogo.cn/mmopen/7ib8Nhc1U7iafmqRAsJvic2byu1iccMl6J0eSgHvicdzGLzZNMb1MXxQOHAvYLz1tIeH1F5EObEYqVD5X6qejHgt81XuUnPhjt2jq/0',	2,	'Deyang',	'Sichuan',	'',	'zh_CN',	1,	0,	0,	1,	0,	'',	'2016-03-13 17:56:10',	0,	0,	0,	NULL,	'2016-03-13 09:56:11'),
(744,	0,	0,	'ois_bwnmyV7pEFqW8CBYLwoK9aOk',	'我还是我',	'',	'',	'',	NULL,	'http://wx.qlogo.cn/mmopen/FyGJ7IWG8Ihp0GDND0OEX40BXibvhymlMDWXsPFqDRO9t7mCJK6Czpw2WKibN3MfNYWe2HZs9pv5NAsZDwvfeoJicIV40yh7Agf/0',	1,	'广安',	'四川',	'',	'zh_CN',	1,	0,	0,	1,	0,	'',	'2016-03-13 17:57:35',	0,	0,	0,	NULL,	'2016-03-13 09:57:35'),
(745,	0,	0,	'opi_TwFh0S3rCCNLx7MAhokuXT9Q',	'我还是我',	'',	'',	'',	NULL,	'http://wx.qlogo.cn/mmopen/FyGJ7IWG8Ihp0GDND0OEX40BXibvhymlMDWXsPFqDRO9t7mCJK6Czpw2WKibN3MfNYWe2HZs9pv5NAsZDwvfeoJicIV40yh7Agf/0',	1,	'Kwong',	'Sichuan',	'',	'zh_CN',	1,	0,	0,	1,	0,	'',	'2016-03-13 17:58:07',	0,	0,	0,	NULL,	'2016-03-13 09:58:09'),
(746,	0,	0,	'ois_bwpsv1_U1nz1vfFbFJGVAMe0',	'不能玖伴  莂説嗳我',	'',	'',	'',	NULL,	'http://wx.qlogo.cn/mmopen/xXu3u96z7Cnz7pFFVws9sO0Dt3g9kMkwibHefukFXTKKaRnrSruGnyaLgsibtFxicEBWEScJZibBa5bZMMjibU7cRqJO2pLt8ww3F/0',	1,	'德阳',	'四川',	'',	'zh_CN',	1,	0,	0,	1,	0,	'',	'2016-03-13 18:02:42',	0,	0,	0,	NULL,	'2016-03-13 10:02:42'),
(747,	0,	0,	'ois_bwm14SsZjkYU10MwjZW0w5hE',	'豪',	'',	'',	'',	NULL,	'http://wx.qlogo.cn/mmopen/Ib5852jAybibzYJ3Ifux6C7yOjxcRb6NgMkH9uAibricc7qj9EQlyeia8pzlNG6KibtnI5q29JhjYB1oibYQCyOOgsb6ic62xpFvU2f/0',	1,	'广安',	'四川',	'',	'zh_CN',	1,	0,	0,	1,	0,	'',	'2016-03-13 18:03:54',	0,	0,	0,	NULL,	'2016-03-13 10:03:54'),
(748,	0,	0,	'ois_bwpiq5OzHsuI5ixvtqdG5ldM',	'政',	'',	'',	'',	NULL,	'http://wx.qlogo.cn/mmopen/FyGJ7IWG8IjC78yEotIicN8VoerPkG3SwMQvRZz2P1g9j2xibmzaD1hmXlx7suBdn26q9KicQOvI7LrB2pzWOyQJk1iczthblgLo/0',	1,	'德阳',	'四川',	'',	'zh_CN',	1,	0,	0,	1,	0,	'',	'2016-03-13 18:03:54',	0,	0,	0,	NULL,	'2016-03-13 10:03:54'),
(749,	0,	0,	'opi_TwMXNs5hU-3Won7re3KNs7ok',	'政',	'',	'',	'',	NULL,	'http://wx.qlogo.cn/mmopen/FyGJ7IWG8IjC78yEotIicN8VoerPkG3SwMQvRZz2P1g9j2xibmzaD1hmXlx7suBdn26q9KicQOvI7LrB2pzWOyQJk1iczthblgLo/0',	1,	'Deyang',	'Sichuan',	'',	'zh_CN',	1,	0,	0,	1,	0,	'',	'2016-03-13 18:03:59',	0,	0,	0,	NULL,	'2016-03-13 10:04:00'),
(750,	0,	0,	'opi_TwBhURJZfvngvOAwO_OwVv7Q',	'豪',	'',	'',	'',	NULL,	'http://wx.qlogo.cn/mmopen/Ib5852jAybibzYJ3Ifux6C7yOjxcRb6NgMkH9uAibricc7qj9EQlyeia8pzlNG6KibtnI5q29JhjYB1oibYQCyOOgsb6ic62xpFvU2f/0',	1,	'Kwong',	'Sichuan',	'',	'zh_CN',	1,	0,	0,	1,	0,	'',	'2016-03-13 18:04:05',	0,	0,	0,	NULL,	'2016-03-13 10:04:06'),
(751,	0,	0,	'ois_bwgvg1xcn8AMyWqKehEJWqgQ',	'殴阳',	'',	'',	'',	NULL,	'http://wx.qlogo.cn/mmopen/7ib8Nhc1U7iafJtbcicib9mueUt0vZeywwYyIrIGe9drChIQedCdLlu1qrV96LK8xbpKTstZBDrdq3GjelDzb7fbW0iaCmQX3jEwG/0',	1,	'德阳',	'四川',	'',	'zh_CN',	1,	0,	0,	1,	0,	'',	'2016-03-13 18:06:18',	0,	0,	0,	NULL,	'2016-03-13 10:06:18'),
(752,	0,	0,	'ois_bwt2OtZqgF_OdQlkXNWBS9Pk',	'空城～泪',	'',	'',	'',	NULL,	'',	1,	'巴中',	'四川',	'',	'zh_CN',	1,	0,	0,	1,	0,	'',	'2016-03-13 18:07:44',	0,	0,	0,	NULL,	'2016-03-13 10:07:44'),
(753,	0,	0,	'opi_TwErJ41m2Z0PHV4zLT-hQs3A',	'空城～泪',	'',	'',	'',	NULL,	'',	1,	'Pakistan',	'Sichuan',	'',	'zh_CN',	1,	0,	0,	1,	0,	'',	'2016-03-13 18:07:58',	0,	0,	0,	NULL,	'2016-03-13 10:07:59'),
(754,	0,	0,	'opi_TwCZmFpWqQx3AD0DPpnceNxc',	'不能玖伴  莂説嗳我',	'',	'',	'',	NULL,	'http://wx.qlogo.cn/mmopen/xXu3u96z7Cnz7pFFVws9sO0Dt3g9kMkwibHefukFXTKKaRnrSruGnyaLgsibtFxicEBWEScJZibBa5bZMMjibU7cRqJO2pLt8ww3F/0',	1,	'Deyang',	'Sichuan',	'',	'zh_CN',	1,	0,	0,	1,	0,	'',	'2016-03-13 18:12:07',	0,	0,	0,	NULL,	'2016-03-13 10:12:08'),
(755,	0,	0,	'opi_TwOgpMgpqEc3dESKIPqWXW-8',	'',	'',	'',	'',	NULL,	'',	0,	'',	'',	'',	'',	0,	0,	0,	1,	0,	'',	'2016-03-13 18:18:08',	0,	0,	0,	NULL,	'2016-03-13 10:18:08'),
(756,	0,	0,	'ois_bwub0WsYMpFE5mHQz8gC17zs',	'夏了一夏天',	'',	'',	'',	NULL,	'http://wx.qlogo.cn/mmopen/FyGJ7IWG8IhWoTkfLlcicOTrKqx2gmrsZw0IgicwUBXJ6yo4ecg5SDNhlNC6icghicxHxUoobiaAJSib3xuGVYAjqlnmiaFNtTqYbYg/0',	1,	'泸州',	'四川',	'',	'zh_CN',	1,	0,	0,	1,	0,	'',	'2016-03-13 18:28:15',	0,	0,	0,	NULL,	'2016-03-13 10:28:15'),
(757,	0,	0,	'opi_TwFRX6P6wq6MBUqgN4Cyb0HE',	'夏了一夏天',	'',	'',	'',	NULL,	'http://wx.qlogo.cn/mmopen/FyGJ7IWG8IhWoTkfLlcicOTrKqx2gmrsZw0IgicwUBXJ6yo4ecg5SDNhlNC6icghicxHxUoobiaAJSib3xuGVYAjqlnmiaFNtTqYbYg/0',	1,	'Luzhou',	'Sichuan',	'',	'zh_CN',	1,	0,	0,	1,	0,	'',	'2016-03-13 18:28:21',	0,	0,	0,	NULL,	'2016-03-13 10:28:22'),
(758,	0,	0,	'ois_bwv-Dwg3diYdiGNC_8H2LpPs',	'代代代、代秋俊',	'',	'',	'',	NULL,	'http://wx.qlogo.cn/mmopen/xXu3u96z7CnUZJjzagIRyQibG3hicFLV0vN04bJwGmCBySjCHAonT9iaRbW7kQJCCGMibLcjichKUQ4FMe2a4qI7phd7Va2Tg9h83/0',	1,	'泸州',	'四川',	'',	'zh_CN',	1,	0,	0,	1,	0,	'',	'2016-03-13 18:29:38',	0,	0,	0,	NULL,	'2016-03-13 10:29:38'),
(759,	0,	0,	'opi_TwK7DMUDmmRUKtFjMnYg8z1k',	'八个肾的男人',	'',	'',	'',	NULL,	'http://wx.qlogo.cn/mmopen/FyGJ7IWG8IjsiccGx4twLTp5o4H6cOC5emNQAzxVickw8aJTR9QrQBqOswwuF4ZwgFUdOT5tvdxB5odjXtW5yiahhSyYMCoup3e/0',	1,	'Guangyuan',	'Sichuan',	'',	'zh_CN',	1,	0,	0,	1,	0,	'',	'2016-03-13 18:57:52',	0,	0,	0,	NULL,	'2016-03-13 10:57:54'),
(760,	0,	0,	'',	'wx236652',	'17865186557',	'',	'a4de33ef4f0fda172a4a5dc1c8e88d3f',	NULL,	'',	0,	'',	'',	'',	'',	0,	0,	0,	1,	0,	'',	'2016-03-13 19:41:58',	0,	2,	0,	NULL,	'2016-03-13 11:41:58'),
(761,	0,	0,	'opi_TwHpBMkS2QWNBXQDJG1Euh_g',	'',	'',	'',	'',	NULL,	'',	0,	'',	'',	'',	'',	0,	0,	0,	1,	0,	'',	'2016-03-13 20:14:11',	0,	0,	0,	NULL,	'2016-03-13 12:14:11'),
(762,	0,	0,	'opi_TwEBoqzSgGFd5phbVWH3APp8',	'',	'',	'',	'',	NULL,	'',	0,	'',	'',	'',	'',	0,	0,	0,	1,	0,	'',	'2016-03-13 20:30:32',	0,	0,	0,	NULL,	'2016-03-13 12:30:32'),
(763,	0,	0,	'opi_TwB5cTBtNQ563dUI_quUY_AI',	'',	'',	'',	'',	NULL,	'',	0,	'',	'',	'',	'',	0,	0,	0,	1,	0,	'',	'2016-03-13 20:32:36',	0,	0,	0,	NULL,	'2016-03-13 12:32:36'),
(764,	0,	0,	'opi_TwOrvMLW1UokcNCaY3lWelG4',	'',	'',	'',	'',	NULL,	'',	0,	'',	'',	'',	'',	0,	0,	0,	1,	0,	'',	'2016-03-13 20:47:54',	0,	0,	0,	NULL,	'2016-03-13 12:47:54'),
(765,	0,	0,	'ois_bwkBSujn2HM-HWIa3ezpZob4',	'刁菇凉，',	'',	'',	'',	NULL,	'http://wx.qlogo.cn/mmopen/xXu3u96z7CmNcCb4XXziaNE9tiahXwjSc2ibzzqNp7OMuIF7UxUdcZQZ2qqYEt6HPAcpRhlK5wM8nDhgrDjW9YTkIib4n8dPoL1m/0',	2,	'德阳',	'四川',	'',	'zh_CN',	1,	0,	0,	1,	0,	'',	'2016-03-13 21:14:03',	0,	0,	0,	NULL,	'2016-03-13 13:14:03'),
(766,	0,	0,	'ois_bwvRemQqxKbd48YE-YJKeYqs',	'が﹏池♂小西℡',	'',	'',	'',	NULL,	'http://wx.qlogo.cn/mmopen/xXu3u96z7Ck6j9IYu68AsUnZ0uMg1eibEILYlxgHHkSL5RUWva9yxZx8ic1GPICAlgD55XBNspbvzO7hjwr8yv85ukKFEQlr5F/0',	2,	'北碚',	'重庆',	'',	'zh_CN',	1,	0,	0,	1,	0,	'',	'2016-03-13 21:14:09',	0,	0,	0,	NULL,	'2016-03-13 13:14:09'),
(767,	0,	0,	'opi_TwMAHVVe1a26KfEnN0PI0Zvk',	'が﹏池♂小西℡',	'',	'',	'',	NULL,	'http://wx.qlogo.cn/mmopen/xXu3u96z7Ck6j9IYu68AsUnZ0uMg1eibEILYlxgHHkSL5RUWva9yxZx8ic1GPICAlgD55XBNspbvzO7hjwr8yv85ukKFEQlr5F/0',	2,	'Beibei',	'Chongqing',	'',	'zh_CN',	1,	0,	0,	1,	0,	'',	'2016-03-13 21:14:18',	0,	0,	0,	NULL,	'2016-03-13 13:14:20'),
(768,	0,	0,	'opi_TwEOc3Ae-xEg1u65Q5Bc_zq4',	'刁菇凉，',	'',	'',	'',	NULL,	'http://wx.qlogo.cn/mmopen/xXu3u96z7CmNcCb4XXziaNE9tiahXwjSc2ibzzqNp7OMuIF7UxUdcZQZ2qqYEt6HPAcpRhlK5wM8nDhgrDjW9YTkIib4n8dPoL1m/0',	2,	'Deyang',	'Sichuan',	'',	'zh_CN',	1,	0,	0,	1,	0,	'',	'2016-03-13 21:14:25',	0,	0,	0,	NULL,	'2016-03-13 13:14:27'),
(769,	0,	0,	'opi_TwOnVlTcMkKGwdZInBbWrq64',	'。',	'',	'',	'',	NULL,	'http://wx.qlogo.cn/mmopen/FyGJ7IWG8IiaaicCBFcOmmnrwL32NUImVCHYeWU4Cz3HRNhNMxzZFeicwrpx6dsLpYJbdakk094uXpMjWUCfOY9FWOzVByMb2iaP/0',	2,	'Meishan',	'Sichuan',	'',	'zh_CN',	1,	0,	0,	1,	0,	'',	'2016-03-13 21:32:01',	0,	0,	0,	NULL,	'2016-03-13 13:32:02'),
(770,	0,	0,	'ois_bwlP-fAi0_2qxTx-8PROiwmU',	'zy ',	'',	'',	'',	NULL,	'http://wx.qlogo.cn/mmopen/cnwOoEJancTnXpTcRwpTSyTicklQib26xfZmXGp7Jv9WmSicNVBK9EujiaicWHZS1E9Ex7T8VRteccN1IYicFBUEY8OcPh2bwgYNjk/0',	2,	'成都',	'四川',	'',	'zh_CN',	1,	0,	0,	1,	0,	'',	'2016-03-13 21:47:50',	0,	0,	0,	NULL,	'2016-03-13 13:47:50'),
(771,	0,	0,	'opi_TwPu4jQBXjpM9b8uV4RElG_0',	'zy ',	'',	'',	'',	NULL,	'http://wx.qlogo.cn/mmopen/cnwOoEJancTnXpTcRwpTSyTicklQib26xfZmXGp7Jv9WmSicNVBK9EujiaicWHZS1E9Ex7T8VRteccN1IYicFBUEY8OcPh2bwgYNjk/0',	2,	'Chengdu',	'Sichuan',	'',	'zh_CN',	1,	0,	0,	1,	0,	'',	'2016-03-13 21:47:59',	0,	0,	0,	NULL,	'2016-03-13 13:48:03'),
(772,	0,	0,	'ois_bwjLmwTwEDGS3JD_Z1eCr34k',	'华',	'',	'',	'',	NULL,	'http://wx.qlogo.cn/mmopen/ajNVdqHZLLBgFZ0flbN5c2uk3p5QjdsGWZdEKmXwF0HiblwZLD20RqryUhZLksibj6TA8uYGQTlF81rRfvv1StCHBCqoqQpdKCYoCLrOIIql8/0',	2,	'',	'慕尼黑',	'',	'zh_CN',	1,	0,	0,	1,	0,	'',	'2016-03-13 21:56:31',	0,	0,	0,	NULL,	'2016-03-13 13:56:31'),
(773,	0,	0,	'opi_TwL97iJzQNBZSdgob0WgM3Jo',	'华',	'',	'',	'',	NULL,	'http://wx.qlogo.cn/mmopen/ajNVdqHZLLBgFZ0flbN5c2uk3p5QjdsGWZdEKmXwF0HiblwZLD20RqryUhZLksibj6TA8uYGQTlF81rRfvv1StCHBCqoqQpdKCYoCLrOIIql8/0',	2,	'',	'',	'',	'zh_CN',	1,	0,	0,	1,	0,	'',	'2016-03-13 21:56:47',	0,	0,	0,	NULL,	'2016-03-13 13:56:49'),
(774,	0,	0,	'ois_bwraNro7Df2o92D4YnsBFm1A',	'goust',	'',	'',	'',	NULL,	'http://wx.qlogo.cn/mmopen/50MDfv1yMzf0ib15KtQcSNpDDn2emicBqNTo6s3Q73ka5Hl5O5icp0wCicPDCibpqens8BV28jxWBM9B2icfKLB69Wsog8hVCD7goJ/0',	2,	'洛杉矶',	'加利福尼亚',	'',	'zh_CN',	1,	0,	0,	1,	0,	'',	'2016-03-13 22:41:58',	0,	0,	0,	NULL,	'2016-03-13 14:41:58'),
(775,	0,	0,	'opi_TwH83oMRMxE9LgCMh2TEg0SE',	'goust',	'',	'',	'',	NULL,	'http://wx.qlogo.cn/mmopen/50MDfv1yMzf0ib15KtQcSNpDDn2emicBqNTo6s3Q73ka5Hl5O5icp0wCicPDCibpqens8BV28jxWBM9B2icfKLB69Wsog8hVCD7goJ/0',	2,	'',	'',	'',	'zh_CN',	1,	0,	0,	1,	0,	'',	'2016-03-13 22:42:02',	0,	0,	0,	NULL,	'2016-03-13 14:42:03'),
(776,	0,	0,	'ois_bwodJpSECoZhq4pZXcw913pQ',	'言叶',	'',	'',	'',	NULL,	'http://wx.qlogo.cn/mmopen/xXu3u96z7ClBb7q7zibU74kquibZiabsKNb0fTCHSBgak21VFicPB3bBgJXATKyt1yAz3hCWcicrfofdAJkM9gNgbFeTic6rvKK4icL/0',	0,	'',	'',	'',	'zh_CN',	1,	0,	0,	1,	0,	'',	'2016-03-13 22:57:41',	0,	0,	0,	NULL,	'2016-03-13 14:57:41'),
(777,	0,	0,	'opi_TwNLGySo_c3_dmgBkQWIwtz8',	'言叶',	'',	'',	'',	NULL,	'http://wx.qlogo.cn/mmopen/xXu3u96z7ClBb7q7zibU74kquibZiabsKNb0fTCHSBgak21VFicPB3bBgJXATKyt1yAz3hCWcicrfofdAJkM9gNgbFeTic6rvKK4icL/0',	0,	'',	'',	'',	'zh_CN',	1,	0,	0,	1,	0,	'',	'2016-03-13 22:57:47',	0,	0,	0,	NULL,	'2016-03-13 14:57:49'),
(778,	0,	0,	'opi_TwEi3UdsTYqjziW2Kd_tE40c',	'',	'',	'',	'',	NULL,	'',	0,	'',	'',	'',	'',	0,	0,	0,	1,	0,	'',	'2016-03-13 23:01:44',	0,	0,	0,	NULL,	'2016-03-13 15:01:44'),
(779,	0,	0,	'ois_bwszyW-jiG8tpDNkyZH8vIFQ',	'Gourd',	'',	'',	'',	NULL,	'http://wx.qlogo.cn/mmopen/FyGJ7IWG8IhaYYpZHSqtVxVggKzznWsAZ4eWGrjwgwXcTm64ficuwiaFBMXqI9dLlBeWibhoUoiaibpD7M3EniaHL9eiaCAGUqOAEVt/0',	1,	'德阳',	'四川',	'',	'zh_CN',	1,	0,	0,	1,	0,	'',	'2016-03-14 00:06:12',	0,	0,	0,	NULL,	'2016-03-13 16:06:12'),
(780,	0,	0,	'opi_TwKjH-4Y1gC2_li1j3AieYf4',	'Gourd',	'',	'',	'',	NULL,	'http://wx.qlogo.cn/mmopen/FyGJ7IWG8IhaYYpZHSqtVxVggKzznWsAZ4eWGrjwgwXcTm64ficuwiaFBMXqI9dLlBeWibhoUoiaibpD7M3EniaHL9eiaCAGUqOAEVt/0',	1,	'Deyang',	'Sichuan',	'',	'zh_CN',	1,	0,	0,	1,	0,	'',	'2016-03-14 00:06:16',	0,	0,	0,	NULL,	'2016-03-13 16:06:17'),
(781,	0,	0,	'ois_bwhUJfRatD3s-eyRSt9OyAfA',	'郑卓航',	'',	'',	'',	NULL,	'http://wx.qlogo.cn/mmopen/Q3auHgzwzM7rQZeyM1jibKX1rIYBrNRYSaBUD5BPB2b05gYKBamnv0RRffd8T5ZFBHRVMGVm30rM9WuQ3vh3zTDKbibLALT5e8hlhQnSpMRqY/0',	1,	'南充',	'四川',	'',	'zh_CN',	1,	0,	0,	1,	0,	'',	'2016-03-14 02:38:04',	0,	0,	0,	NULL,	'2016-03-13 18:38:04'),
(782,	0,	0,	'ois_bwj0F-4Or8O88KlDCf9rDQKg',	'深爱',	'',	'',	'',	NULL,	'http://wx.qlogo.cn/mmopen/Ib5852jAybibJiaOEZEoMWfjJB9oLouGvDdIiaFrtQl23I97E7b7kEcKrGNb6zWDlNXQC9J8WibRCkbd9iaxCpReE2efutxXsiah66/0',	2,	'自贡',	'四川',	'',	'zh_CN',	1,	0,	0,	1,	0,	'',	'2016-03-14 07:40:41',	0,	0,	0,	NULL,	'2016-03-13 23:40:41'),
(783,	0,	0,	'ois_bwjK4j0HUMug3yzGFaKByQeU',	'小蚂蚁联盟静静',	'',	'',	'',	NULL,	'http://wx.qlogo.cn/mmopen/7ib8Nhc1U7iadU6pXKAnxTRafibHzNZQYPn82XE88aN35RKzDAuylJiciaLAd7YdDfgjs26ib4F5hqR8MdQlfmfUgIibEwn0QgP4vgz/0',	2,	'许昌',	'河南',	'',	'zh_CN',	1,	0,	0,	1,	0,	'',	'2016-03-14 09:04:32',	0,	0,	0,	NULL,	'2016-03-14 01:04:32'),
(784,	0,	0,	'ois_bwoMpqkpUkCTQ125QFp4Byvc',	'倩哥哥mia',	'',	'',	'',	NULL,	'http://wx.qlogo.cn/mmopen/ekbZRkfvgokkn4SJXDtm7yiabWtZqaqU6pt3Eexgjs7Ep1YW62Wq7rx3F5u5lNtGeGQhGmKIoDESBVrAWNYaqzyibWuwBmDrDV/0',	2,	'宜宾',	'四川',	'',	'zh_CN',	1,	0,	0,	1,	0,	'',	'2016-03-14 09:21:05',	0,	0,	0,	NULL,	'2016-03-14 01:21:05'),
(785,	0,	0,	'opi_TwEgENUSNYJRWRza_EmuNtf0',	'倩哥哥mia',	'',	'',	'',	NULL,	'http://wx.qlogo.cn/mmopen/ekbZRkfvgokkn4SJXDtm7yiabWtZqaqU6pt3Eexgjs7Ep1YW62Wq7rx3F5u5lNtGeGQhGmKIoDESBVrAWNYaqzyibWuwBmDrDV/0',	2,	'Yibin',	'Sichuan',	'',	'zh_CN',	1,	0,	0,	1,	0,	'',	'2016-03-14 09:21:15',	0,	0,	0,	NULL,	'2016-03-14 01:21:16'),
(786,	0,	0,	'ois_bwtvde73w32VpzxjB9Hn_wiw',	'V',	'',	'',	'',	NULL,	'http://wx.qlogo.cn/mmopen/xXu3u96z7CkYWAbmtO6ocic0ZUdjuksliar1MoY079cNb5ibDJKjEF2ZIMhFW0rZXvV4FEzibUjsd83ibLaEVN4icGanroScpFzQcL/0',	1,	'成都',	'四川',	'',	'zh_CN',	1,	0,	0,	1,	0,	'',	'2016-03-14 09:25:49',	0,	0,	0,	NULL,	'2016-03-14 01:25:49'),
(787,	0,	0,	'opi_TwC6VB5awxXQla-lbqudK5ew',	'V',	'',	'',	'',	NULL,	'http://wx.qlogo.cn/mmopen/xXu3u96z7CkYWAbmtO6ocic0ZUdjuksliar1MoY079cNb5ibDJKjEF2ZIMhFW0rZXvV4FEzibUjsd83ibLaEVN4icGanroScpFzQcL/0',	1,	'Chengdu',	'Sichuan',	'',	'zh_CN',	1,	0,	0,	1,	0,	'',	'2016-03-14 09:25:55',	0,	0,	0,	NULL,	'2016-03-14 01:25:56'),
(788,	0,	0,	'opi_TwOIxv0e8IPMFG5G5JdTulYc',	'',	'',	'',	'',	NULL,	'',	0,	'',	'',	'',	'',	0,	0,	0,	1,	0,	'',	'2016-03-14 10:32:29',	0,	0,	0,	NULL,	'2016-03-14 02:32:29'),
(789,	0,	0,	'',	'1',	'18538753627',	'2869626928@qq.com',	'c4ca4238a0b923820dcc509a6f75849b',	NULL,	'',	0,	'',	'',	'',	'',	0,	0,	0,	1,	0,	'',	'2016-03-25 17:36:07',	0,	2,	0,	NULL,	'2016-04-13 03:11:36'),
(790,	0,	0,	'',	'2034210985',	'32121321',	'2034210985@qq.com',	'e89e679f1eb4b03f341f8409c4cd68cb',	NULL,	'',	0,	'',	'',	'',	'',	0,	0,	0,	1,	0,	'',	'2016-04-01 10:08:35',	0,	2,	0,	'',	'2016-04-07 05:57:47'),
(791,	0,	0,	'',	'pidong',	'18737131820',	'1163765691@qq.com',	'461be1adb19fd3527ad315b6e0a3d20c',	NULL,	'',	0,	'',	'',	'',	'',	0,	0,	0,	1,	0,	'',	'2016-04-06 17:01:33',	0,	2,	0,	'',	'2016-04-07 05:47:48'),
(793,	0,	0,	'oojFxsymgje_Q392jaDiQoB95-sw',	'listTouch',	'',	'',	'',	NULL,	'http://wx.qlogo.cn/mmopen/RlGLCAicgu0iasMLVwSAGt7lGibdrAlT4t58Tg85x7sibg26iaS7869AR8DqmBTF88x6boTmt4XRCpcgj1GAxMEicfY5FcWmIib2dbO/0',	1,	'Zhengzhou',	'Henan',	'',	'zh_CN',	1,	0,	0,	1,	0,	'',	'',	0,	0,	0,	NULL,	'2016-04-07 07:22:01'),
(794,	0,	0,	'',	'测试',	'',	'786699892@qq.com',	'e89e679f1eb4b03f341f8409c4cd68cb',	NULL,	'',	0,	'',	'',	'',	'',	0,	0,	0,	1,	0,	'',	'2016-04-12 21:00:33',	0,	2,	0,	NULL,	'2016-04-12 13:00:33'),
(795,	0,	0,	'',	'hmily',	'',	'136119282@qq.com',	'b0dcd34076665b5dd8036f69180bebcc',	NULL,	'',	0,	'',	'',	'',	'',	0,	0,	0,	1,	0,	'',	'2016-04-12 21:24:52',	0,	2,	0,	NULL,	'2016-04-12 13:24:51'),
(796,	0,	0,	'',	'18935490928',	'',	'951390194@qq.com',	'29fbb1df42461f2db9595ff245a24234',	NULL,	'',	0,	'',	'',	'',	'',	0,	0,	0,	1,	0,	'',	'2016-04-12 22:34:03',	0,	2,	0,	NULL,	'2016-04-12 14:34:03'),
(797,	0,	0,	'',	'a2322189',	'',	'a2322189@126.com',	'dae79d0653133139049133208535d56c',	NULL,	'',	0,	'',	'',	'',	'',	0,	0,	0,	1,	0,	'',	'2016-04-13 00:32:11',	0,	2,	0,	NULL,	'2016-04-12 16:32:11'),
(798,	0,	0,	'oojFxs2TEiHYw4KT7vf998tJlJYM',	'万磊',	'',	'',	'',	NULL,	'http://wx.qlogo.cn/mmopen/KMt8YcxoTr6CcNvcibbgKib4pFxJUVMswWbkNgCw9MgX7xvXmQGFExDHicXCmAVuwIRPgYSXgiaQkJyPibo5ib523MK77R9nK9qMdY/0',	1,	'Wuhan',	'Hubei',	'',	'zh_CN',	1,	0,	0,	1,	0,	'',	'',	0,	0,	0,	NULL,	'2016-04-13 02:02:03'),
(799,	0,	0,	'oojFxsxK4GkGd_kBFkpcZgyN7ESE',	'北斗网络-张遂程',	'',	'',	'',	NULL,	'http://wx.qlogo.cn/mmopen/KMt8YcxoTr6ngtIWicPV3D54Hp3Sn9G3ZsZHK1mdoKmTLlGmC4WP2AfQZG9gQ2MEkN1VdXqw7CKWQtwI3CIDZiaIfrfXwlq6ph/0',	1,	'Chengdu',	'Sichuan',	'',	'zh_CN',	1,	0,	0,	1,	0,	'',	'',	0,	0,	0,	NULL,	'2016-04-13 02:02:19'),
(800,	0,	0,	'oojFxs8T6K-Ngx8w4vzZOPiP51cQ',	'Mafea',	'',	'',	'',	NULL,	'http://wx.qlogo.cn/mmopen/ajNVdqHZLLCnutRlLslWEChxibNuJbYYdn2via5ocugdfRMBibJXBwzyTFhibezHsE8KztT9lgaW2BxINyeK9TicNsQ/0',	1,	'Longyan',	'Fujian',	'',	'zh_CN',	1,	0,	0,	1,	0,	'',	'',	0,	0,	0,	NULL,	'2016-04-13 02:02:25'),
(801,	0,	0,	'oojFxs-JZ25FVhmb_yZY7Mv-j6O8',	'Violence 、Drui',	'',	'',	'',	NULL,	'http://wx.qlogo.cn/mmopen/W7Dffsoy8I1e8ovJyicicrHxaueLJ5alUWGibIeHxib5v9LfXCgFalOJDoG0VYQHynicXDl5K0BZeu8DLM1QXe9DTtwX6TlAdew3s/0',	1,	'Jinan',	'Shandong',	'',	'zh_CN',	1,	0,	0,	1,	0,	'',	'',	0,	0,	0,	NULL,	'2016-04-13 02:02:26'),
(802,	0,	0,	'oojFxsyUTE8gHcGtFCVZXx97KYzo',	'usr',	'',	'',	'',	NULL,	'http://wx.qlogo.cn/mmopen/Q3auHgzwzM7pSqxWPkTJPJ5r8VCcQWj6E3eNuXaiclAoll3iblvgWDcX5pIM981O4TiaBCBjIlibhbhicbe4RyAF1D4ZKPFNg3HfGhdxtbpLVsIk/0',	1,	'Harbin',	'Heilongjiang',	'',	'zh_CN',	1,	0,	0,	1,	0,	'',	'',	0,	0,	0,	NULL,	'2016-04-13 02:02:41'),
(803,	0,	0,	'oojFxs72EtTSetkV0mIAK9DZrSOc',	'✈️梦已醒、余温散尽✈️',	'',	'',	'',	NULL,	'http://wx.qlogo.cn/mmopen/RlGLCAicgu0iasMLVwSAGt7gK8dCSGMD8jIgaul35QcYfcrKeNDSicLHT89R8ic4bjvbhbiaeyYbOSdBgDrQAKZVVN8gOpiaBh1lNK/0',	1,	'Chaoyang',	'Beijing',	'',	'zh_CN',	1,	0,	0,	1,	0,	'',	'',	0,	0,	0,	NULL,	'2016-04-13 02:03:12'),
(804,	0,	0,	'oojFxsxOpPLEGHg5VY1-bfw5KscM',	'Kamwing',	'',	'',	'',	NULL,	'http://wx.qlogo.cn/mmopen/ajNVdqHZLLA0nuVfkMqhTUibVhDR6kp0ib1KPsNWCNUg7odIXPOiaicgp6B4deP1gIL9ELSZleVTSFbEic7evIHF43Q/0',	1,	'Quanzhou',	'Fujian',	'',	'zh_CN',	1,	0,	0,	1,	0,	'',	'',	0,	0,	0,	NULL,	'2016-04-13 02:03:13'),
(805,	0,	0,	'oojFxsy9hLRLECo0krSJo-CcYKLg',	'月染杜康',	'',	'',	'',	NULL,	'http://wx.qlogo.cn/mmopen/KMt8YcxoTr6IN0c38poiaiaiaTv2o5OS7xg2SDIz7Y02WQu24yDO5yTDe6D929ibh7H7CicgukLIibX6l4gicFWYeWE4ZqZ78x3VVOv/0',	1,	'Wuxi',	'Jiangsu',	'',	'zh_CN',	1,	0,	0,	1,	0,	'',	'',	0,	0,	0,	NULL,	'2016-04-13 02:03:19'),
(806,	0,	0,	'oojFxs9rVsCZAp72YI83_3U-Ojuw',	'胡向明',	'',	'',	'',	NULL,	'http://wx.qlogo.cn/mmopen/PiajxSqBRaEL0AHLgA8Qlh8XPlSHfpReziaZic0VAvopRzickglY7iaBTjbP46b0iaKbmQO7CD9eFgQkvrribcn44jgyw/0',	1,	'Hangzhou',	'Zhejiang',	'',	'zh_CN',	1,	0,	0,	1,	0,	'',	'',	0,	0,	0,	NULL,	'2016-04-13 02:03:52'),
(807,	0,	0,	'oojFxs7_q-dWHmxN8t7t_48rfrj4',	'张腾瑞',	'',	'',	'',	NULL,	'http://wx.qlogo.cn/mmopen/W7Dffsoy8I1e8ovJyicicrH0ZnEANUF9E1e1UdouaVyiarNY5q5X3Oyh77tgGVUxIsxGjs4Eia0bPkM9KVFkbNSY65QykwEI1fF0/0',	1,	'Yuncheng',	'Shanxi',	'',	'zh_CN',	1,	0,	0,	1,	0,	'',	'',	0,	0,	0,	NULL,	'2016-04-13 02:03:56'),
(808,	0,	0,	'oojFxs4GlWmU0Zk-TT2Aqo96Rkgg',	'瞬神',	'',	'',	'',	NULL,	'http://wx.qlogo.cn/mmopen/W7Dffsoy8I37eSgf1GY0KJd3zUxcKTx3Ulia0DE9BcXWx5NY4O4FSlJRibR6LzticEayWoeEFR5qgTic905dczgtgQ/0',	1,	'Weinan',	'Shaanxi',	'',	'zh_CN',	1,	0,	0,	1,	0,	'',	'',	0,	0,	0,	NULL,	'2016-04-13 02:04:06'),
(809,	0,	0,	'oojFxszZxtDtuXCldlnWudLP5lNM',	'任宝宝',	'',	'',	'',	NULL,	'http://wx.qlogo.cn/mmopen/W7Dffsoy8I0cUJ4viagAELGLBla1IoSgKpccATE1JTBO7NJB6pD5o4X18fDZdMC6vnjyZyyrjK2nqGadIEUy1zYjzQPibJ6IDP/0',	1,	'',	'',	'',	'zh_CN',	1,	0,	0,	1,	0,	'',	'',	0,	0,	0,	NULL,	'2016-04-13 02:04:12'),
(810,	0,	0,	'oojFxs3hqOEu5yOOeIDttvMmPd28',	'马欢',	'',	'',	'',	NULL,	'http://wx.qlogo.cn/mmopen/W7Dffsoy8I1e8ovJyicicrH3rcskqWZXqveSG8QNvOaBibrKUI2prx0YJw7HpRosvOpzjtgGLibPPqYZibxatkTQHp7HOuuT9vpUib/0',	1,	'Harbin',	'Heilongjiang',	'',	'zh_CN',	1,	0,	0,	1,	0,	'',	'',	0,	0,	0,	NULL,	'2016-04-13 02:04:15'),
(811,	0,	0,	'oojFxs0BBKYiqvCKC8xmtnEiKOB0',	'扬帆',	'',	'',	'',	NULL,	'http://wx.qlogo.cn/mmopen/W7Dffsoy8I2ZKtbK04wQNqzg4SA9qtDq1Gx3jD2dSNpFS97ibhicEDz6prwPnBYPBYIqic0F9Hiblzlo7MwWYfDCbBezRtbgbJxn/0',	1,	'Shenzhen',	'Guangdong',	'',	'zh_CN',	1,	0,	0,	1,	0,	'',	'',	0,	0,	0,	NULL,	'2016-04-13 02:04:21'),
(812,	0,	0,	'oojFxs-rXtUqIbr0AXrL3ATdm7R4',	'都强',	'',	'',	'',	NULL,	'http://wx.qlogo.cn/mmopen/Q3auHgzwzM405rg5HrbnY60YKqWWdJ63pQgL1giajaeYMcJJxosndJc5d9ADAN1ble2IssZMibZV2YotbeqbIiarw/0',	1,	'Changning',	'Shanghai',	'',	'zh_CN',	1,	0,	0,	1,	0,	'',	'',	0,	0,	0,	NULL,	'2016-04-13 02:04:27'),
(813,	0,	0,	'oojFxswwaQ2Jzrqex85kjkQ2ez5Y',	'carson',	'',	'',	'',	NULL,	'http://wx.qlogo.cn/mmopen/KMt8YcxoTr4XCsHIJGSv7PIx4XhmEGiamHpVafYyK38S7R6M1KibIEugcWRjgjtlEwHcNLvrtCz5QNTupfCf7xKeqiaEPWvwdC7/0',	1,	'Po',	'Shanghai',	'',	'zh_CN',	1,	0,	0,	1,	0,	'',	'',	0,	0,	0,	NULL,	'2016-04-13 02:04:54'),
(814,	0,	0,	'oojFxs6cohGFqbfNJJHD5JAJKeyI',	'王利',	'',	'',	'',	NULL,	'http://wx.qlogo.cn/mmopen/A7sq8BD8oexjKUMOajiaRBDZpiax4ezHxXMDP4EOPCa7v3omtm7MGEfZtodcc2kdO9mNukSvfYn6bSh6AzZYB3Vw/0',	1,	'Minhang',	'Shanghai',	'',	'zh_CN',	1,	0,	0,	1,	0,	'',	'',	0,	0,	0,	NULL,	'2016-04-13 02:05:36'),
(815,	0,	0,	'oojFxs4c-xRpTZygzbXvJlZPUo6s',	'骆磊.天行者',	'',	'',	'',	NULL,	'http://wx.qlogo.cn/mmopen/A7sq8BD8oexYkZ2ArF3049DWgl4ibdrK5MibQNokGcNBuqAcrV0eFCyLmXXDMRkmibjgwUfwYdJIuibnLwyW8VQ2zA/0',	1,	'Haidian',	'Beijing',	'',	'zh_CN',	1,	0,	0,	1,	0,	'',	'',	0,	0,	0,	NULL,	'2016-04-13 02:05:42'),
(816,	0,	0,	'oojFxs9z0-Hbr3OH3XHwNK1BbqcA',	'A000网站建设微信开发-王静',	'',	'',	'',	NULL,	'http://wx.qlogo.cn/mmopen/ajNVdqHZLLAfH0dLwibZL0IRC7UqJq3fMq5DKYXL8DRLL21xB4L3M42vIRE5WicnmMeF5iava79sPqUew4CasWqgxprndVFVpkCibR35QJTa08A/0',	1,	'Chengdu',	'Sichuan',	'',	'zh_CN',	1,	0,	0,	1,	0,	'',	'',	0,	0,	0,	NULL,	'2016-04-13 02:05:48'),
(817,	0,	0,	'oojFxswjad_NydChke55FLk_zxDw',	'普贤｜90后的80创业男',	'',	'',	'',	NULL,	'http://wx.qlogo.cn/mmopen/PiajxSqBRaEKibjtcHts2l89htwVGCBu7jSdQXrwAXcUX1HsuJY99tficGdutRFb6kMheS2ribNPic4WbbE5asAZ33g/0',	1,	'Zhengzhou',	'Henan',	'',	'zh_CN',	1,	0,	0,	1,	0,	'',	'',	0,	0,	0,	NULL,	'2016-04-13 02:06:26'),
(818,	0,	0,	'oojFxs3VUhl8IEplrFKxGVvZMQb8',	'小米谷子',	'',	'',	'',	NULL,	'http://wx.qlogo.cn/mmopen/W7Dffsoy8I0BdRybGkhq4oozJfCvwbkW88pSHq5z9ibuPhtOOl7sv5glapFWsPgPWxz63s6U3icCRYMQa6kVIcqwwUl94ByiaIo/0',	1,	'Anyang',	'Henan',	'',	'zh_CN',	1,	0,	12,	1,	0,	'',	'',	1,	0,	0,	NULL,	'2016-04-13 02:08:40'),
(819,	0,	0,	'oojFxs3h9U1-8QHDpgES7J3JbYYM',	'韩湘君',	'',	'',	'',	NULL,	'http://wx.qlogo.cn/mmopen/W7Dffsoy8I1e8ovJyicicrH9041nZIH6rTBNia1pGxibKp8vrnGReBr48kdfFalW4z4vV3YIFHoKdUeK3GXRLKWu3FicLbKPMibibeI/0',	1,	'Pudong New District',	'Shanghai',	'',	'zh_CN',	1,	0,	0,	1,	0,	'',	'',	0,	0,	0,	NULL,	'2016-04-13 02:06:34'),
(820,	0,	0,	'oojFxs4jdY9OFWOjAPVCNLYzGd48',	'章鱼',	'',	'',	'',	NULL,	'http://wx.qlogo.cn/mmopen/A7sq8BD8oewzf9WAPYbzEibzmwDv1x93YzF0iaq9LztlPT9ywU1ibQpiciaH2puStnoDAQib9fkdScDzDR6FbYvF0pjw/0',	1,	'Jining',	'Shandong',	'',	'zh_CN',	1,	0,	0,	1,	0,	'',	'',	0,	0,	0,	NULL,	'2016-04-13 02:07:18'),
(821,	0,	0,	'oojFxs6D3MrE2pXOeKq9Z2ELusjY',	'酸奶',	'',	'',	'',	NULL,	'http://wx.qlogo.cn/mmopen/RlGLCAicgu0iax3AwZYJP4cTOX1ibkvZic9xfedMyKCibnBPib5gx4JDHDsvDJbfJuBR0swM3CyvlbgUdiaY4ic40QMwNgMGlfK5Z1cv/0',	1,	'Shenzhen',	'Guangdong',	'',	'zh_CN',	1,	0,	0,	1,	0,	'',	'',	0,	0,	0,	NULL,	'2016-04-13 02:07:24'),
(822,	0,	0,	'oojFxs6Rdg9L8U-tQAEjSrLY1J0c',	'KO',	'',	'',	'',	NULL,	'http://wx.qlogo.cn/mmopen/KMt8YcxoTr6IN0c38poiaiahJfG6v99g4MIKkvsEOBIETAhFvMg2C9fiaib9Fpsicfn9FZklBiaJic2rnxRYKIYLn4CAKFdPuAhfUkJ/0',	1,	'',	'Shanghai',	'',	'zh_CN',	1,	0,	0,	1,	0,	'',	'',	0,	0,	0,	NULL,	'2016-04-13 02:07:41'),
(823,	0,	0,	'oojFxs-Q_mplkpKTya2VqjuiLJoQ',	'zhao',	'',	'',	'',	NULL,	'http://wx.qlogo.cn/mmopen/A7sq8BD8oezMMicM4zS1IQibEPTtY5GF7rRkCkYJW2p2rSOsXicLzCa6ow9a6Mx9W5Q4e3A7d2ZkutzHI08tnwOZQ/0',	1,	'Liaocheng',	'Shandong',	'',	'zh_CN',	1,	0,	0,	1,	0,	'',	'',	0,	0,	0,	NULL,	'2016-04-13 02:07:45'),
(824,	0,	0,	'oojFxs7VBdY_lQvoDpjHgO_-HukQ',	'天汇小杨',	'',	'',	'',	NULL,	'http://wx.qlogo.cn/mmopen/ajNVdqHZLLCmo29YgjlxxCp7ib6hiaCdcvjqdu9wqHYibl7eRQv28icQJuibNibJyxtYQjtqAkbkoJhZfKic7rCxy1Jgg/0',	1,	'',	'',	'',	'zh_CN',	1,	0,	0,	1,	0,	'',	'',	0,	0,	0,	NULL,	'2016-04-13 02:08:19'),
(825,	0,	0,	'oojFxs9S7fRfF2hI7tU6yojPWsU4',	'后会无期',	'',	'',	'',	NULL,	'http://wx.qlogo.cn/mmopen/A7sq8BD8oewQ57dB8rOskR5pcQ8cGF7tEdpQJVGQuqAXBQmmmfXtoN8VryAO36rGlYPdFUkTPfCIhJPFVTnm7g/0',	1,	'Xuchang',	'Henan',	'',	'zh_CN',	1,	0,	0,	1,	0,	'',	'',	0,	0,	0,	NULL,	'2016-04-13 02:08:49'),
(826,	0,	0,	'oojFxsyevOuy9tf47omq2t8NUJO4',	'A jiekay',	'',	'',	'',	NULL,	'http://wx.qlogo.cn/mmopen/KMt8YcxoTr6IN0c38poiaiatBmgRJtY7P3bgIRP8MvibfguSBlEKibNyZtrQM4CVCmHQfBNwO0Ve0ZBo8iaTmUgjhl50WxKyDoSux/0',	1,	'Hefei',	'Anhui',	'',	'zh_CN',	1,	0,	0,	1,	0,	'',	'',	0,	0,	0,	NULL,	'2016-04-13 02:08:55'),
(827,	0,	0,	'oojFxs4JkqS3Y7AnkVINglJ_7tSI',	'a东东y',	'',	'',	'',	NULL,	'http://wx.qlogo.cn/mmopen/ajNVdqHZLLCQRDKeRQaCZqcnHuLvQ4P9Vwkh65Wn3AMvwHLURfhctCAiccmF5BMNVI0Ul71ia30nT2FcWcfJTHeg/0',	1,	'Anyang',	'Henan',	'',	'zh_CN',	1,	0,	0,	1,	0,	'',	'',	0,	0,	0,	NULL,	'2016-04-13 02:09:58'),
(828,	0,	0,	'oojFxs2Z3YxTkN3WBW99BiB-7KXs',	'大宇',	'',	'',	'',	NULL,	'http://wx.qlogo.cn/mmopen/KMt8YcxoTr6IN0c38poiaiagp7zR7zvt4mhPcPOqVXsFa9KvMdM2NXf4hreUVLJ8HdgrwicH9icBYOQmLBxXjXVt3SAXN2OAkenc/0',	1,	'Fuxin',	'Liaoning',	'',	'zh_CN',	1,	0,	0,	1,	0,	'',	'',	0,	0,	0,	NULL,	'2016-04-13 02:10:16'),
(829,	0,	0,	'oojFxs1rjwUFTy9SVucirWH1I5JY',	'荷塘月色',	'',	'',	'',	NULL,	'http://wx.qlogo.cn/mmopen/A7sq8BD8oew0zF6YwzicynvNGSqsVQZbpef1GE9XNJO7FlTW8cdwUoAKaGLKXubNNdqL0KzFQegwdTG7sVlnDTQ/0',	1,	'Nankai',	'Tianjin',	'',	'zh_CN',	1,	0,	0,	1,	0,	'',	'',	0,	0,	0,	NULL,	'2016-04-13 02:10:41'),
(830,	0,	0,	'oojFxs-1azh9Dss_-g8D93GdZgSM',	'galois',	'',	'',	'',	NULL,	'http://wx.qlogo.cn/mmopen/RlGLCAicgu0g23hFxUg4U5GCb93oVv2Y2unQicQSXSvw9SlgqzwHaxQcSPC6kqicjZIOQIGBDNTTceyuOqJzIOWsom9CmRibYD38/0',	1,	'Fangshan',	'Beijing',	'',	'zh_CN',	1,	0,	0,	1,	0,	'',	'',	0,	0,	0,	NULL,	'2016-04-13 02:11:02'),
(831,	0,	0,	'oojFxswyWMeBI2SVjpIR_woKWDak',	'夏辉',	'',	'',	'',	NULL,	'http://wx.qlogo.cn/mmopen/W7Dffsoy8I1e8ovJyicicrH1hPHMZhVM7nLuTwZexdy4OCFv6yaNE72VokZlptB1l5aADMmYbcoTjb40kMLXsByANFjBgI4ib5O/0',	1,	'',	'Beijing',	'',	'zh_CN',	1,	0,	0,	1,	0,	'',	'',	0,	0,	0,	NULL,	'2016-04-13 02:13:03'),
(832,	0,	0,	'oojFxs6lWbThVzCYH3vUJsYk_KSM',	'格兰特',	'',	'',	'',	NULL,	'http://wx.qlogo.cn/mmopen/ajNVdqHZLLCxJYGPcdz9pKwLl555UyczH3mZdP9xNn4wJvxCnuaIp7BRGjMTPtnUJVWRhCrHdGaL5C0KsVoiaicA/0',	1,	'Changzhou',	'Jiangsu',	'',	'zh_CN',	1,	0,	0,	1,	0,	'',	'',	0,	0,	0,	NULL,	'2016-04-13 02:13:03'),
(833,	0,	0,	'oojFxs0omB3xCc7Fm00C3SHAR46k',	'001100110011',	'',	'',	'',	NULL,	'http://wx.qlogo.cn/mmopen/RlGLCAicgu0jjSyCaOm2s6nQEkRqo8AMSF1BLfte63DmO3lvYQ2bhLtg2uib6Y84ACNWwpzQwGfKJPE14ltUmZMjpS9Lhr0qico/0',	1,	'Zhangjiajie',	'Hunan',	'',	'zh_CN',	1,	0,	0,	1,	0,	'',	'',	0,	0,	0,	NULL,	'2016-04-13 02:13:07'),
(834,	0,	0,	'oojFxs6bs6TBarbbe72eFghItvLw',	'张鼎武 淘岛商城 65955774',	'',	'',	'',	NULL,	'http://wx.qlogo.cn/mmopen/ajNVdqHZLLB6KsFPkIwNOS4SYkXjeRzRUp4T7SdvNTYBeI8bdctxXyBzicbad7jnljPCWxoWq5mIVCXUuCPLl7ejuxxzqJaCnwyZo3qkqXJ8/0',	1,	'Haikou',	'Hainan',	'',	'zh_CN',	1,	0,	0,	1,	0,	'',	'',	0,	0,	0,	NULL,	'2016-04-13 02:14:03'),
(835,	0,	0,	'oojFxsygj-W9oakJmoG4IplbtmGI',	'常哥',	'',	'',	'',	NULL,	'http://wx.qlogo.cn/mmopen/A7sq8BD8oew43MlxthPiaqpdNHAXv7loVXNnsic712q26FwjlicX2BrFZzClHnWiaTibFf7Cb7r4Lq0J4MAkoq8EvPC0I6Dwkzz6X/0',	1,	'Zhengzhou',	'Henan',	'',	'zh_CN',	1,	0,	0,	1,	0,	'',	'',	0,	0,	0,	NULL,	'2016-04-13 02:14:29'),
(836,	0,	0,	'',	'kaifengde',	'',	'kaifengde@163.com',	'19decc081e787759ba887b5d45ede723',	NULL,	'',	0,	'',	'',	'',	'',	0,	0,	0,	1,	0,	'',	'2016-04-13 10:14:52',	0,	2,	0,	NULL,	'2016-04-16 14:31:45'),
(837,	0,	0,	'oojFxs2gb0NTkVeV0ZsmctjLAt0I',	'郎晓君（老婆头像',	'',	'',	'',	NULL,	'http://wx.qlogo.cn/mmopen/KMt8YcxoTr6IN0c38poiaiamx3Infu7lcmyGFnznDZxreCRBlZ8BNeb0QicENuutahHWPgvDmG2eu8p6ibpib2B7wBsOWc2p15CKD/0',	1,	'Lanzhou',	'Gansu',	'',	'zh_CN',	1,	0,	0,	1,	0,	'',	'',	0,	0,	0,	NULL,	'2016-04-13 02:14:54'),
(838,	0,	0,	'oojFxs9DGXumRHRNVoL_mIqKCwcE',	'AppleOct',	'',	'',	'',	NULL,	'http://wx.qlogo.cn/mmopen/KMt8YcxoTr7f4vBriacvo2zH74N6ZshLBvlxJZIUQETjglp76npraJ5qQwQHcpiciadBkP7ZfkAHqBc7Zsb88WhjvPJx6mX7Pqd/0',	1,	'Wuhan',	'Hubei',	'',	'zh_CN',	1,	0,	0,	1,	0,	'',	'',	0,	0,	0,	NULL,	'2016-04-13 02:15:29'),
(839,	0,	0,	'oojFxsyhp9xcpe1AYmzFymxIMmKw',	'YMCA',	'',	'',	'',	NULL,	'http://wx.qlogo.cn/mmopen/A7sq8BD8oeynOoPZTicfBStklht0nqKSAAdE7FrsKiaoeMrSw43DPKU0Rom4q0Q1eUVtgqicdUicYmEcNqsSmSkOJg/0',	1,	'Baotou',	'Inner Mongolia',	'',	'zh_CN',	1,	0,	0,	1,	0,	'',	'',	0,	0,	0,	NULL,	'2016-04-13 02:17:07'),
(840,	0,	0,	'oojFxs9wgPwJiBJy7MZPIzWVoGj0',	'yimishen',	'',	'',	'',	NULL,	'http://wx.qlogo.cn/mmopen/A7sq8BD8oeyoscRXEXeTnYSNNBKZgTM5EOnFrXqNY8iaSW75gpicOYQOf4iawrSycXOzKbx9CGw0OMNUhvGkHtavw/0',	1,	'Xiamen',	'Fujian',	'',	'zh_CN',	1,	0,	0,	1,	0,	'',	'',	0,	0,	0,	NULL,	'2016-04-13 02:17:18'),
(841,	0,	0,	'oojFxswQtVpqb9Ri1-1oRo8gewbA',	'曾开',	'',	'',	'',	NULL,	'http://wx.qlogo.cn/mmopen/A7sq8BD8oew43MlxthPiaqiaicoHWlo5mErKFnJiaFfaYdDG13U3DDicXnLRY7hvWWufKvjcQuia1pLERZZgpiak2VFH44Qf8gP6mnC/0',	1,	'Wuhan',	'Hubei',	'',	'zh_CN',	1,	0,	0,	1,	0,	'',	'',	0,	0,	0,	NULL,	'2016-04-13 02:17:41'),
(842,	0,	0,	'oojFxs1Sw0huasTRxNEpMgGjqP1o',	'龚德胜',	'',	'',	'',	NULL,	'http://wx.qlogo.cn/mmopen/PiajxSqBRaEJqa9ibKC17kAAlYuriaMCw1V5E1Q1qNCM3bHrS6EEVut9UwZuUpQnTCmjf250XdAB6miaPPtE6u3mFQ/0',	1,	'Nanchang',	'Jiangxi',	'',	'zh_CN',	1,	0,	0,	1,	0,	'',	'',	0,	0,	0,	NULL,	'2016-04-13 02:18:04'),
(843,	0,	0,	'oojFxs9CtdPRrZwQ3WctLmq2YURc',	'青山',	'',	'',	'',	NULL,	'http://wx.qlogo.cn/mmopen/A7sq8BD8oezTibn2iaGnMeyl9VKvubvtZbkmSlrac6Qj67Lxx8uHnBhhq2oF5aicicvWPvoKx6OI5xIspmsGWc63hw/0',	1,	'Qingdao',	'Shandong',	'',	'zh_CN',	1,	0,	6,	1,	0,	'',	'',	0,	0,	0,	NULL,	'2016-04-21 07:13:30'),
(844,	0,	0,	'oojFxsxuVUebr9Q8OjNgncli99AU',	'Mr.Y',	'',	'',	'',	NULL,	'http://wx.qlogo.cn/mmopen/ajNVdqHZLLCIicL9RiagGQoSxmQerLGMibPIib405JUljCj5hudiawTBoph39YTN5qovVhEp7aajwufKojhWaS40x4w/0',	1,	'Dalian',	'Liaoning',	'',	'zh_CN',	1,	0,	0,	1,	0,	'',	'',	0,	0,	0,	NULL,	'2016-04-13 02:19:07'),
(845,	0,	0,	'oojFxsztQum8ed5q10eB9l9AXVgM',	'付明光',	'',	'',	'',	NULL,	'http://wx.qlogo.cn/mmopen/RlGLCAicgu0iasMLVwSAGt7gnqKSOnfJd4ibcouGwTTrdtBjQuWdFbBlQUc8HlkHyUibNTUTwlgekaamCkIfjicHTlV4R1qCo79Rb/0',	1,	'Jingzhou',	'Hubei',	'',	'zh_CN',	1,	0,	0,	1,	0,	'',	'',	0,	0,	0,	NULL,	'2016-04-13 02:20:01'),
(846,	0,	0,	'oojFxs1ir7ACM46BzrOKxOUOmaok',	'在路上',	'',	'',	'',	NULL,	'http://wx.qlogo.cn/mmopen/A7sq8BD8oew43MlxthPiaqpIKQofrfxxfCBQh09ibqknvzazRNA13hHdsTkUiayp9O8TsLP9bZuKWphSrZy1V23chtick0fib57nQ/0',	1,	'Ganzhou',	'Jiangxi',	'',	'zh_CN',	1,	0,	0,	1,	0,	'',	'',	0,	0,	0,	NULL,	'2016-04-13 02:23:15'),
(847,	0,	0,	'oojFxs-_TmSNpYmLQzlLwuiQkEE4',	'李浩',	'',	'',	'',	NULL,	'http://wx.qlogo.cn/mmopen/W7Dffsoy8I1Q76XbaBPuAZwxARSiak0u85AjETEm6DHAPlVq42hutnEQZjJ965GnMkibv0ET0bKhFJff2wkTos0bmuN4xzkPY9/0',	1,	'Chengdu',	'Sichuan',	'',	'zh_CN',	1,	0,	0,	1,	0,	'',	'',	0,	0,	0,	NULL,	'2016-04-13 02:26:47'),
(848,	0,	0,	'oojFxs9MMplDVJKe_JAJmSV_qC6M',	'快刀老马',	'',	'',	'',	NULL,	'http://wx.qlogo.cn/mmopen/A7sq8BD8oeyvw6H0jcDKicR1HQgM8hltgBDx49UVjdWQd2gl3rHY1pV9cQYdeh8L6yY6MacEWusuNPJ1KThWngw/0',	1,	'Jinan',	'Shandong',	'',	'zh_CN',	1,	0,	12,	1,	0,	'',	'',	1,	0,	0,	NULL,	'2016-04-18 03:29:21'),
(849,	0,	0,	'oojFxsx-I52z_HT-9dphs1PbdqAM',	'潘冬林 裁缝铺',	'',	'',	'',	NULL,	'http://wx.qlogo.cn/mmopen/W7Dffsoy8I2PKcUgwlhNiaHmy90fpzwlZmIQ78Bu41mH75X3zHORpWVicJuZTXOmdvDIicdkwWkjPUYm3dAicflF0w24tPBMp1tF/0',	1,	'Chaoyang',	'Beijing',	'',	'zh_CN',	1,	0,	0,	1,	0,	'',	'',	0,	0,	0,	NULL,	'2016-04-13 02:28:12'),
(850,	0,	0,	'oojFxsxrzhn8r2YLsUYf_tNOA9ZA',	'rhC',	'',	'',	'',	NULL,	'http://wx.qlogo.cn/mmopen/vYVm6r9bl8jWC1CtKV3Zn2TKnqOnfI4iblCxcYGXfNZFU9x5R7S6Ga1ic9EEFb2pvsg4DQwYsBD5HAcqm3W0iaJmcNHJGDULY3Y/0',	1,	'Changsha',	'Hunan',	'',	'zh_CN',	1,	0,	0,	1,	0,	'',	'',	0,	0,	0,	NULL,	'2016-04-13 02:30:12'),
(851,	0,	0,	'oojFxs5xKth-MfgIoQW_wnx_KhxA',	'金粉世家',	'',	'',	'',	NULL,	'http://wx.qlogo.cn/mmopen/ajNVdqHZLLANFXF56eWct0eboiaiar6dBygib3ceWaERPYlPLiat3ib5MhWia0PBqu7wMNRFIH7YJYTAPFUgtC0bVJ2Oa7ZtM2JPFIskI8ibVCRTYo/0',	1,	'Xi\'an',	'Shaanxi',	'',	'zh_CN',	1,	0,	0,	1,	0,	'',	'',	0,	0,	0,	NULL,	'2016-04-13 02:30:25'),
(852,	0,	0,	'oojFxs5K6lGF7ra0w7RXxGpgSeDs',	'铭源',	'',	'',	'',	NULL,	'http://wx.qlogo.cn/mmopen/W7Dffsoy8I1e8ovJyicicrH4vZibhztH5RD9x19nNhYjapjuKs29cicu4a0K1YSuT7jVl5UciaDG4lgphZCveoUzr7bUohFSfj5M7/0',	1,	'Shantou',	'Guangdong',	'',	'zh_CN',	1,	0,	0,	1,	0,	'',	'',	0,	0,	0,	NULL,	'2016-04-13 02:30:27'),
(853,	0,	0,	'oojFxs6UVvIiSjyhU6xTZZ0ChjKU',	'好多鱼',	'',	'',	'',	NULL,	'http://wx.qlogo.cn/mmopen/Q3auHgzwzM7TuXobrVCAf2IfHTrRq4ozCK3MjD4ibslbo4MJu4FJSUySvg2G6z6m50l6puYFcXUTNqicFibwBtC8g/0',	1,	'Chengdu',	'Sichuan',	'',	'zh_CN',	1,	0,	0,	1,	0,	'',	'',	0,	0,	0,	NULL,	'2016-04-13 02:33:21'),
(854,	0,	0,	'oojFxsxNaBKQgv0PaI656PXoIrrw',	'tangsu',	'',	'',	'',	NULL,	'http://wx.qlogo.cn/mmopen/KMt8YcxoTr6IN0c38poiaianRJjE63h7jcWmFrOrb0lRMjYcXh0QricPeiby7DyiaW6L8w6UMoxMvLiaIiaraibyqibg5fYLNgFpAumN8/0',	1,	'Guiyang',	'Guizhou',	'',	'zh_CN',	1,	0,	0,	1,	0,	'',	'',	0,	0,	0,	NULL,	'2016-04-13 02:33:25'),
(855,	0,	0,	'oojFxs2DMoYjIlhpPCfHP3deGRdM',	'玉米',	'',	'',	'',	NULL,	'http://wx.qlogo.cn/mmopen/Q3auHgzwzM54NU8oDLwzJicWtc287T4iaCf9JxkTChAiaxxYsvxZSVyjbtr2yL13dKhzfhQGWeejhia4QlXj5EykTA/0',	1,	'Changsha',	'Hunan',	'',	'zh_CN',	1,	0,	0,	1,	0,	'',	'',	0,	0,	0,	NULL,	'2016-04-13 02:36:31'),
(856,	0,	0,	'oojFxs_eWoxSzSbqehT0dWoh4u6w',	'天虎',	'',	'',	'',	NULL,	'http://wx.qlogo.cn/mmopen/PiajxSqBRaEK1CaWyW2kTicXiaqCiaibtjG0GwHSxGWakic0JtyXfdZNnHPEqGG2VoNTia1hSVUnicVmM5wOsIukFjybGA/0',	1,	'',	'Beijing',	'',	'zh_CN',	1,	0,	0,	1,	0,	'',	'',	0,	0,	0,	NULL,	'2016-04-13 02:38:56'),
(857,	0,	0,	'oojFxs4uabf0JS1ayuUqd8DLoznI',	'梦想家',	'',	'',	'',	NULL,	'http://wx.qlogo.cn/mmopen/A7sq8BD8oexDHa2Q32hcNLpyZFibw8EksG9cebka35ZbpHCicC424O1WhmOvW06axWCXGXF56n5oxv3cRkQNWSibA/0',	1,	'Changsha',	'Hunan',	'',	'zh_CN',	1,	0,	0,	1,	0,	'',	'',	0,	0,	0,	NULL,	'2016-04-13 02:39:21'),
(858,	0,	0,	'oojFxs3X4eFzkhhagNCEyZiKC1vc',	'慢慢拍先生',	'',	'',	'',	NULL,	'http://wx.qlogo.cn/mmopen/A7sq8BD8oexhbhia4opzJ9vxbrs6Hxojc8oa9GYegLRYuzcrFruNUQlecjTxUz5o1kUajO5KDlTiaQOL1sYKIpyA/0',	1,	'Chaoyang',	'Beijing',	'',	'zh_CN',	1,	0,	0,	1,	0,	'',	'',	0,	0,	0,	NULL,	'2016-04-13 02:39:46'),
(859,	0,	0,	'oojFxs0pjDjMXItc8o1F-FG88kNQ',	'王二帅',	'',	'',	'',	NULL,	'http://wx.qlogo.cn/mmopen/A7sq8BD8oew43MlxthPiaqrmAQHjXRbAhaPiaP4cibe9RlGgAModC55Oq9xTNmoNkdicLk4x54ichjkibDGtVN5nic5zMmbglmCtzjx/0',	1,	'Haidian',	'Beijing',	'',	'zh_CN',	1,	0,	0,	1,	0,	'',	'',	0,	0,	0,	NULL,	'2016-04-13 02:39:46'),
(860,	0,	0,	'oojFxs0swbsrHzrHCpGQaSzTJVOU',	'老周',	'',	'',	'',	NULL,	'',	1,	'Daxing',	'Beijing',	'',	'zh_CN',	1,	0,	0,	1,	0,	'',	'',	0,	0,	0,	NULL,	'2016-04-13 02:40:35'),
(861,	0,	0,	'oojFxs5uyKStJhq6YmSN4zXVIxMg',	'黄仁政',	'',	'',	'',	NULL,	'http://wx.qlogo.cn/mmopen/W7Dffsoy8I1e8ovJyicicrHxwarOnhDHRbJUsCugzjFKd9RXwrudEKvQvUhRjeSyia7m15gWWicFT2omWapLeoBLzrzThA7brJvq/0',	1,	'Yongchuan',	'Chongqing',	'',	'zh_CN',	1,	0,	0,	1,	0,	'',	'',	0,	0,	0,	NULL,	'2016-04-13 02:46:57'),
(862,	0,	0,	'oojFxs-LKapXlZcdqzg6T_zORNyE',	'陌千尘',	'',	'',	'',	NULL,	'http://wx.qlogo.cn/mmopen/vYVm6r9bl8jWC1CtKV3ZnybVLNqSU0hQicicS93qkCwvonfJoWHqTg9JibMVCibVXiafgf2HwxIsa3LV4diatZhV5P7TMvPFiaicA2XM/0',	1,	'Heze',	'Shandong',	'',	'zh_CN',	1,	0,	0,	1,	0,	'',	'',	0,	0,	0,	NULL,	'2016-04-13 02:49:11'),
(863,	0,	0,	'oojFxszAYhDAbdPQWoU1mafFm1r4',	'波罗蜜—微营销',	'',	'',	'',	NULL,	'http://wx.qlogo.cn/mmopen/KMt8YcxoTr6IN0c38poiaiap3zrbNiavoh1KR96HibltItxWfFYzn11Kb9tnzU3tdibslKkWg1SvWAMdTpgq6jHl9MNohMJ5Z1mEL/0',	1,	'Jinan',	'Shandong',	'',	'zh_CN',	1,	0,	0,	1,	0,	'',	'',	0,	0,	0,	NULL,	'2016-04-13 02:50:27'),
(864,	0,	0,	'oojFxs-a1x63CjrRFynjzx9bNBmU',	'✨',	'',	'',	'',	NULL,	'http://wx.qlogo.cn/mmopen/A7sq8BD8oeyvsT9EHHJYXNS5vJG8UUK0a0AZmxRpTA6QwccovMbk6cFYupooK2PTs3BlgO5SkWc0G0TCbCiaHqQ/0',	1,	'Ningbo',	'Zhejiang',	'',	'zh_CN',	1,	0,	0,	1,	0,	'',	'',	0,	0,	0,	NULL,	'2016-04-13 02:52:18'),
(865,	0,	0,	'oojFxs9SrQRgx05VtDdmHTcPesJY',	'沃德天，喂甚么，辣么帅',	'',	'',	'',	NULL,	'http://wx.qlogo.cn/mmopen/9V1lgkQNXLTvQI4dMjh5fp9ZCOxhRvtKJichrkwXf5RRfbnXKdInLNk3zCEDldQKExlUicNdIRHAMmnHd0jR4oLicYPGoGicXut0/0',	1,	'',	'',	'',	'zh_CN',	1,	0,	0,	1,	0,	'',	'',	0,	0,	0,	NULL,	'2016-04-13 02:57:55'),
(866,	0,	0,	'oojFxsybOip8ZwYPv1bpRQtwfAZs',	'蒙蒙',	'',	'',	'',	NULL,	'http://wx.qlogo.cn/mmopen/W7Dffsoy8I3JUtrBtjJWnJujKfDlVCeNyA2bQy5ESJuuOp9XfR4wJtLSexTdY2o9bcrJdhtTqbzUWNPcpdIzQ4PcoBLyPibsc/0',	1,	'Kunming',	'Yunnan',	'',	'zh_CN',	1,	0,	0,	1,	0,	'',	'',	0,	0,	0,	NULL,	'2016-04-13 02:59:13'),
(867,	0,	0,	'oojFxs-5GWrWlwij1oIXpZnUpnGM',	'→LEO',	'',	'',	'',	NULL,	'http://wx.qlogo.cn/mmopen/RlGLCAicgu0iasMLVwSAGt7hOWXWiaMS2UPqOtlEzM9liaA5dWrG2f9E9wSPeficskSvtLld4SyMXErt14zdugZptkg9eFkHqN8zg/0',	1,	'',	'',	'',	'zh_CN',	1,	0,	0,	1,	0,	'',	'',	0,	0,	0,	NULL,	'2016-04-13 03:05:41'),
(868,	0,	0,	'oojFxsxEVFoT1eHJ4k2BAZVZWCic',	'漂泊鸟',	'',	'',	'',	NULL,	'http://wx.qlogo.cn/mmopen/ajNVdqHZLLC3Byib9QxdEvdTXKmH1E84bQw3cKichrawU3qoO0a2wmHRZyaxovXgibCKjgQC2icv61xcbmZTvhgScg/0',	1,	'Nanjing',	'Jiangsu',	'',	'zh_CN',	1,	0,	0,	1,	0,	'',	'',	0,	0,	0,	NULL,	'2016-04-13 03:07:10'),
(869,	0,	0,	'oojFxs1Ml8dudFjZig2b0n4Y97tM',	'肖振杰',	'',	'',	'',	NULL,	'http://wx.qlogo.cn/mmopen/W7Dffsoy8I1e8ovJyicicrH8HiavJbMPIrdKZQia412zkZYNQL9Fm2esvmFO4OBS7KWhZmm6N0rTIx9Q2qJU46oAqeMib267iawlGic/0',	1,	'Quanzhou',	'Fujian',	'',	'zh_CN',	1,	0,	0,	1,	0,	'',	'',	0,	0,	0,	NULL,	'2016-04-13 03:10:37'),
(870,	0,	0,	'oojFxs86YNLJTy7VPepWuxg04KtQ',	'老猛',	'',	'',	'',	NULL,	'http://wx.qlogo.cn/mmopen/RlGLCAicgu0iasMLVwSAGt7vzgb2NeF4FGiblIibHJv5ufokJU2XueCpA27Yn9xmwRDrysgfm7Pcia8iaVic3ico9k50iaJYiarVicJ23ad/0',	1,	'Dongguan',	'Guangdong',	'',	'zh_CN',	1,	0,	0,	1,	0,	'',	'',	0,	0,	0,	NULL,	'2016-04-13 03:17:34'),
(871,	0,	0,	'oojFxs8sLiREYU1pv5xtUMbbyTjA',	'瓦力',	'',	'',	'',	NULL,	'http://wx.qlogo.cn/mmopen/ajNVdqHZLLDPWMSkPibVgOqknhCLlmfAsicDX8GgznImvT7eTChc2xria1Dko23F9ZQo3Ta1wAXOM3QzuxibCq8Vtg/0',	1,	'Luoyang',	'Henan',	'',	'zh_CN',	1,	0,	0,	1,	0,	'',	'',	0,	0,	0,	NULL,	'2016-04-13 03:19:15'),
(872,	0,	0,	'oojFxs9XTPVW5QtqynA0yTMguPuA',	'大飞哥 Oscar',	'',	'',	'',	NULL,	'http://wx.qlogo.cn/mmopen/ajNVdqHZLLCicjn0FvITQhupg18Kj2dycT5PGRZEkH2uapdvD7YWcuzkVDy4tvCWYT7gZ1rstJWiaiasc3NacUqpg/0',	1,	'Xuhui',	'Shanghai',	'',	'zh_CN',	1,	0,	0,	1,	0,	'',	'',	0,	0,	0,	NULL,	'2016-04-13 03:20:56'),
(873,	0,	0,	'oojFxs2AHFNTGLMjM5SVksbhM6TI',	'幸福家智能家居-辛',	'',	'',	'',	NULL,	'http://wx.qlogo.cn/mmopen/Q3auHgzwzM6CJATaYhIbp0LiceSQjRJibm1NFL3QWCnF0SeBYAbRia9AUIB26G5FKew5oKIib2LvV8pic1LExfNp1DA/0',	1,	'Jingdezhen',	'Jiangxi',	'',	'zh_CN',	1,	0,	0,	1,	0,	'',	'',	0,	0,	0,	NULL,	'2016-04-13 03:21:36'),
(874,	0,	0,	'oojFxs4_VILKYGbl2jJ9nMC_1Qgs',	'蒙羡枫',	'',	'',	'',	NULL,	'http://wx.qlogo.cn/mmopen/KMt8YcxoTr6IN0c38poiaiasnXpMWOWgp5LUh4qzbric5UicBPCyggJqEbicAItWaL0tX9Fxr6GF8Crzwo3RLg9jcxUIrtdAeDTRE/0',	1,	'Suzhou',	'Jiangsu',	'',	'zh_CN',	1,	0,	0,	1,	0,	'',	'',	0,	0,	0,	NULL,	'2016-04-13 03:25:10'),
(875,	0,	0,	'oojFxs35Sv9lgK5xI-6vDYJHPXUw',	'JWEN',	'',	'',	'',	NULL,	'http://wx.qlogo.cn/mmopen/W7Dffsoy8I1e8ovJyicicrH52G3x7icvOu94Ul8YFiboE63E7BW0bRI5K29XAbibIgOxSY94kbRprSotxxWDRPdW1wHEHgbrREru5/0',	1,	'Shenzhen',	'Guangdong',	'',	'zh_CN',	1,	0,	0,	1,	0,	'',	'',	0,	0,	0,	NULL,	'2016-04-13 03:34:25'),
(876,	0,	0,	'oojFxsyS4Ur34iotchJAGe0zDZ7E',	'慎独',	'',	'',	'',	NULL,	'http://wx.qlogo.cn/mmopen/W7Dffsoy8I2n39NyQLNawiaq9CtZAoWlZg2n1VpBHPtRdGPmKweHrGDIcz0tGUJg8BEtArbu3tAcRjSjDJfbatXcYLBzdLMmv/0',	1,	'Chengdu',	'Sichuan',	'',	'zh_CN',	1,	0,	0,	1,	0,	'',	'',	0,	0,	0,	NULL,	'2016-04-13 03:34:31'),
(877,	0,	0,	'oojFxs-b1pIqyFh2b4JJdE3__aCU',	'It小小鸟®',	'',	'',	'',	NULL,	'http://wx.qlogo.cn/mmopen/KMt8YcxoTr5qtiaZLpr7fAEM6HT3VciaqJw4571ibTPjlygLheIzwWmXJKhe6OViatONZnBKmMkMRd7iaHeBtwicoc4g/0',	1,	'Guangzhou',	'Guangdong',	'',	'zh_CN',	1,	0,	0,	1,	0,	'',	'',	0,	0,	0,	NULL,	'2016-04-13 03:34:53'),
(878,	0,	0,	'oojFxs5RRKpyh6keMwBfK3rMusl4',	'伟东',	'',	'',	'',	NULL,	'http://wx.qlogo.cn/mmopen/A7sq8BD8oezRLTuM4uZYXbhKlWqACxrogUnVg4PnCqiad4MKHFIpLxgBa4NmOFic4D8oibRFjsR3nrUCSNAw2R93Q/0',	1,	'Wuxi',	'Jiangsu',	'',	'zh_CN',	1,	0,	0,	1,	0,	'',	'',	0,	0,	0,	NULL,	'2016-04-13 03:36:30'),
(879,	0,	0,	'oojFxs9CwyaSNYR3rLT2D-1rM0CM',	'小松',	'',	'',	'',	NULL,	'http://wx.qlogo.cn/mmopen/KMt8YcxoTr6IN0c38poiaiasFRnu46KSic1rWKJXt3fXma3vb1wyKlNZ6zH1z5rtFiaVTWdICmEGoRibaYQJc1V1NIic0YNhDLSEOM/0',	1,	'Quanzhou',	'Fujian',	'',	'zh_CN',	1,	0,	0,	1,	0,	'',	'',	0,	0,	0,	NULL,	'2016-04-13 03:38:42'),
(880,	0,	0,	'',	'panfei123',	'',	'564118911@qq.com',	'fafca1ce99c32d261c58f975e05bce6f',	NULL,	'',	0,	'',	'',	'',	'',	0,	0,	0,	1,	0,	'',	'2016-04-13 11:40:09',	0,	2,	0,	NULL,	'2016-04-13 03:40:09'),
(881,	0,	0,	'oojFxsw91J8JvtWnZBPfPGNvJQ8E',	'北科 机电 曹康',	'',	'',	'',	NULL,	'http://wx.qlogo.cn/mmopen/Q3auHgzwzM7ncMyuurroOmkOtSl8H8cfDZU7Atf8klltPibPnZ3d6fKtibHULiagus7TabrsQljdsciaLVouZ7DmnfCB30hjiaTib7hv3ZDqz2XhI/0',	1,	'Haidian',	'Beijing',	'',	'zh_CN',	1,	0,	0,	1,	0,	'',	'',	0,	0,	0,	NULL,	'2016-04-13 03:42:06'),
(882,	0,	0,	'oojFxs-6eHtf4aeaZgrIK29p1TQw',	'刘鹏',	'',	'',	'',	NULL,	'http://wx.qlogo.cn/mmopen/KMt8YcxoTr6IN0c38poiaiaoMenk9lF7HmicxjjxqxAXnQeUO5ef5C7NNibMOQBB9ibToBTKKfZq4UHyOb54GWHwtgCfdQWgMEs2C/0',	1,	'Sanya',	'Hainan',	'',	'zh_CN',	1,	0,	0,	1,	0,	'',	'',	0,	0,	0,	NULL,	'2016-04-13 03:42:35'),
(883,	0,	0,	'oojFxs3pA7vo3W_wfKQ_dWWshnf0',	'赵博（赵世波）',	'',	'',	'',	NULL,	'http://wx.qlogo.cn/mmopen/W7Dffsoy8I0VBCmN2cIIrP1djeXrMXywyEdRazVfU7D8wh0uWmRkYibK1xX6RsoUwPNLHicz53wZDX3xLgrngIFxxUQqRgn39K/0',	1,	'Zhengzhou',	'Henan',	'',	'zh_CN',	1,	0,	0,	1,	0,	'',	'',	0,	0,	0,	NULL,	'2016-04-13 03:46:22'),
(884,	0,	0,	'oojFxs78-u1Ds9QBkGtbNYB3-ETk',	'李腾',	'',	'',	'',	NULL,	'http://wx.qlogo.cn/mmopen/RlGLCAicgu0iasMLVwSAGt7v5lVPZ3ync0EeQcy0K3vLtYvI0RtH22yjF0hQk8j995uZ3E5WUlh3AzEXckd7x3qUpeIPTI5OYy/0',	1,	'Zhengzhou',	'Henan',	'',	'zh_CN',	1,	0,	0,	1,	0,	'',	'',	0,	0,	0,	NULL,	'2016-04-13 03:46:53'),
(885,	0,	0,	'oojFxsyQJDE_4edq1fnTSUVlmHqQ',	'没有什么不同@吕小布',	'',	'',	'',	NULL,	'http://wx.qlogo.cn/mmopen/W7Dffsoy8I1e8ovJyicicrH1L4ibJNKehqpQOZxnyiazp1k1ic1JdxicIDDD9cUhia8BsXl4VLwTKT3eYeGOwfibdE0xQuYKWAopojoE/0',	1,	'South Bank',	'Chongqing',	'',	'zh_CN',	1,	0,	0,	1,	0,	'',	'',	0,	0,	0,	NULL,	'2016-04-13 03:47:01'),
(886,	0,	0,	'oojFxs103gbqopt23A_7ObCsyzYk',	'Bobby',	'',	'',	'',	NULL,	'http://wx.qlogo.cn/mmopen/KMt8YcxoTr6CaumbvxqTFcKykITibH4IHA8zIymDcCYKY7IKxX9OTop9G5ZtB7dB2QlZIaubKwT8uojoWEfnTag/0',	1,	'Chengdu',	'Sichuan',	'',	'zh_HK',	1,	0,	0,	1,	0,	'',	'',	0,	0,	0,	NULL,	'2016-04-13 03:52:32'),
(887,	0,	0,	'oojFxs13B5V67A57FZjBRp_MugYw',	'西西',	'',	'',	'',	NULL,	'http://wx.qlogo.cn/mmopen/RlGLCAicgu0gh9Pia3db1AbF9nYs25UNibTkNDAtnKAlNxRvcm7soRhBibxawicRIiaqLuFuKWHBnNOWg7A5CeIfFCPeOF7pdDVJwE/0',	1,	'Guangzhou',	'Guangdong',	'',	'zh_CN',	1,	0,	0,	1,	0,	'',	'',	0,	0,	0,	NULL,	'2016-04-13 04:06:07'),
(888,	0,	0,	'oojFxsyJ6LonWu6_LMb7rvddmPiM',	'乐乐',	'',	'',	'',	NULL,	'http://wx.qlogo.cn/mmopen/A7sq8BD8oeyKdFTFx885BLHEk9FC7UZ7YJKnX8MhicBOOSYPjibib5MNY6sr6dpp7ZR7gHbmDGoglGG8swDSnd0jA/0',	1,	'Bayingolin',	'Xinjiang',	'',	'zh_CN',	1,	0,	0,	1,	0,	'',	'',	0,	0,	0,	NULL,	'2016-04-13 04:16:42'),
(889,	0,	0,	'oojFxs5j-OhO3vbGJ7xZZcRMQsBc',	'PAGE Life',	'',	'',	'',	NULL,	'http://wx.qlogo.cn/mmopen/RlGLCAicgu0iax3AwZYJP4cfjOKb5tVF6WCZjibibSY2EnDnIgv29cV9bDGsZtXFKS4ckhHxpp3HNwGR8MU3lJ9raE2vnNLKgM3g/0',	1,	'Zhuhai',	'Guangdong',	'',	'zh_CN',	1,	0,	0,	1,	0,	'',	'',	0,	0,	0,	NULL,	'2016-04-13 04:24:21'),
(890,	0,	0,	'oojFxs7V5gGpfZS8esArzKwqXGmw',	'A赫赫',	'',	'',	'',	NULL,	'http://wx.qlogo.cn/mmopen/RlGLCAicgu0j9ZnUPmouRxMgxtBEB1icNd0oBpibsK6xgldZKXJUZp5mgv6icCQG8GewLLhsqM24MXpurnWIRicdfiaJpbMn8DLhw9/0',	1,	'Chaoyang',	'Beijing',	'',	'zh_CN',	1,	0,	0,	1,	0,	'',	'',	0,	0,	0,	NULL,	'2016-04-13 04:29:39'),
(891,	0,	0,	'oojFxs28WFznM-Sg9NifpGXQZQEY',	'大侠芥末',	'',	'',	'',	NULL,	'http://wx.qlogo.cn/mmopen/9V1lgkQNXLTvQI4dMjh5fqO1YM7Nt5ibYaU03Up4c7fcEoffqicF3IkBjZFRSv8muibia83Sc32adMcJvzLNQl3Es2M84icoNEKH1/0',	1,	'',	'',	'',	'zh_CN',	1,	0,	0,	1,	0,	'',	'',	0,	0,	0,	NULL,	'2016-04-13 04:30:56'),
(892,	0,	0,	'oojFxs-5i8B2NRQbA1uElGiNOJwM',	'手写的从前',	'',	'',	'',	NULL,	'http://wx.qlogo.cn/mmopen/KMt8YcxoTr6CcNvcibbgKib4XXOwKf2Bmq0mVwK5D6xkQ70WibTLDMAGkWn92kr86GhYvCmzeMgDibic8zhxB8diaenkYweyyLUa7k/0',	1,	'Chengdu',	'Sichuan',	'',	'zh_CN',	1,	0,	0,	1,	0,	'',	'',	0,	0,	0,	NULL,	'2016-04-13 04:50:33'),
(893,	0,	0,	'oojFxs4TVEzf61eioiywFkkSIoHs',	'学原',	'',	'',	'',	NULL,	'http://wx.qlogo.cn/mmopen/KMt8YcxoTr60oVFjPickHzgLv1lCl8JpdwthJQwzGqkgZUXR4U1icIjt7SlIshlFiaAYAZOjRzpz1xSoCpIIWt1og/0',	1,	'Erdos',	'Inner Mongolia',	'',	'zh_CN',	1,	0,	0,	1,	0,	'',	'',	0,	0,	0,	NULL,	'2016-04-13 04:52:46'),
(894,	0,	0,	'oojFxs-_VkvZTQhCY4qTsjeR6DEY',	'༺  冰山雪人 ',	'',	'',	'',	NULL,	'http://wx.qlogo.cn/mmopen/PiajxSqBRaEIJxDicAibhYkQIyg5Rb4vfbGELl5Onpia5bXCrWoA2c73IOTxCO5bUOfLcduIE6ylVibPIXJuCf0Jqwg/0',	1,	'',	'',	'',	'zh_CN',	1,	0,	0,	1,	0,	'',	'',	0,	0,	0,	NULL,	'2016-04-13 04:55:46'),
(895,	0,	0,	'oojFxs9QUltFGgQsmDoWGMc2f6MU',	'现丰',	'',	'',	'',	NULL,	'http://wx.qlogo.cn/mmopen/RlGLCAicgu0iasMLVwSAGt7tWvx1mwFI7D1uCJMWUCfmcNKIs0f96lrgenLafwZAQYibRJghmAnia8RiamPHuxwGkX7HZgCDaYpMz/0',	1,	'Xingtai',	'Hebei',	'',	'zh_CN',	1,	0,	0,	1,	0,	'',	'',	0,	0,	0,	NULL,	'2016-04-13 04:57:40'),
(896,	0,	0,	'oojFxs4nZyLWt4WltpWc9UXg7hj4',	'雨沐风清',	'',	'',	'',	NULL,	'http://wx.qlogo.cn/mmopen/KMt8YcxoTr6IN0c38poiaiakgFDp4dFks7SKVObuuuMrsf9hltnOXCibvTt8HtSMexSyg73ZRRuiagicznicKr83aXvcwaYtdiaDiaQ4/0',	1,	'Guangzhou',	'Guangdong',	'',	'zh_CN',	1,	0,	0,	1,	0,	'',	'',	0,	0,	0,	NULL,	'2016-04-13 04:58:48'),
(897,	0,	0,	'oojFxszeq3eswnueGMjldzfklPHY',	'嗷大喵',	'',	'',	'',	NULL,	'http://wx.qlogo.cn/mmopen/KMt8YcxoTr6QOoxSNK5q49lBzibPFO4zIdHrD6CibXPtWAnGXPNbgiaicAzib629pVoYTd5QhSBN2KbicJqBD916V1icg/0',	1,	'Chengdu',	'Sichuan',	'',	'zh_CN',	1,	0,	0,	1,	0,	'',	'',	0,	0,	0,	NULL,	'2016-04-13 05:00:12'),
(898,	0,	0,	'oojFxsw0eFzTTwg52lmFd7lCrLO4',	'李军',	'',	'',	'',	NULL,	'http://wx.qlogo.cn/mmopen/RlGLCAicgu0iasMLVwSAGt7lVtzvnWJnqlPiaNOso9EJ9ia5JUOm9eR5S8ibwt36cxNgEzCy3Dia3v8lsn1r3g3KV9icqYLzj98ygA8/0',	1,	'Zhengzhou',	'Henan',	'',	'zh_CN',	1,	0,	0,	1,	0,	'',	'',	0,	0,	0,	NULL,	'2016-04-13 05:10:13'),
(899,	0,	0,	'oojFxsyDes9ptfo8UC8qC7rxo2ho',	'A00000-王佃栋',	'',	'',	'',	NULL,	'http://wx.qlogo.cn/mmopen/Q3auHgzwzM6yTlyQp8LnraOrQtYpeuZnz1vAnS0LlQY5aO2AgIqpWc9WGO4mJiceGo40HzNBdavq1APbdCGZ3GA/0',	1,	'Suzhou',	'Jiangsu',	'',	'zh_CN',	1,	0,	0,	1,	0,	'',	'',	0,	0,	0,	NULL,	'2016-04-13 05:18:20'),
(900,	0,	0,	'oojFxs-ugQpSBLZMg07F-fHGaXLA',	'练习',	'',	'',	'',	NULL,	'http://wx.qlogo.cn/mmopen/Q3auHgzwzM6yKWNxxReicYRvmXhzg5v5p3RJeD3DDFxT1uESAYGkmE0zssL8QKKNHibEk0h5R7KJWzlwabtB74nA/0',	1,	'',	'',	'',	'zh_CN',	1,	0,	0,	1,	0,	'',	'',	0,	0,	0,	NULL,	'2016-04-13 05:41:02'),
(901,	0,	0,	'',	'tangjun',	'',	'360001844@qq.com',	'2ea0f20cfaa07b7196a8653aafd00dec',	NULL,	'',	0,	'',	'',	'',	'',	0,	0,	0,	1,	0,	'',	'2016-04-13 13:43:16',	0,	2,	0,	NULL,	'2016-04-13 05:43:16'),
(902,	0,	0,	'oojFxs20yvhUFA8Rdd0HHm_NeZ3I',	'Mr.于✔️Void。',	'',	'',	'',	NULL,	'http://wx.qlogo.cn/mmopen/W7Dffsoy8I2n39NyQLNawkCtxrQ6N0WyHDXWlyiaS5zE0ZvJ2LWLYj1wqL0DxK75icCZDZvpFWQwI4jDS0hiafMsIGIbUXriaEiaI/0',	1,	'Dali',	'Yunnan',	'',	'zh_CN',	1,	0,	0,	1,	0,	'',	'',	0,	0,	0,	NULL,	'2016-04-13 06:43:19'),
(903,	0,	0,	'oojFxs_WC0gOhH3FvSfZlUEft_lo',	'liuan',	'',	'',	'',	NULL,	'http://wx.qlogo.cn/mmopen/ajNVdqHZLLD4th3LpbrdHeDn56gc6G8XE5Obiaic1CC0dk7KDAdIgLxWIibR9tXQjR7BClmQZAreiaPX9mXdCf9MvA/0',	1,	'Yangzhou',	'Jiangsu',	'',	'zh_CN',	1,	0,	0,	1,	0,	'',	'',	0,	0,	0,	NULL,	'2016-04-13 07:24:18'),
(904,	0,	0,	'oojFxs_Z_BjsnLrUlvIJTMu-ZOFw',	'‮者猫夜',	'',	'',	'',	NULL,	'http://wx.qlogo.cn/mmopen/Q3auHgzwzM4toBFQKMxGIuKDdhz48fGvLIbzDTVIVcQ9IeymjhWGkQ31BAAoiaJXKcbjPVbJnlq0CEp3KZxAmMg/0',	1,	'Shantou',	'Guangdong',	'',	'zh_CN',	1,	0,	0,	1,	0,	'',	'',	0,	0,	0,	NULL,	'2016-04-13 07:52:25'),
(905,	0,	0,	'oojFxs46SCGzYdNOEVs1De7mWQ_M',	'不着急你慢慢输入…',	'',	'',	'',	NULL,	'http://wx.qlogo.cn/mmopen/W7Dffsoy8I1eeAlmqKkeriaOlpotQZqibAaIMsicWbLibro2NZrpu6eic1IIibxicY89KibLNTIsoGpZM0G6FPAe9v0NAg/0',	1,	'Qingdao',	'Shandong',	'',	'zh_CN',	1,	0,	0,	1,	0,	'',	'',	0,	0,	0,	NULL,	'2016-04-13 08:33:12'),
(906,	0,	0,	'oojFxs3l5kNEZLgQI1cpcccCeHo4',	'邱鹏',	'',	'',	'',	NULL,	'http://wx.qlogo.cn/mmopen/ajNVdqHZLLATKyQU2SaP1NFl1Ihfzyl0HxwicN3PBRZsTgvawXjWa1whJMj2QErrd803aN3UWLffpXFbVvkaS5A/0',	1,	'Panjin',	'Liaoning',	'',	'zh_CN',	1,	0,	0,	1,	0,	'',	'',	0,	0,	0,	NULL,	'2016-04-13 08:36:22'),
(907,	0,	0,	'oojFxs4w2pMlLHamcSobcxUnLHlw',	'黄磊',	'',	'',	'',	NULL,	'http://wx.qlogo.cn/mmopen/W7Dffsoy8I1e8ovJyicicrHyqY8buiclqXmORoJQSOr8RKHoeMHS83pnic2Geg9GA9EbkBVUmpAKKrMR8yj91ucWls0bN81ibVVpc/0',	1,	'Fengtai',	'Beijing',	'',	'zh_CN',	1,	0,	0,	1,	0,	'',	'',	0,	0,	0,	NULL,	'2016-04-13 09:33:41'),
(908,	0,	0,	'oojFxs76p8C-b8dZoRRPyS8aR5N4',	'老天是大坑',	'',	'',	'',	NULL,	'http://wx.qlogo.cn/mmopen/RlGLCAicgu0goC0PyNEXwjRgMibp2hSblDofo8KaFIo3qCgdnAy7a8TcvjKbKKP6Hy08XC149ZLlhMlGyic0el2DfTOaDVbBRxU/0',	1,	'Zhangjiajie',	'Hunan',	'',	'zh_CN',	1,	0,	0,	1,	0,	'',	'',	0,	0,	0,	NULL,	'2016-04-13 09:36:09'),
(909,	0,	0,	'oojFxs7UEVgSchnVarxAyHEpN81A',	'CL。',	'',	'',	'',	NULL,	'http://wx.qlogo.cn/mmopen/KMt8YcxoTr5IHxpRxQuPKYde3ibrgrcoTfjYlxegls1TiaeaFBBB1Gw1G28QactDPhCMTqv9g72lHltiaM4onngMg/0',	1,	'Zhangzhou',	'Fujian',	'',	'zh_CN',	1,	0,	0,	1,	0,	'',	'',	0,	0,	0,	NULL,	'2016-04-13 09:36:48'),
(910,	0,	0,	'oojFxs6nbdLhEKDBSOpfXGoy0nhM',	'燚林',	'',	'',	'',	NULL,	'http://wx.qlogo.cn/mmopen/RlGLCAicgu0iasMLVwSAGt7jvP5GqPxAVWziaUYYZhpTibwpfZia7KxT8rlJlOxCn8y2Micz4J2IuypYicMPic8loh55Lgy6UbevPgjF/0',	1,	'Huludao',	'Liaoning',	'',	'zh_CN',	1,	0,	0,	1,	0,	'',	'',	0,	0,	0,	NULL,	'2016-04-13 09:57:01'),
(911,	0,	0,	'oojFxs5NqB1wvx9-p-fmYXdSc120',	'爱普生许杰',	'',	'',	'',	NULL,	'http://wx.qlogo.cn/mmopen/KMt8YcxoTr6IN0c38poiaiaqDMfBXNbvPHciaVBptw058OA9ossa92LxLx1WicJmq6uoFtPwuz58PGyIwsWA3KdVGCddP2owV9LW/0',	1,	'Nanjing',	'Jiangsu',	'',	'zh_CN',	1,	0,	0,	1,	0,	'',	'',	0,	0,	0,	NULL,	'2016-04-13 10:17:50'),
(912,	0,	0,	'oojFxs062ovOk1PoVbz4hEN0hZDM',	'林西老九',	'',	'',	'',	NULL,	'http://wx.qlogo.cn/mmopen/ajNVdqHZLLDkwHFu0TcbicWVnHo4MUTZUm4oRYXfm7IVOPWnUS1QEQSMpPc6FJEEX4c7wrKQNyloEbIsjRXAXibw/0',	1,	'Chifeng',	'Inner Mongolia',	'',	'zh_CN',	1,	0,	0,	1,	0,	'',	'',	0,	0,	0,	NULL,	'2016-04-13 12:00:05'),
(913,	0,	0,	'oojFxs0rKnEHijm-JEHDaAqYgs-s',	'醉·记忆',	'',	'',	'',	NULL,	'http://wx.qlogo.cn/mmopen/KMt8YcxoTr6IN0c38poiaiahbpbkFLfWQjmrp7s86sVh5xRjJlUZqoxqUyaCUic1LmDhTM85C2I4NVPuOVL1Ags2HpID2kQgXG1/0',	1,	'Kunming',	'Yunnan',	'',	'zh_CN',	1,	0,	0,	1,	0,	'',	'',	0,	0,	0,	NULL,	'2016-04-13 12:36:45'),
(914,	0,	0,	'oojFxs9mysL0b8Ht_kGwMzXQ5fqA',	'简单',	'',	'',	'',	NULL,	'http://wx.qlogo.cn/mmopen/h2dPYomHjLfvO4hVzOcCUbGI2PSXT0GkTic6PGEuFfjbd681elPWmNRTW0mFIlqufkob56HJju0TCYrbvibV9wlLg1ibHGTp4pR/0',	1,	'Guangzhou',	'Guangdong',	'',	'zh_CN',	1,	0,	0,	1,	0,	'',	'',	0,	0,	0,	NULL,	'2016-04-13 12:47:14'),
(915,	0,	0,	'',	'wemall',	'',	'1587725225@qq.com',	'f1887d3f9e6ee7a32fe5e76f4ab80d63',	NULL,	'',	0,	'',	'',	'',	'',	0,	0,	0,	1,	0,	'',	'2016-04-13 21:19:37',	0,	2,	0,	NULL,	'2016-04-13 13:19:37'),
(916,	0,	0,	'oojFxs6CKi0sdyper2wz4aM4Gk90',	'冯春龙',	'',	'',	'',	NULL,	'http://wx.qlogo.cn/mmopen/A7sq8BD8oew43MlxthPiaqkc7iaLf0FWHibrdMKA3ATUoGia0Hl5mkKSIIJ7ER4tkxJUMXiawpWiazPunXMow43ScpdxnOrO91Oriaq/0',	1,	'Haidian',	'Beijing',	'',	'zh_CN',	1,	0,	0,	1,	0,	'',	'',	0,	0,	0,	NULL,	'2016-04-13 14:17:42'),
(917,	0,	0,	'oojFxszJxOrG-w3JaOUw7-TeMNgI',	'joly2016',	'',	'',	'',	NULL,	'http://wx.qlogo.cn/mmopen/9V1lgkQNXLTvQI4dMjh5fo9WYwkfcib7BQnIjW1e0vRHGCvWmXHjeCpQoibmodp2CGvglfzFc16XrvzDkt2UKcJTkbI1chIojia/0',	2,	'Nanchang',	'Jiangxi',	'',	'zh_CN',	1,	0,	0,	1,	0,	'',	'',	0,	0,	0,	NULL,	'2016-04-13 14:34:43'),
(918,	0,	0,	'oojFxs4t4hfER51RIlZeYGcRfM3w',	'迎着风向前',	'',	'',	'',	NULL,	'http://wx.qlogo.cn/mmopen/W7Dffsoy8I1e8ovJyicicrH8hgtRJgibu9rIpLY6icubR11vpnbsuXFoIKjxQgJcWdbXVqcFl1LuwUQC1onvm8SKlp95gIkDVoNy/0',	1,	'',	'Dubayy',	'',	'zh_CN',	1,	0,	0,	1,	0,	'',	'',	0,	0,	0,	NULL,	'2016-04-13 14:46:49'),
(919,	0,	0,	'oojFxsziy4b3N04BaquWWM-Ft_Rk',	'气有浩然',	'',	'',	'',	NULL,	'http://wx.qlogo.cn/mmopen/Q3auHgzwzM6tFmc6U65YXicwYgzkdhtxq7ibOwReXdLkmyeWtJL7glMUCC0GAIfuTRKRLicjJqd7XVLsw2xV5jl5g/0',	1,	'Jinan',	'Shandong',	'',	'zh_CN',	1,	0,	0,	1,	0,	'',	'',	0,	0,	0,	NULL,	'2016-04-13 14:59:30'),
(920,	0,	0,	'oojFxs3orMW_gLWPkybO0zf8lJ8s',	'捷众网络-冯晓',	'',	'',	'',	NULL,	'http://wx.qlogo.cn/mmopen/A7sq8BD8oezmB4uoVtzCX9jKM31icpCnWc6bicyichMWKYqPuX9qUDQljRKDIzzBsbQL40Jic5UHDKx5aPfpzH3uQA/0',	1,	'Jiaxing',	'Zhejiang',	'',	'zh_CN',	1,	0,	0,	1,	0,	'',	'',	0,	0,	0,	NULL,	'2016-04-13 16:28:17'),
(921,	0,	0,	'oojFxsxOeqBgH3kHERbQ3yT39Q5o',	'Free\'sBo',	'',	'',	'',	NULL,	'http://wx.qlogo.cn/mmopen/RlGLCAicgu0iax3AwZYJP4cQ2JrwVgkQ1QrRicVLibSIgHWcDlxwuBNMJZhH6U07fCskvtaf29wszv2iaVOY5B1UCIsNGVu8ISvlr/0',	1,	'Guangzhou',	'Guangdong',	'',	'zh_CN',	1,	0,	0,	1,	0,	'',	'',	0,	0,	0,	NULL,	'2016-04-13 17:26:38'),
(922,	0,	0,	'oojFxs9eeVv507fexvbHgodbkyNU',	'Angel~暖暖',	'',	'',	'',	NULL,	'http://wx.qlogo.cn/mmopen/KMt8YcxoTr6IN0c38poiaiavKOrlEvviblp8gh7mmVCu2RZ4W2HAYdViawgYOrPTHvGWGicIv2fW7dzJlV48Cy5RicEKRUD6FDDEQv/0',	2,	'',	'',	'',	'zh_CN',	1,	0,	0,	1,	0,	'',	'',	0,	0,	0,	NULL,	'2016-04-13 22:50:59'),
(923,	0,	0,	'oojFxswztrTaOODYTKXk-7f0DMM0',	'E一天',	'',	'',	'',	NULL,	'http://wx.qlogo.cn/mmopen/W7Dffsoy8I1e8ovJyicicrHzyj4EAGXf6SY1oIIjjZrzSLbiaKAwZdZFJY98ncDtwushVa0fqwD2f4TKH6pb9oQaFFlvtcFQHJ7/0',	2,	'Po',	'Shanghai',	'',	'zh_CN',	1,	0,	0,	1,	0,	'',	'',	0,	0,	0,	NULL,	'2016-04-13 23:20:34'),
(924,	0,	0,	'oojFxs5rhN22YZouy4nYHMEWlM0c',	'晚秋',	'',	'',	'',	NULL,	'http://wx.qlogo.cn/mmopen/vYVm6r9bl8jWC1CtKV3ZnicCSCDbQRcnmjcYUH0bxkvpN37BZ7OsKS5OtZJRcODTNPRuVYsnrOXb79R1iayDU5GZpge1dosyuJ/0',	1,	'Jinan',	'Shandong',	'',	'zh_CN',	1,	0,	0,	1,	0,	'',	'',	0,	0,	0,	NULL,	'2016-04-14 00:42:49'),
(925,	0,	0,	'oojFxs7TlAL0VplPoQtAQEdZvRvs',	'张旭',	'',	'',	'',	NULL,	'http://wx.qlogo.cn/mmopen/PiajxSqBRaEL5JSjcufvOVLBRc5De5UicEa7NM4OW9UkVv0ibIH7HtnTvRPr4pTx0M6zc8CibyCpmdVWu90WEPicwnw/0',	1,	'',	'',	'',	'zh_CN',	1,	0,	0,	1,	0,	'',	'',	0,	0,	0,	NULL,	'2016-04-14 02:46:54'),
(926,	0,	0,	'oojFxs3VDlknCT2zsJZchNUtgoVI',	'蔡海涛',	'',	'',	'',	NULL,	'http://wx.qlogo.cn/mmopen/Q3auHgzwzM6RbOF24QniblSSE8ibIdWRiaIhvjQePoRDxs7FVb0JjtcYbOD4V0iaMI3QZguHDuRdzwZibpNVVMuyxVKntd3MZUQOSA6Fjb5YbQII/0',	1,	'Dongguan',	'Guangdong',	'',	'zh_CN',	1,	0,	0,	1,	0,	'',	'',	0,	0,	0,	NULL,	'2016-04-14 03:42:50'),
(927,	0,	0,	'',	'jj108',	'',	'5656237@qq.com',	'8c5a35890b42424252fd599a843dc33c',	NULL,	'',	0,	'',	'',	'',	'',	0,	0,	0,	1,	0,	'',	'2016-04-14 17:19:05',	0,	2,	0,	NULL,	'2016-04-14 09:19:05'),
(928,	0,	0,	'',	'taeol',	'',	'ozxl@163.com',	'c8f8e449b6ef7e31e6442332ec79ce38',	NULL,	'',	0,	'',	'',	'',	'',	0,	0,	0,	1,	0,	'',	'2016-04-14 17:41:17',	0,	2,	0,	NULL,	'2016-04-14 09:41:17'),
(929,	0,	0,	'',	'xqsapper',	'',	'xqsapper@gmail.com',	'733d7be2196ff70efaf6913fc8bdcabf',	NULL,	'',	0,	'',	'',	'',	'',	0,	0,	0,	1,	0,	'',	'2016-04-14 19:04:22',	0,	2,	0,	NULL,	'2016-04-14 11:04:22'),
(930,	0,	0,	'',	'cuiqq',	'',	'345440815@qq.com',	'2747db645626c29c354e4e68dd3ff201',	NULL,	'',	0,	'',	'',	'',	'',	0,	0,	0,	1,	0,	'',	'2016-04-14 22:00:42',	0,	2,	0,	NULL,	'2016-04-14 14:00:42'),
(931,	0,	0,	'oojFxszaRZhtgAzlp2F-3qKRdJ58',	'gogo',	'',	'',	'',	NULL,	'http://wx.qlogo.cn/mmopen/A7sq8BD8oewLErXCMV5O9l0fJhLHY0fDH3qJLX2XsO8gc9YAqa2tpWc0yuZuBbiawvOZgE0qSMHgOPtqxffuzNvCdM3Pwf5icr/0',	1,	'',	'',	'',	'zh_CN',	1,	0,	0,	1,	0,	'',	'',	0,	0,	0,	NULL,	'2016-04-14 14:26:31'),
(932,	0,	0,	'oojFxs-aqG7hJ3uKQK2NFCpOhEt4',	'建伟',	'',	'',	'',	NULL,	'http://wx.qlogo.cn/mmopen/A7sq8BD8oew43MlxthPiaqtb2IfKmzN5JE28Dc3BdKpupzuvSib1g09bsnxE3JMmiaJwgXypuFO7MKMiayw32ymtnm0NfZDib8Piaib/0',	1,	'Ningbo',	'Zhejiang',	'',	'zh_CN',	1,	0,	0,	1,	0,	'',	'',	0,	0,	0,	NULL,	'2016-04-14 15:49:33'),
(933,	0,	0,	'oojFxs2VpcK-XjYFVQ6WCfEW99_k',	'张少朋',	'',	'',	'',	NULL,	'http://wx.qlogo.cn/mmopen/W7Dffsoy8I1e8ovJyicicrH7DdLiahrpmZldsZfxOPFWWR343Idkru5aHNicFRCic2P54TyRrxAce0hxrzCAjWV5LNx7lHDV9h6ibs/0',	1,	'Zhengzhou',	'Henan',	'',	'zh_CN',	1,	0,	0,	1,	0,	'',	'',	0,	0,	0,	NULL,	'2016-04-14 16:21:57'),
(934,	0,	0,	'oojFxs2chhmmnJTMsQmmDK3fpx8k',	'更改名字',	'',	'',	'',	NULL,	'http://wx.qlogo.cn/mmopen/FmythEoBibpKgw6oKpXkvWo4AWRkoXy8qjPPb9sBxst23tBNSh37YcdV5FSWRPg03VaOEXPgZ7Y85dkKLWBWhicZyJlJE6QjEa/0',	1,	'Mianyang',	'Sichuan',	'',	'zh_CN',	1,	0,	0,	1,	0,	'',	'',	0,	0,	0,	NULL,	'2016-04-14 16:44:27'),
(935,	0,	0,	'',	'armu',	'',	'dppppd@qq.com',	'e10adc3949ba59abbe56e057f20f883e',	NULL,	'',	0,	'',	'',	'',	'',	0,	0,	0,	1,	0,	'',	'2016-04-15 04:01:05',	0,	2,	0,	NULL,	'2016-04-14 20:01:04'),
(936,	0,	0,	'',	'flarefox',	'',	'flarefox@163.com',	'd8f8eaa1ac20fce90d36f5d5288c3227',	NULL,	'',	0,	'',	'',	'',	'',	0,	0,	0,	1,	0,	'',	'2016-04-15 08:43:47',	0,	2,	0,	NULL,	'2016-04-15 00:43:47'),
(937,	0,	0,	'',	'13838309026',	'',	'1406281912@qq.com',	'0fae717b3ed17ec1a41774a7f37ced9c',	NULL,	'',	0,	'',	'',	'',	'',	0,	0,	0,	1,	0,	'',	'2016-04-15 09:49:45',	0,	2,	0,	NULL,	'2016-04-15 01:49:45'),
(938,	0,	0,	'',	'dpzxcnq',	'',	'dpzxcnq@163.com',	'733d7be2196ff70efaf6913fc8bdcabf',	NULL,	'',	0,	'',	'',	'',	'',	0,	0,	0,	1,	0,	'',	'2016-04-15 10:13:12',	0,	2,	0,	NULL,	'2016-04-15 02:13:12'),
(939,	0,	0,	'oojFxs54LBDiOqNqpmoQQL3X_HI4',	'slient',	'',	'',	'',	NULL,	'http://wx.qlogo.cn/mmopen/RlGLCAicgu0iasMLVwSAGt7g6q2qzqsx8btrRKqkENyD2Zsic0QBguIpwo5tf9ziaxQo3NoWMib3Uv3L97qhHnhgbY16ccQvpO0Ff/0',	1,	'Linyi',	'Shandong',	'',	'zh_CN',	1,	0,	0,	1,	0,	'',	'',	0,	0,	0,	NULL,	'2016-04-15 03:13:15'),
(940,	0,	0,	'',	'qing606',	'',	'qing606@qq.com',	'148ca7b51adc831a47587ff2043c3a88',	NULL,	'',	0,	'',	'',	'',	'',	0,	0,	0,	1,	0,	'',	'2016-04-15 16:19:15',	0,	2,	0,	NULL,	'2016-04-15 08:19:15'),
(941,	0,	0,	'oojFxs0SJrval3AfHLTANn9u6d-g',	'Qing',	'',	'',	'',	NULL,	'http://wx.qlogo.cn/mmopen/W7Dffsoy8I0UMwQfMDibyFQY8icu5PhIaPyUYsnGtXfS9sXSveEdhia9VDOz3019QMe0fibVpPDZx8UnfqHn3exNwdYmuSreatPA/0',	1,	'Chengdu',	'Sichuan',	'',	'zh_CN',	1,	0,	0,	1,	0,	'',	'',	0,	0,	0,	NULL,	'2016-04-15 08:32:14'),
(942,	0,	0,	'',	'xjtcgt',	'',	'xjtcgt@163.com',	'9aaebe8256bf95c974c7a1799f3f145d',	NULL,	'',	0,	'',	'',	'',	'',	0,	0,	0,	1,	0,	'',	'2016-04-15 16:56:37',	0,	2,	0,	NULL,	'2016-04-15 08:56:37'),
(943,	0,	0,	'',	'wen0732',	'',	'441975273@qq.com',	'79c74d66d6fac761bb028162e5208949',	NULL,	'',	0,	'',	'',	'',	'',	0,	0,	0,	1,	0,	'',	'2016-04-15 20:50:29',	0,	2,	0,	NULL,	'2016-04-15 12:50:29'),
(944,	0,	0,	'',	'baisim',	'',	'156901984@qq.com',	'e10adc3949ba59abbe56e057f20f883e',	NULL,	'',	0,	'',	'',	'',	'',	0,	0,	0,	1,	0,	'',	'2016-04-15 22:37:41',	0,	2,	0,	NULL,	'2016-04-15 14:37:41'),
(945,	0,	0,	'',	'79410400',	'',	'58942001@qq.com',	'ee8f1817f9532be6b81bacf3b2ec490b',	NULL,	'',	0,	'',	'',	'',	'',	0,	0,	0,	1,	0,	'',	'2016-04-15 23:06:01',	0,	2,	0,	NULL,	'2016-04-15 15:06:01'),
(946,	0,	0,	'',	'woaiwojia',	'',	'chinabzs@163.com',	'5e6c9d94c6ba821b608eb14227b6accb',	NULL,	'',	0,	'',	'',	'',	'',	0,	0,	0,	1,	0,	'',	'2016-04-15 23:26:04',	0,	2,	0,	NULL,	'2016-04-15 15:26:04'),
(947,	0,	0,	'',	'fine996',	'',	'dc841104@163.com',	'fc250922b81a1ca6ec712a112570dfeb',	NULL,	'',	0,	'',	'',	'',	'',	0,	0,	0,	1,	0,	'',	'2016-04-16 01:33:17',	0,	2,	0,	NULL,	'2016-04-15 17:33:17'),
(948,	0,	0,	'',	'mouldinfo',	'',	'510301@qq.com',	'1c50c05dbed386933cdf9bf4a831daa3',	NULL,	'',	0,	'',	'',	'',	'',	0,	0,	0,	1,	0,	'',	'2016-04-16 09:11:18',	0,	2,	0,	NULL,	'2016-04-16 01:11:18'),
(949,	0,	0,	'',	'371132562',	'',	'371132562@qq.com',	'ba954023e9ee590ab082b65b81b6b93d',	NULL,	'',	0,	'',	'',	'',	'',	0,	0,	0,	1,	0,	'',	'2016-04-16 10:24:49',	0,	2,	0,	NULL,	'2016-04-16 02:24:49'),
(950,	0,	0,	'',	'long1991919',	'',	'747024605@qq.com',	'ac4a2ce340d29965d634385ec5cabb2b',	NULL,	'',	0,	'',	'',	'',	'',	0,	0,	0,	1,	0,	'',	'2016-04-16 14:17:47',	0,	2,	0,	NULL,	'2016-04-16 06:17:46'),
(951,	0,	0,	'oojFxsz6Z5_ddkfM1B6vvAedrd5c',	'石头',	'',	'',	'',	NULL,	'http://wx.qlogo.cn/mmopen/W7Dffsoy8I1e8ovJyicicrH09OLDOAYMmbEYgMGufDdyVCVXAhT2KLsI4uL96Pria7iaSVcTaTRxR3NBpxmh1DTA7S3qZeLBxI6z/0',	1,	'Zhengzhou',	'Henan',	'',	'zh_CN',	1,	0,	0,	1,	0,	'',	'',	0,	0,	0,	NULL,	'2016-04-16 13:20:54'),
(952,	0,	0,	'',	'hkmoonsun',	'',	'badamaho@163.com',	'2c1d4d81d31b72725a1516a12a1d1f00',	NULL,	'',	0,	'',	'',	'',	'',	0,	0,	0,	1,	0,	'',	'2016-04-17 00:17:35',	0,	2,	0,	NULL,	'2016-04-16 16:17:35'),
(953,	0,	0,	'',	'ilkan',	'',	'ilkan@qq.com',	'6c6dcbffaccc0dd15db957037c2ebe39',	NULL,	'',	0,	'',	'',	'',	'',	0,	0,	0,	1,	0,	'',	'2016-04-17 01:21:22',	0,	2,	0,	NULL,	'2016-04-16 17:21:22'),
(954,	0,	0,	'oojFxs0g5okjcyCddSlOH3WvT7eI',	'筱戈',	'',	'',	'',	NULL,	'http://wx.qlogo.cn/mmopen/W7Dffsoy8I1e8ovJyicicrHibztdfdouXp2icFVhlicfV33wIxPcM7jIxwmkBA9MPOpE22BthDnCaQNmXRJPpFrdPsNXoPQ7zG3Xib/0',	1,	'Ganzhou',	'Jiangxi',	'',	'zh_CN',	1,	0,	0,	1,	0,	'',	'',	0,	0,	0,	NULL,	'2016-04-16 18:49:11'),
(955,	0,	0,	'oojFxs_5E6EVpE0Ie0htNMSiyPoI',	' 贵港◎晨风',	'',	'',	'',	NULL,	'http://wx.qlogo.cn/mmopen/W7Dffsoy8I1wlme8udibEVq2uf5VXs7la0cnfxWlu9srsbNYt2kGtNuJg8ib9PBUCl87tj0GzPQRsu9DvJnpULEA/0',	1,	'Guigang',	'Guangxi',	'',	'zh_CN',	1,	0,	0,	1,	0,	'',	'',	0,	0,	0,	NULL,	'2016-04-17 02:19:42'),
(956,	0,	0,	'',	'250165296@qq.com',	'',	'250165296@qq.com',	'48a22e513bebc8ce64f55928c6619585',	NULL,	'',	0,	'',	'',	'',	'',	0,	0,	0,	1,	0,	'',	'2016-04-17 10:37:48',	0,	2,	0,	NULL,	'2016-04-17 02:37:48'),
(957,	0,	0,	'oojFxs9EC0JHamLu7YRrQe8hWfiQ',	'钱超',	'',	'',	'',	NULL,	'http://wx.qlogo.cn/mmopen/ajNVdqHZLLDO0LoHgV2HGIqMqX7wjSyyhMD3yuJtFs2zODLMcujx3hq1s9wTvLicaZ7NLkN6uDu4fSGxKqKo2KQ/0',	1,	'',	'Chiang Mai',	'',	'zh_CN',	1,	0,	0,	1,	0,	'',	'',	0,	0,	0,	NULL,	'2016-04-17 08:32:24'),
(958,	0,	0,	'oojFxs9iaFsEw_jNaZzwjJ6k5TVc',	'小九',	'',	'',	'',	NULL,	'http://wx.qlogo.cn/mmopen/KMt8YcxoTr5fsDibQc7qiaTrtTXBTGEBvA3dslMv32UcyKicicn3UuyosmCIJ5uCCp89HP5zoQZQicKWgM8qYzFsoKCJ7HYqnb42U/0',	1,	'Chaoyang',	'Beijing',	'',	'zh_CN',	1,	0,	0,	1,	0,	'',	'',	0,	0,	0,	NULL,	'2016-04-18 02:47:09'),
(959,	0,	0,	'oojFxs_iBB5TYRjXhTo7yQrcSURI',	'好名字可以讓你的朋友更容易記住你',	'',	'',	'',	NULL,	'http://wx.qlogo.cn/mmopen/KMt8YcxoTr6VzW6NDJr7cJDcmGXvDkATdH1VjAXyBdAkaa42vCp16U4OgAgyLqXWnN12fKsoWTq43n7ibcZnfCLjXFLChACicY/0',	1,	'Kunming',	'Yunnan',	'',	'zh_CN',	1,	0,	0,	1,	0,	'',	'',	0,	0,	0,	NULL,	'2016-04-18 03:20:24'),
(960,	0,	0,	'',	'yourmilk',	'',	'yourmilk@sina.com',	'96e79218965eb72c92a549dd5a330112',	NULL,	'',	0,	'',	'',	'',	'',	0,	0,	0,	1,	0,	'',	'2016-04-18 11:41:31',	0,	2,	0,	NULL,	'2016-04-18 03:41:31'),
(961,	0,	0,	'',	'独善其身',	'',	'897359199@qq.com',	'5013c0894fbbaa0feced2208fbcfc4dc',	NULL,	'',	0,	'',	'',	'',	'',	0,	0,	0,	1,	0,	'',	'2016-04-18 13:38:48',	0,	2,	0,	NULL,	'2016-04-18 05:38:48'),
(962,	0,	0,	'oojFxs-D_TZ6345V3ZAeVq4mZ1cI',	'朱志强',	'',	'',	'',	NULL,	'http://wx.qlogo.cn/mmopen/Q3auHgzwzM4kaPia0de8wP085uZj1eYphorZVciaV47cMaHh8eLjb3WxTlIUQFQGLI1zmcdyMjOiaTicaUjKkgCnkQ/0',	1,	'Urumqi',	'Xinjiang',	'',	'zh_CN',	1,	0,	0,	1,	0,	'',	'',	0,	0,	0,	NULL,	'2016-04-18 06:37:31'),
(963,	0,	0,	'',	'25187891',	'',	'25187891@qq.com',	'df10ef8509dc176d733d59549e7dbfaf',	NULL,	'',	0,	'',	'',	'',	'',	0,	0,	0,	1,	0,	'',	'2016-04-19 00:04:59',	0,	2,	0,	NULL,	'2016-04-18 16:04:59'),
(964,	0,	0,	'oojFxs1CQD_2G98Os0bI5qNAIhcw',	'清月曦',	'',	'',	'',	NULL,	'http://wx.qlogo.cn/mmopen/RlGLCAicgu0iasMLVwSAGt7njA3iad95PcGf3e3yO1uxosx8NuYaljB8iaFUwpibGjGicv4EVPs4CicK1ts3Hmr1KQJsGiaX0Re0wwMQ/0',	1,	'Zhengzhou',	'Henan',	'',	'zh_CN',	1,	0,	0,	1,	0,	'',	'',	0,	0,	0,	NULL,	'2016-04-19 01:10:22'),
(965,	0,	0,	'',	'sdvd',	'',	'18999990929@qq.com',	'25f9e794323b453885f5181f1b624d0b',	NULL,	'',	0,	'',	'',	'',	'',	0,	0,	0,	1,	0,	'',	'2016-04-19 09:35:29',	0,	2,	0,	NULL,	'2016-04-19 01:35:28'),
(966,	0,	0,	'oojFxszVPhLeRuBSE7sIhHgR81fI',	'孽孽',	'',	'',	'',	NULL,	'http://wx.qlogo.cn/mmopen/A7sq8BD8oezwBqRNwRnkQ7GJogjOBlxPFmiaqyAN0lX0Q8iaJbcY6RRITGxIBrAjmgZDZDH6HgW8iaXnjzFFXbcvg/0',	1,	'Yancheng',	'Jiangsu',	'',	'zh_CN',	1,	0,	0,	1,	0,	'',	'',	0,	0,	0,	NULL,	'2016-04-19 08:13:33'),
(967,	0,	0,	'',	'zhonghui_zhang',	'',	'zhonghui_zhang@163.com',	'efee3a6549271c0eaebfcd3af3d77d3f',	NULL,	'',	0,	'',	'',	'',	'',	0,	0,	0,	1,	0,	'',	'2016-04-19 16:51:01',	0,	2,	0,	NULL,	'2016-04-19 08:51:01'),
(968,	0,	0,	'',	'cnzkai',	'',	'cnzkai@qq.com',	'5cad007eca994e5c57fd7390d81d998c',	NULL,	'',	0,	'',	'',	'',	'',	0,	0,	0,	1,	0,	'',	'2016-04-19 17:11:49',	0,	2,	0,	NULL,	'2016-04-19 09:11:49'),
(969,	0,	0,	'oojFxs8nR2nbM_305ydnWA-vTth8',	'小蚂蚁联盟   郭玉静',	'',	'',	'',	NULL,	'http://wx.qlogo.cn/mmopen/KMt8YcxoTr6IN0c38poiaiakyMYPDtuINV0ChBb41P2pUKXIK49ACcJmNibmVja7255OKuA5nYibcupl2wVlHuAgibQB0SCS1wsqH/0',	2,	'Xuchang',	'Henan',	'',	'zh_CN',	1,	0,	0,	1,	0,	'',	'',	0,	0,	0,	NULL,	'2016-04-19 10:46:15'),
(970,	0,	0,	'',	'cooperzh',	'',	'zjq123zjq@aliyun.com',	'26eda86ab4e4c766cf8bc902090c764f',	NULL,	'',	0,	'',	'',	'',	'',	0,	0,	0,	1,	0,	'',	'2016-04-19 18:56:52',	0,	2,	0,	NULL,	'2016-04-19 10:56:52'),
(971,	0,	0,	'oojFxs3zEusBiCRgz05SiNveCjSk',	'zhichen',	'',	'',	'',	NULL,	'http://wx.qlogo.cn/mmopen/KMt8YcxoTr66wDb4qdKh4vRx7xfx7uKfN31kKOlmNzu86afEESJicgTz45eNpNqc0V4EG7Gl4qbw4IOKM3h2OMUFbxRSa35ZY/0',	1,	'Shenzhen',	'Guangdong',	'',	'zh_CN',	1,	0,	0,	1,	0,	'',	'',	0,	0,	0,	NULL,	'2016-04-19 12:38:09'),
(972,	0,	0,	'',	'393228937@qq.com',	'',	'393228937@qq.com',	'e10adc3949ba59abbe56e057f20f883e',	NULL,	'',	0,	'',	'',	'',	'',	0,	0,	0,	1,	0,	'',	'2016-04-19 21:18:54',	0,	2,	0,	NULL,	'2016-04-19 13:18:54'),
(973,	0,	0,	'oojFxs9mubbSN8zMJYW0Fz6CryWM',	'Akay  Dre',	'',	'',	'',	NULL,	'http://wx.qlogo.cn/mmopen/A7sq8BD8oewjlxB0uvPvJ4F6KU6XfBBy59jkPyCYoxURs10uicslZnhcyV7wMZZHjlxYOibebaSw6fX3bjbPoicEw/0',	1,	'',	'',	'',	'zh_CN',	1,	0,	0,	1,	0,	'',	'',	0,	0,	0,	NULL,	'2016-04-19 13:24:18'),
(974,	0,	0,	'',	'admin',	'',	'alex.08@163.com',	'e807f1fcf82d132f9bb018ca6738a19f',	NULL,	'',	0,	'',	'',	'',	'',	0,	0,	0,	1,	0,	'',	'2016-04-19 23:24:53',	0,	2,	0,	NULL,	'2016-04-19 15:24:53'),
(975,	0,	0,	'',	'youshang',	'',	'837090761@qq.com',	'27b0f618a2ef3996fdb9794c4357ea3e',	NULL,	'',	0,	'',	'',	'',	'',	0,	0,	0,	1,	0,	'',	'2016-04-20 09:26:42',	0,	2,	0,	NULL,	'2016-04-20 01:26:41'),
(976,	0,	0,	'',	'youdelu',	'',	'762283780@qq.com',	'34f85ca80ec353d3052b8a2d3973a0c5',	NULL,	'',	0,	'',	'',	'',	'',	0,	0,	0,	1,	0,	'',	'2016-04-20 12:01:37',	0,	2,	0,	NULL,	'2016-04-20 04:01:37'),
(977,	0,	0,	'',	'hjk0231',	'',	'994748840@qq.com',	'91d5181d621bd9838b00655d29f0577d',	NULL,	'',	0,	'',	'',	'',	'',	0,	0,	0,	1,	0,	'',	'2016-04-20 18:24:45',	0,	2,	0,	NULL,	'2016-04-20 10:24:45'),
(978,	0,	0,	'',	'xuelong',	'',	'51695064@qq.com',	'7c2824ab68cecc7858012971f9320d5b',	NULL,	'',	0,	'',	'',	'',	'',	0,	0,	0,	1,	0,	'',	'2016-04-20 20:29:00',	0,	2,	0,	NULL,	'2016-04-20 12:28:59'),
(979,	0,	0,	'',	'xikongjian168',	'',	'157157098@qq.com',	'bda6ccb61881a5622a9922daf2e842fc',	NULL,	'',	0,	'',	'',	'',	'',	0,	0,	0,	1,	0,	'',	'2016-04-20 22:34:45',	0,	2,	0,	NULL,	'2016-04-20 14:34:45'),
(980,	0,	0,	'',	'hdtest0001@163.com',	'',	'hdtest0001@163.com',	'bed128365216c019988915ed3add75fb',	NULL,	'',	0,	'',	'',	'',	'',	0,	0,	0,	1,	0,	'',	'2016-04-21 10:20:06',	0,	2,	0,	NULL,	'2016-04-21 02:20:06'),
(981,	0,	0,	'',	'nimei',	'',	'542030146@qq.com',	'df27bcbc970e02ae1c7d25eab7e765d9',	NULL,	'',	0,	'',	'',	'',	'',	0,	0,	0,	1,	0,	'',	'2016-04-21 14:03:31',	0,	2,	0,	NULL,	'2016-04-21 06:03:31'),
(982,	0,	0,	'',	'yinong',	'',	'404975681@qq.com',	'244cd11f6697291bf0a7e99563811f5d',	NULL,	'',	0,	'',	'',	'',	'',	0,	0,	0,	1,	0,	'',	'2016-04-21 14:13:11',	0,	2,	0,	NULL,	'2016-04-21 06:13:11'),
(983,	0,	0,	'',	'ordosbxy',	'',	'ordosbxy@gmail.com',	'7fcb30014acf6239f93a4a29858be99a',	NULL,	'',	0,	'',	'',	'',	'',	0,	0,	0,	1,	0,	'',	'2016-04-21 15:15:42',	0,	2,	0,	NULL,	'2016-04-21 07:15:42'),
(984,	0,	0,	'oojFxs33MdlzSLiST3wdnVx_gqUw',	'独木清秋',	'',	'',	'',	NULL,	'http://wx.qlogo.cn/mmopen/PiajxSqBRaEKYY1FrdaHXlNIU9R1vIUo8ygnLyspsuKmGLfibET7Y6ILlVXvbnAtatQZ6P2bJIKfWxmV6aNwKuPg/0',	1,	'Benxi',	'Liaoning',	'',	'zh_CN',	1,	0,	0,	1,	0,	'',	'',	0,	0,	0,	NULL,	'2016-04-21 07:23:36'),
(985,	0,	0,	'',	'521269573',	'',	'521269573@qq.com',	'47be53c8b1e815b6a1fffff73fbe11d0',	NULL,	'',	0,	'',	'',	'',	'',	0,	0,	0,	1,	0,	'',	'2016-04-21 15:58:41',	0,	2,	0,	NULL,	'2016-04-21 07:58:41'),
(986,	0,	0,	'oojFxs9mjv_cu1oJks1-7s93r-fI',	'空白页',	'',	'',	'',	NULL,	'http://wx.qlogo.cn/mmopen/W7Dffsoy8I2vh9PWic7sR33fosMA1VcQ69GYicpEia9pLRrPywCBjURyDbUcSqt2XEiaSatkCBZuf4LoGknvPPibpcA/0',	1,	'Lanzhou',	'Gansu',	'',	'zh_CN',	1,	0,	0,	1,	0,	'',	'',	0,	0,	0,	NULL,	'2016-04-21 17:01:47'),
(987,	0,	0,	'oojFxs0NARmYQ4aZ3E-Jqk_xzX50',	'3W',	'',	'',	'',	NULL,	'http://wx.qlogo.cn/mmopen/ajNVdqHZLLCuoUicibOULFx2F6L8FNZCmxNpDmT5GDNxQNOsKnShOwIRdn1qr23a2cLk8MT41FWiayRQrHNyqTlxQ/0',	1,	'',	'Tianjin',	'',	'zh_CN',	1,	0,	0,	1,	0,	'',	'',	0,	0,	0,	NULL,	'2016-04-22 02:15:57'),
(988,	0,	0,	'oojFxs78lMr29IIWXNLO_TLAYGwk',	'梅哥哥',	'',	'',	'',	NULL,	'http://wx.qlogo.cn/mmopen/W7Dffsoy8I2ho4rK1nstvNobQp5Rl8iaZnXQic9uPZqtAGKNVhgOibHt6ceCVBORfG5dlickDFX4bINTZwIDHebkpSmB0lX8yUgP/0',	1,	'Lawrence',	'Guizhou',	'',	'zh_CN',	1,	0,	0,	1,	0,	'',	'',	0,	0,	0,	NULL,	'2016-04-22 07:41:19'),
(989,	0,	0,	'oojFxs7_CGucualqFNJANKi4OVPQ',	'华章酱～',	'',	'',	'',	NULL,	'http://wx.qlogo.cn/mmopen/W7Dffsoy8I1e8ovJyicicrH7hrrnrNpw7wQHRxjI3oibMe3FxOicPiaiapP9VjPdf6CiaBkUdiacjsHhcEX7F3FaAVLArwSTEF39JGX6/0',	1,	'Jiangmen',	'Guangdong',	'',	'zh_CN',	1,	0,	0,	1,	0,	'',	'',	0,	0,	0,	NULL,	'2016-04-23 00:42:08'),
(990,	0,	0,	'oojFxs2V-7gV3lTZVeK6PgmZCvX4',	'雷凯',	'',	'',	'',	NULL,	'http://wx.qlogo.cn/mmopen/3thQiaA8Jw0gAHNnMDHwNNnibicXYQibfeMXrKib33IQSm07icIO0NONcouwVFJCyA3XAr9YHicSgnyIwNTs3A2ib3PGOicd3icXwj1Of3/0',	1,	'Changsha',	'Hunan',	'',	'zh_CN',	1,	0,	0,	1,	0,	'',	'',	0,	0,	0,	NULL,	'2016-04-24 01:54:34'),
(991,	0,	0,	'',	'chiger',	'',	'447635001@qq.com',	'e5cf362e3b023b7141c9dd8575b14272',	NULL,	'',	0,	'',	'',	'',	'',	0,	0,	0,	1,	0,	'',	'2016-04-25 09:02:10',	0,	2,	0,	NULL,	'2016-04-25 01:02:10'),
(992,	0,	0,	'oojFxs1choPegEapETaNXIiMZMlA',	'景延昭',	'',	'',	'',	NULL,	'http://wx.qlogo.cn/mmopen/PiajxSqBRaEL9UK2AXDtIzM1DFb6kEu1GgUSk4x7vNb3XrVwuIDV2Jw7833xNZZn0IzheGK3dXOFX1KiaW7ia4nhA/0',	1,	'Dallas',	'Texas',	'',	'zh_CN',	1,	0,	0,	1,	0,	'',	'',	0,	0,	0,	NULL,	'2016-04-25 09:15:42'),
(993,	0,	0,	'',	'qing226',	'',	'1552974441@qq.com',	'e10adc3949ba59abbe56e057f20f883e',	NULL,	'',	0,	'',	'',	'',	'',	0,	0,	0,	1,	0,	'',	'2016-04-25 17:32:50',	0,	2,	0,	NULL,	'2016-04-25 09:32:50'),
(994,	0,	0,	'oojFxs8Fd3C1w9MirOnzajRP8_lo',	'fs',	'',	'',	'',	NULL,	'http://wx.qlogo.cn/mmopen/A7sq8BD8oew38NSbYicic9rBMP4OuR9iavZONicEpqCH1avBKT2RZAqaCDb9NYMfA5ydvjGhicPiaicONSehaqNMyeL8z1005SPlicNQ/0',	1,	'Ezhou',	'Hubei',	'',	'zh_CN',	1,	0,	0,	1,	0,	'',	'',	0,	0,	0,	NULL,	'2016-04-25 09:47:26'),
(995,	0,	0,	'',	'mumutou',	'',	'chair.cole@yahoo.com',	'0bed82c83b09406ff977f752541f9e96',	NULL,	'',	0,	'',	'',	'',	'',	0,	0,	0,	1,	0,	'',	'2016-04-25 20:37:24',	0,	2,	0,	NULL,	'2016-04-25 12:37:24'),
(996,	0,	0,	'oojFxs-7ph7s3oQN7I_Uyr0EH1y4',	'Jorycn',	'',	'',	'',	NULL,	'http://wx.qlogo.cn/mmopen/KMt8YcxoTr7rd0ib9vPKRHOSdgHXk5jYkIZllEXGg3xsynegcBFs3sJ24sjO9FIQTiciaKoIuGUZrfH1zzVhE0uNseMgM17nv50/0',	1,	'',	'',	'',	'zh_CN',	1,	0,	12,	1,	0,	'',	'',	1,	0,	0,	NULL,	'2016-04-26 00:55:50'),
(997,	0,	0,	'',	'abcdefg',	'',	'97172566@qq.com',	'a161130e164e8c5a3bae70fcc6aca51a',	NULL,	'',	0,	'',	'',	'',	'',	0,	0,	0,	1,	0,	'',	'2016-04-26 14:30:02',	0,	2,	0,	NULL,	'2016-04-26 06:30:02'),
(998,	0,	0,	'oojFxs1ksSgGHpkuofiML-bxMfCc',	'殷豪亮/:hug',	'',	'',	'',	NULL,	'http://wx.qlogo.cn/mmopen/PiajxSqBRaEJTd2qFghf69tHjKSZOhf4tTFBkTiaRuOjgP9Rl5sdUmTDSICe1EvIDfMmD8yzuyvprAYice5u8eHFA/0',	1,	'Hohhot',	'Inner Mongolia',	'',	'zh_CN',	1,	0,	0,	1,	0,	'',	'',	0,	0,	0,	NULL,	'2016-04-26 08:10:56'),
(999,	0,	0,	'',	'18806691119',	'',	'502750923@qq.com',	'7359c0fb87384ea06844a4f895411d3b',	NULL,	'',	0,	'',	'',	'',	'',	0,	0,	0,	1,	0,	'',	'2016-04-28 16:32:09',	0,	2,	0,	NULL,	'2016-04-28 08:32:09'),
(1000,	0,	0,	'',	'lianchaoyun',	'',	'153630863@qq.com',	'22a9a2402e2e932ee1a1fcb03c641df4',	NULL,	'',	0,	'',	'',	'',	'',	0,	0,	0,	1,	0,	'',	'2016-04-30 20:13:46',	0,	2,	0,	NULL,	'2016-04-30 12:13:46'),
(1001,	0,	0,	'',	'metalcrazys',	'',	'763537842@qq.com',	'1b7dd587eae56749aeca4d48e02c9405',	NULL,	'',	0,	'',	'',	'',	'',	0,	0,	0,	1,	0,	'',	'2016-05-02 14:54:17',	0,	2,	0,	NULL,	'2016-05-02 06:54:17'),
(1002,	0,	0,	'',	'fuxuena',	'',	'fu.xuena@163.com',	'a1323a3589f7e318afc5dc514b37d6e4',	NULL,	'',	0,	'',	'',	'',	'',	0,	0,	0,	1,	0,	'',	'2016-05-04 14:52:20',	0,	2,	0,	NULL,	'2016-05-04 06:52:20'),
(1003,	0,	0,	'',	'1126misakp',	'',	'hikaru_lamperouge@163.com',	'e7fe75e3dc0566ee435df8db6b326980',	NULL,	'',	0,	'',	'',	'',	'',	0,	0,	0,	1,	0,	'',	'2016-05-04 17:43:01',	0,	2,	0,	NULL,	'2016-05-04 09:43:00'),
(1004,	0,	0,	'',	'shuidong',	'13800138000',	'',	'96e79218965eb72c92a549dd5a330112',	NULL,	'',	0,	'',	'',	'',	'',	0,	0,	0,	1,	0,	'',	'2016-05-10 10:01:55',	0,	0,	0,	'',	'2016-05-10 02:01:55'),
(1005,	0,	0,	'',	'malaoliu',	'',	'li.ma@hs-funds.com',	'ff6a810520ecea665856ea51c8205dd2',	NULL,	'',	0,	'',	'',	'',	'',	0,	0,	0,	1,	0,	'',	'2016-05-12 13:05:48',	0,	2,	0,	NULL,	'2016-05-12 05:05:48'),
(1006,	0,	0,	'',	'luming',	'',	'1258700713@qq.com',	'25f9e794323b453885f5181f1b624d0b',	NULL,	'',	0,	'',	'',	'',	'',	0,	0,	0,	1,	0,	'',	'2016-05-12 13:46:22',	0,	2,	0,	NULL,	'2016-05-12 05:46:22'),
(1007,	0,	0,	'',	'aku007',	'',	'4790392@qq.com',	'2114f0043c6aefef304d014a0a3ed263',	NULL,	'',	0,	'',	'',	'',	'',	0,	0,	0,	1,	0,	'',	'2016-05-15 04:04:49',	0,	2,	0,	NULL,	'2016-05-14 20:04:49'),
(1008,	0,	0,	'',	'gan123',	'',	'1776169450@qq.com',	'b3ef7190432b375f6d412debdcb6e025',	NULL,	'',	0,	'',	'',	'',	'',	0,	0,	0,	1,	0,	'',	'2016-05-16 10:23:16',	0,	2,	0,	NULL,	'2016-05-16 02:23:16'),
(1009,	0,	0,	'',	'wenwen00hh',	'',	'ww0350@qq.com',	'9cbf8a4dcb8e30682b927f352d6559a0',	NULL,	'',	0,	'',	'',	'',	'',	0,	0,	0,	1,	0,	'',	'2016-05-16 10:35:19',	0,	2,	0,	NULL,	'2016-05-16 02:35:19'),
(1010,	0,	0,	'',	'111',	'',	'775373461@qq.com',	'e10adc3949ba59abbe56e057f20f883e',	NULL,	'',	0,	'',	'',	'',	'',	0,	0,	0,	1,	0,	'',	'2016-05-17 20:38:57',	0,	2,	0,	NULL,	'2016-05-17 12:38:57'),
(1011,	0,	0,	'',	'2',	'',	'koevdo@qq.com',	'c81e728d9d4c2f636f067f89cc14862c',	NULL,	'',	0,	'',	'',	'',	'',	0,	0,	0,	1,	0,	'',	'2016-05-22 17:31:51',	0,	2,	0,	NULL,	'2016-05-22 09:31:51'),
(1012,	0,	0,	'oqfK9vsaghlVPWev6l6Nuz1TZd9M',	'解大劦',	'',	'',	'',	NULL,	'http://wx.qlogo.cn/mmopen/Y3WgNLFjO0cTHee0KMibRnCgibjgfvbsH90RmLKAJacPaUicPtGvIA1koEr6qpPJLIVCkaeuatSWbGcRkFyNrvyMZc9hlU3icwibib/0',	1,	'济南',	'山东',	'',	'zh_CN',	1,	0,	0,	1,	0,	'',	'',	0,	0,	0,	'',	'2016-05-30 07:26:09'),
(1013,	0,	0,	'',	'stefanielinear@126.com',	'',	'stefanielinear@126.com',	'6d948fc8a7d6b45ca63f4c3d4b4abe35',	NULL,	'',	0,	'',	'',	'',	'',	0,	0,	0,	1,	0,	'',	'2016-05-25 23:42:46',	0,	2,	0,	NULL,	'2016-05-25 15:42:45'),
(1014,	0,	0,	'oqfK9vg8x1xP2QiHvkA_iJLYeoOk',	'猛然回首',	'',	'',	'',	NULL,	'http://wx.qlogo.cn/mmopen/JheMK3ibqS7LrMB6Fs3em1tw245R4cKrCHC1V89vnIo4N1mvvPZMN7ugVN5ZcIroomzW4U9NO6FNNKWgICSZvHcq6arm7XP5r/0',	1,	'枣庄',	'山东',	'',	'zh_CN',	1,	0,	0,	0,	0,	'',	'',	0,	0,	0,	NULL,	'2016-05-26 16:59:14'),
(1015,	0,	0,	'',	'17711865080',	'',	'516833037@qq.com',	'0a4cb68304c169115988307f6a0cbb5d',	NULL,	'',	0,	'',	'',	'',	'',	0,	0,	0,	1,	0,	'',	'2016-05-29 10:41:36',	0,	2,	0,	NULL,	'2016-05-29 02:41:36'),
(1016,	0,	0,	'',	'18610853449',	'',	'1246843785@qq.com',	'bf78e99b1f7f580411a7541257476dc4',	NULL,	'',	0,	'',	'',	'',	'',	0,	0,	0,	1,	0,	'',	'2016-06-02 21:01:38',	0,	2,	0,	NULL,	'2016-06-02 13:01:38'),
(1017,	0,	0,	'',	'xiangyun99',	'',	'491004091@qq.com',	'87b30e3c27e1b21a00aff66cfb5078e6',	NULL,	'',	0,	'',	'',	'',	'',	0,	0,	0,	1,	0,	'',	'2016-06-03 12:05:36',	0,	2,	0,	NULL,	'2016-06-03 04:05:36'),
(1018,	0,	0,	'',	'2227232789@qq.com',	'',	'2227232789@qq.com',	'5aeb4e6bb96a6c665e2b991a924face0',	NULL,	'',	0,	'',	'',	'',	'',	0,	0,	0,	1,	0,	'',	'2016-06-08 17:05:30',	0,	2,	0,	NULL,	'2016-06-08 09:05:30'),
(1019,	0,	0,	'',	'民乐商贸',	'',	'2759013835@qq.com',	'584f329e6338e4b9ae59f2daa811d91b',	NULL,	'',	0,	'',	'',	'',	'',	0,	0,	0,	1,	0,	'',	'2016-06-10 17:32:03',	0,	2,	0,	NULL,	'2016-06-10 09:32:02'),
(1020,	0,	0,	'',	'zishi03@sina.com',	'',	'zishi03@sina.com',	'a12a78ed5112a4b2596a194cfc4ed50a',	NULL,	'',	0,	'',	'',	'',	'',	0,	0,	0,	1,	0,	'',	'2016-06-12 19:21:54',	0,	2,	0,	NULL,	'2016-06-12 11:21:54'),
(1021,	0,	0,	'',	'88315203@qq.com',	'',	'88315203@qq.com',	'23d34d8b3739eb385fbb6a7d19ea55af',	NULL,	'',	0,	'',	'',	'',	'',	0,	0,	0,	1,	0,	'',	'2016-06-13 16:16:02',	0,	2,	0,	NULL,	'2016-06-13 08:16:01'),
(1022,	0,	0,	'',	'654321',	'',	'404569573@QQ.COM',	'e10adc3949ba59abbe56e057f20f883e',	NULL,	'',	0,	'',	'',	'',	'',	0,	0,	0,	1,	0,	'',	'2016-06-14 21:17:46',	0,	2,	0,	NULL,	'2016-06-14 13:17:46'),
(1023,	0,	0,	'',	'467261225',	'',	'467261225@qq.com',	'a6c71539469681c05594674fd6162e39',	NULL,	'',	0,	'',	'',	'',	'',	0,	0,	0,	1,	0,	'',	'2016-06-15 13:26:47',	0,	2,	0,	NULL,	'2016-06-15 05:26:47'),
(1024,	0,	0,	'',	'18659984856',	'',	'losywar@163.com',	'9fafcfee41102bf36eaf4f54cfcbfc14',	NULL,	'',	0,	'',	'',	'',	'',	0,	0,	0,	1,	0,	'',	'2016-06-15 13:41:52',	0,	2,	0,	NULL,	'2016-06-15 05:41:51'),
(1025,	0,	0,	'',	'caojie6633536',	'',	'flyunjie@163.com',	'f3b93e8ba2a640615382e28ef58c8c1a',	NULL,	'',	0,	'',	'',	'',	'',	0,	0,	0,	1,	0,	'',	'2016-06-15 15:48:42',	0,	2,	0,	NULL,	'2016-06-15 07:48:42');

DROP TABLE IF EXISTS `multi_user_favorites`;
CREATE TABLE `multi_user_favorites` (
  `id` int(11) DEFAULT 0 AUTO_INCREMENT,
  `product_id` text CHARACTER SET latin1 NOT NULL,
  `user_id` int(11) DEFAULT 0,
  `remark` text CHARACTER SET latin1,
  `time` timestamp NOT NULL DEFAULT CURRENT_TIMESTAMP,
  `shop_id` int(11) DEFAULT 0,
  PRIMARY KEY (`id`)
) ENGINE=InnoDB DEFAULT CHARSET=utf8;

INSERT INTO `multi_user_favorites` (`id`, `product_id`, `user_id`, `remark`, `time`, `shop_id`) VALUES
(3,	'3',	2,	NULL,	'2015-11-18 16:51:26',	0),
(4,	'3',	2,	NULL,	'2015-11-18 16:51:37',	0),
(5,	'3',	2,	NULL,	'2015-11-20 07:37:49',	0),
(6,	'3',	2,	NULL,	'2015-11-20 07:37:52',	0),
(7,	'3',	2,	NULL,	'2015-11-20 07:37:52',	0),
(8,	'3',	2,	NULL,	'2015-11-20 07:37:53',	0),
(9,	'3',	2,	NULL,	'2015-11-20 07:39:03',	0),
(10,	'3',	2,	NULL,	'2015-11-20 07:39:04',	0),
(11,	'3',	2,	NULL,	'2015-11-20 08:07:53',	0),
(12,	'3',	2,	NULL,	'2015-11-20 08:07:56',	0),
(13,	'3',	2,	NULL,	'2015-11-20 08:07:59',	0),
(14,	'3',	2,	NULL,	'2015-11-20 08:08:02',	0),
(15,	'3',	2,	NULL,	'2015-11-20 08:08:23',	0);

DROP TABLE IF EXISTS `multi_user_shop`;
CREATE TABLE `multi_user_shop` (
  `id` int(10) unsigned NOT NULL AUTO_INCREMENT,
  `user_id` int(11) DEFAULT 0,
  `shop_id` int(11) DEFAULT 0,
  `time` timestamp NOT NULL DEFAULT CURRENT_TIMESTAMP ON UPDATE CURRENT_TIMESTAMP,
  PRIMARY KEY (`id`)
) ENGINE=InnoDB DEFAULT CHARSET=utf8;

INSERT INTO `multi_user_shop` (`id`, `user_id`, `shop_id`, `time`) VALUES
(1,	2,	136,	'2016-03-26 09:43:18'),
(2,	155,	136,	'2016-03-26 10:19:58'),
(3,	155,	9,	'2016-03-03 00:50:35'),
(4,	156,	9,	'2016-03-03 00:51:09'),
(5,	154,	16,	'2016-03-03 01:00:57'),
(6,	155,	8,	'2016-03-03 01:01:25'),
(7,	155,	19,	'2016-03-03 01:01:33'),
(8,	158,	51,	'2016-03-03 01:59:48'),
(9,	159,	51,	'2016-03-03 02:00:51'),
(10,	158,	52,	'2016-03-03 02:33:56'),
(11,	159,	52,	'2016-03-03 02:34:23'),
(12,	158,	1,	'2016-03-03 02:44:40'),
(13,	159,	1,	'2016-03-03 02:44:45'),
(14,	155,	2,	'2016-03-03 03:45:42'),
(15,	155,	16,	'2016-03-03 03:57:14'),
(16,	155,	12,	'2016-03-03 03:57:27'),
(17,	171,	40,	'2016-03-03 04:33:33'),
(18,	177,	1,	'2016-03-03 10:08:47'),
(19,	177,	19,	'2016-03-03 10:08:56'),
(20,	177,	12,	'2016-03-03 10:09:17'),
(21,	178,	16,	'2016-03-03 10:11:31'),
(22,	179,	19,	'2016-03-03 10:12:35'),
(23,	177,	9,	'2016-03-03 10:28:36'),
(24,	181,	12,	'2016-03-03 10:44:44'),
(25,	181,	19,	'2016-03-03 10:45:38'),
(26,	181,	8,	'2016-03-03 10:46:23'),
(27,	183,	19,	'2016-03-03 12:51:44'),
(28,	184,	12,	'2016-03-03 12:55:55'),
(29,	186,	63,	'2016-03-03 14:14:40'),
(30,	156,	60,	'2016-03-04 02:10:24'),
(31,	190,	19,	'2016-03-04 02:40:14'),
(32,	193,	63,	'2016-03-04 04:13:07'),
(33,	194,	1,	'2016-03-04 07:04:32'),
(34,	159,	9,	'2016-03-04 07:04:55'),
(35,	156,	80,	'2016-03-04 07:11:58'),
(36,	159,	3,	'2016-03-04 07:24:42'),
(37,	190,	82,	'2016-03-04 07:24:57'),
(38,	159,	80,	'2016-03-04 07:26:15'),
(39,	195,	9,	'2016-03-04 07:34:53'),
(40,	195,	8,	'2016-03-04 07:35:07'),
(41,	171,	8,	'2016-03-04 08:51:36'),
(42,	159,	55,	'2016-03-04 09:40:25'),
(43,	159,	87,	'2016-03-04 09:55:22'),
(44,	156,	19,	'2016-03-04 10:21:45'),
(45,	196,	80,	'2016-03-04 10:35:50'),
(46,	156,	16,	'2016-03-04 10:37:25'),
(47,	159,	40,	'2016-03-05 02:03:53'),
(48,	155,	84,	'2016-03-05 05:22:44'),
(49,	154,	84,	'2016-03-05 05:23:06'),
(50,	158,	69,	'2016-03-05 05:25:59'),
(51,	198,	40,	'2016-03-05 07:27:17'),
(52,	199,	19,	'2016-03-05 08:17:01'),
(53,	200,	9,	'2016-03-05 08:17:24'),
(54,	200,	19,	'2016-03-05 08:17:37'),
(55,	154,	19,	'2016-03-05 08:19:36'),
(56,	201,	19,	'2016-03-05 08:38:56'),
(57,	202,	19,	'2016-03-05 08:45:05'),
(58,	203,	16,	'2016-03-05 08:47:49'),
(59,	203,	8,	'2016-03-05 08:47:54'),
(60,	203,	1,	'2016-03-05 08:48:01'),
(61,	205,	12,	'2016-03-05 09:08:43'),
(62,	207,	69,	'2016-03-05 09:16:28'),
(63,	207,	70,	'2016-03-05 09:16:47'),
(64,	208,	16,	'2016-03-05 09:27:12'),
(65,	205,	92,	'2016-03-05 09:49:36'),
(66,	205,	90,	'2016-03-05 09:50:58'),
(67,	210,	69,	'2016-03-05 10:38:40'),
(68,	210,	70,	'2016-03-05 10:39:23'),
(69,	212,	19,	'2016-03-05 12:21:05'),
(70,	214,	40,	'2016-03-05 14:13:40'),
(71,	215,	90,	'2016-03-05 14:32:00'),
(72,	181,	9,	'2016-03-05 16:29:48'),
(73,	181,	80,	'2016-03-05 16:30:28'),
(74,	181,	1,	'2016-03-05 16:31:13'),
(75,	216,	12,	'2016-03-06 00:12:27'),
(76,	217,	40,	'2016-03-06 01:03:14'),
(77,	207,	8,	'2016-03-06 01:52:49'),
(78,	207,	16,	'2016-03-06 01:53:41'),
(79,	218,	63,	'2016-03-06 02:52:43'),
(80,	219,	19,	'2016-03-06 03:21:16'),
(81,	220,	40,	'2016-03-06 03:52:10'),
(82,	221,	19,	'2016-03-06 04:36:57'),
(83,	223,	16,	'2016-03-06 06:39:57'),
(84,	223,	8,	'2016-03-06 06:40:27'),
(85,	223,	1,	'2016-03-06 06:41:37'),
(86,	224,	40,	'2016-03-06 09:10:08'),
(87,	223,	9,	'2016-03-06 10:57:01'),
(88,	227,	19,	'2016-03-06 12:53:37'),
(89,	223,	19,	'2016-03-06 13:31:17'),
(90,	229,	63,	'2016-03-06 15:15:16'),
(91,	230,	19,	'2016-03-06 15:49:48'),
(92,	232,	19,	'2016-03-07 01:55:29'),
(93,	232,	8,	'2016-03-07 01:56:21'),
(94,	234,	19,	'2016-03-07 03:20:37'),
(95,	237,	19,	'2016-03-07 03:48:57'),
(96,	238,	40,	'2016-03-07 04:49:46'),
(97,	239,	9,	'2016-03-07 05:26:20'),
(98,	240,	19,	'2016-03-07 11:35:46'),
(99,	241,	62,	'2016-03-07 12:03:27'),
(100,	242,	40,	'2016-03-08 00:33:04'),
(101,	243,	80,	'2016-03-08 01:17:56'),
(102,	159,	16,	'2016-03-08 01:32:50'),
(103,	159,	17,	'2016-03-08 01:35:10'),
(104,	159,	18,	'2016-03-08 01:37:00'),
(105,	244,	40,	'2016-03-08 01:37:23'),
(106,	159,	22,	'2016-03-08 01:37:35'),
(107,	159,	24,	'2016-03-08 01:38:08'),
(108,	159,	30,	'2016-03-08 01:39:36'),
(109,	159,	31,	'2016-03-08 01:40:33'),
(110,	159,	37,	'2016-03-08 01:41:43'),
(111,	159,	50,	'2016-03-08 02:14:36'),
(112,	245,	19,	'2016-03-08 02:29:58'),
(113,	245,	12,	'2016-03-08 02:31:25'),
(114,	246,	19,	'2016-03-08 02:57:57'),
(115,	247,	19,	'2016-03-08 03:03:36'),
(116,	248,	40,	'2016-03-08 03:46:54'),
(117,	249,	40,	'2016-03-08 06:10:33'),
(118,	250,	19,	'2016-03-08 07:14:13'),
(119,	159,	53,	'2016-03-08 07:15:45'),
(120,	159,	60,	'2016-03-08 07:16:05'),
(121,	159,	61,	'2016-03-08 07:18:41'),
(122,	159,	62,	'2016-03-08 07:19:05'),
(123,	159,	63,	'2016-03-08 07:19:21'),
(124,	159,	64,	'2016-03-08 07:19:38'),
(125,	159,	65,	'2016-03-08 07:19:54'),
(126,	159,	66,	'2016-03-08 07:20:22'),
(127,	159,	67,	'2016-03-08 07:20:40'),
(128,	159,	68,	'2016-03-08 07:20:55'),
(129,	159,	69,	'2016-03-08 07:21:09'),
(130,	159,	70,	'2016-03-08 08:01:04'),
(131,	159,	81,	'2016-03-08 08:02:21'),
(132,	159,	82,	'2016-03-08 08:02:59'),
(133,	159,	83,	'2016-03-08 08:03:31'),
(134,	159,	90,	'2016-03-08 08:04:32'),
(135,	159,	92,	'2016-03-08 08:05:37'),
(136,	159,	112,	'2016-03-08 08:07:31'),
(137,	251,	19,	'2016-03-08 08:53:08'),
(138,	251,	16,	'2016-03-08 08:53:35'),
(139,	252,	16,	'2016-03-08 08:54:38'),
(140,	253,	1,	'2016-03-08 09:26:18'),
(141,	253,	19,	'2016-03-08 09:26:47'),
(142,	254,	63,	'2016-03-08 09:40:08'),
(143,	159,	94,	'2016-03-08 09:50:38'),
(144,	159,	98,	'2016-03-08 09:51:14'),
(145,	256,	80,	'2016-03-08 11:23:04'),
(146,	257,	63,	'2016-03-08 11:44:42'),
(147,	258,	40,	'2016-03-08 12:00:08'),
(148,	232,	9,	'2016-03-08 14:23:57'),
(149,	259,	80,	'2016-03-08 23:55:30'),
(150,	200,	80,	'2016-03-09 02:39:02'),
(151,	261,	40,	'2016-03-09 03:48:09'),
(152,	262,	40,	'2016-03-09 03:48:40'),
(153,	263,	40,	'2016-03-09 03:58:00'),
(154,	264,	40,	'2016-03-09 04:16:33'),
(155,	265,	40,	'2016-03-09 04:38:22'),
(156,	266,	16,	'2016-03-09 04:43:15'),
(157,	268,	19,	'2016-03-09 06:11:24'),
(158,	269,	40,	'2016-03-09 06:29:03'),
(159,	159,	29,	'2016-03-09 06:59:22'),
(160,	270,	40,	'2016-03-09 07:13:49'),
(161,	159,	115,	'2016-03-09 07:32:08'),
(162,	272,	19,	'2016-03-09 09:57:43'),
(163,	273,	40,	'2016-03-09 09:57:51'),
(164,	274,	114,	'2016-03-09 10:08:02'),
(165,	277,	16,	'2016-03-09 10:56:51'),
(166,	154,	115,	'2016-03-09 11:30:21'),
(167,	281,	115,	'2016-03-09 11:32:12'),
(168,	282,	40,	'2016-03-09 11:41:28'),
(169,	283,	40,	'2016-03-09 11:44:50'),
(170,	196,	115,	'2016-03-09 12:10:16'),
(171,	288,	115,	'2016-03-09 12:22:29'),
(172,	289,	115,	'2016-03-09 12:22:53'),
(173,	290,	1,	'2016-03-09 12:26:03'),
(174,	292,	115,	'2016-03-09 12:32:37'),
(175,	293,	115,	'2016-03-09 12:43:27'),
(176,	295,	115,	'2016-03-09 12:48:40'),
(177,	297,	115,	'2016-03-09 12:59:45'),
(178,	299,	115,	'2016-03-09 13:03:34'),
(179,	301,	115,	'2016-03-09 13:11:56'),
(180,	302,	80,	'2016-03-09 13:12:36'),
(181,	303,	80,	'2016-03-09 13:13:28'),
(182,	305,	115,	'2016-03-09 13:19:32'),
(183,	306,	115,	'2016-03-09 13:19:40'),
(184,	307,	16,	'2016-03-09 13:24:03'),
(185,	310,	115,	'2016-03-09 13:27:38'),
(186,	311,	40,	'2016-03-09 13:27:48'),
(187,	313,	115,	'2016-03-09 13:28:14'),
(188,	315,	115,	'2016-03-09 13:37:06'),
(189,	317,	115,	'2016-03-09 13:41:22'),
(190,	318,	115,	'2016-03-09 14:03:57'),
(191,	320,	115,	'2016-03-09 14:11:24'),
(192,	322,	115,	'2016-03-09 14:23:58'),
(193,	324,	115,	'2016-03-09 14:25:42'),
(194,	326,	115,	'2016-03-09 15:00:54'),
(195,	327,	40,	'2016-03-09 15:09:06'),
(196,	329,	40,	'2016-03-09 15:17:47'),
(197,	331,	115,	'2016-03-09 15:21:15'),
(198,	334,	115,	'2016-03-09 15:21:42'),
(199,	335,	115,	'2016-03-09 15:22:05'),
(200,	336,	115,	'2016-03-09 15:23:40'),
(201,	337,	16,	'2016-03-09 15:38:14'),
(202,	337,	1,	'2016-03-09 15:40:51'),
(203,	338,	115,	'2016-03-09 15:52:10'),
(204,	339,	40,	'2016-03-09 22:34:46'),
(205,	340,	40,	'2016-03-09 23:09:01'),
(206,	341,	80,	'2016-03-09 23:27:33'),
(207,	343,	115,	'2016-03-09 23:27:57'),
(208,	344,	115,	'2016-03-09 23:44:12'),
(209,	345,	63,	'2016-03-10 00:19:00'),
(210,	251,	8,	'2016-03-10 00:25:48'),
(211,	251,	1,	'2016-03-10 00:26:37'),
(212,	347,	115,	'2016-03-10 01:21:21'),
(213,	349,	115,	'2016-03-10 01:24:50'),
(214,	352,	8,	'2016-03-10 02:25:45'),
(215,	354,	115,	'2016-03-10 02:31:35'),
(216,	159,	114,	'2016-03-10 03:34:47'),
(217,	357,	115,	'2016-03-10 03:57:58'),
(218,	359,	115,	'2016-03-10 04:01:29'),
(219,	361,	115,	'2016-03-10 04:04:58'),
(220,	363,	115,	'2016-03-10 04:10:25'),
(221,	365,	115,	'2016-03-10 04:55:54'),
(222,	368,	115,	'2016-03-10 05:16:16'),
(223,	370,	63,	'2016-03-10 05:18:02'),
(224,	374,	115,	'2016-03-10 05:19:53'),
(225,	376,	115,	'2016-03-10 05:20:15'),
(226,	378,	115,	'2016-03-10 05:23:33'),
(227,	379,	40,	'2016-03-10 05:23:53'),
(228,	380,	80,	'2016-03-10 05:27:57'),
(229,	381,	115,	'2016-03-10 06:00:30'),
(230,	383,	115,	'2016-03-10 06:01:23'),
(231,	385,	115,	'2016-03-10 06:25:05'),
(232,	386,	70,	'2016-03-10 06:40:20'),
(233,	389,	115,	'2016-03-10 07:57:34'),
(234,	390,	40,	'2016-03-10 08:20:23'),
(235,	392,	115,	'2016-03-10 08:29:12'),
(236,	393,	9,	'2016-03-10 08:38:25'),
(237,	396,	115,	'2016-03-10 08:57:25'),
(238,	397,	16,	'2016-03-10 09:15:01'),
(239,	397,	9,	'2016-03-10 09:17:20'),
(240,	399,	115,	'2016-03-10 09:25:10'),
(241,	400,	115,	'2016-03-10 09:53:11'),
(242,	402,	115,	'2016-03-10 10:12:39'),
(243,	272,	16,	'2016-03-10 10:23:28'),
(244,	272,	12,	'2016-03-10 10:26:29'),
(245,	406,	115,	'2016-03-10 10:27:36'),
(246,	272,	9,	'2016-03-10 10:28:02'),
(247,	272,	8,	'2016-03-10 10:28:19'),
(248,	272,	1,	'2016-03-10 10:28:39'),
(249,	407,	80,	'2016-03-10 10:43:30'),
(250,	272,	114,	'2016-03-10 10:48:03'),
(251,	410,	115,	'2016-03-10 11:03:45'),
(252,	411,	40,	'2016-03-10 11:26:34'),
(253,	412,	114,	'2016-03-10 11:27:56'),
(254,	413,	115,	'2016-03-10 11:30:14'),
(255,	414,	80,	'2016-03-10 11:36:59'),
(256,	196,	19,	'2016-03-10 11:39:45'),
(257,	415,	115,	'2016-03-10 11:43:00'),
(258,	416,	40,	'2016-03-10 11:47:15'),
(259,	418,	115,	'2016-03-10 12:07:16'),
(260,	419,	16,	'2016-03-10 12:13:26'),
(261,	279,	115,	'2016-03-10 12:16:19'),
(262,	421,	115,	'2016-03-10 12:21:33'),
(263,	422,	115,	'2016-03-10 12:24:48'),
(264,	424,	115,	'2016-03-10 12:35:05'),
(265,	425,	19,	'2016-03-10 12:40:18'),
(266,	427,	115,	'2016-03-10 13:21:35'),
(267,	430,	115,	'2016-03-10 13:30:50'),
(268,	432,	115,	'2016-03-10 13:33:33'),
(269,	433,	40,	'2016-03-10 13:33:41'),
(270,	434,	40,	'2016-03-10 13:44:53'),
(271,	437,	115,	'2016-03-10 13:55:19'),
(272,	439,	115,	'2016-03-10 13:59:29'),
(273,	441,	115,	'2016-03-10 14:10:14'),
(274,	443,	115,	'2016-03-10 14:13:17'),
(275,	446,	115,	'2016-03-10 14:20:28'),
(276,	449,	115,	'2016-03-10 14:39:47'),
(277,	451,	115,	'2016-03-10 14:39:53'),
(278,	452,	40,	'2016-03-10 14:41:17'),
(279,	454,	115,	'2016-03-10 14:42:34'),
(280,	455,	12,	'2016-03-10 14:44:51'),
(281,	457,	40,	'2016-03-10 15:05:07'),
(282,	266,	9,	'2016-03-10 16:15:59'),
(283,	469,	115,	'2016-03-11 02:35:35'),
(284,	470,	115,	'2016-03-11 02:38:19'),
(285,	471,	115,	'2016-03-11 02:40:47'),
(286,	472,	115,	'2016-03-11 02:42:47'),
(287,	473,	115,	'2016-03-11 03:27:53'),
(288,	474,	40,	'2016-03-11 03:52:25'),
(289,	476,	115,	'2016-03-11 04:05:25'),
(290,	477,	123,	'2016-03-11 04:42:45'),
(291,	479,	115,	'2016-03-11 05:51:21'),
(292,	481,	115,	'2016-03-11 06:09:27'),
(293,	483,	1,	'2016-03-11 06:44:55'),
(294,	483,	19,	'2016-03-11 06:45:28'),
(295,	483,	16,	'2016-03-11 06:45:38'),
(296,	483,	12,	'2016-03-11 06:46:19'),
(297,	483,	8,	'2016-03-11 06:46:32'),
(298,	484,	40,	'2016-03-11 06:55:15'),
(299,	485,	40,	'2016-03-11 06:56:57'),
(300,	487,	115,	'2016-03-11 06:57:17'),
(301,	489,	115,	'2016-03-11 07:22:56'),
(302,	221,	9,	'2016-03-11 07:44:12'),
(303,	490,	115,	'2016-03-11 08:03:56'),
(304,	491,	9,	'2016-03-11 09:26:02'),
(305,	492,	40,	'2016-03-11 09:39:40'),
(306,	493,	40,	'2016-03-11 09:46:57'),
(307,	494,	40,	'2016-03-11 09:48:49'),
(308,	495,	123,	'2016-03-11 10:01:05'),
(309,	497,	115,	'2016-03-11 10:25:22'),
(310,	499,	115,	'2016-03-11 10:29:41'),
(311,	501,	115,	'2016-03-11 10:30:39'),
(312,	503,	115,	'2016-03-11 10:33:07'),
(313,	505,	115,	'2016-03-11 10:35:30'),
(314,	507,	115,	'2016-03-11 10:56:30'),
(315,	509,	115,	'2016-03-11 10:58:25'),
(316,	511,	115,	'2016-03-11 11:04:38'),
(317,	513,	115,	'2016-03-11 11:08:03'),
(318,	516,	115,	'2016-03-11 11:24:59'),
(319,	518,	115,	'2016-03-11 11:35:26'),
(320,	520,	115,	'2016-03-11 11:39:27'),
(321,	522,	115,	'2016-03-11 12:09:33'),
(322,	523,	19,	'2016-03-11 12:10:49'),
(323,	526,	115,	'2016-03-11 12:21:17'),
(324,	527,	19,	'2016-03-11 12:22:08'),
(325,	527,	8,	'2016-03-11 12:23:10'),
(326,	527,	16,	'2016-03-11 12:23:44'),
(327,	529,	115,	'2016-03-11 12:31:45'),
(328,	531,	115,	'2016-03-11 12:34:11'),
(329,	527,	115,	'2016-03-11 12:34:42'),
(330,	533,	115,	'2016-03-11 12:37:15'),
(331,	535,	115,	'2016-03-11 12:45:43'),
(332,	537,	115,	'2016-03-11 12:46:32'),
(333,	540,	40,	'2016-03-11 12:54:14'),
(334,	539,	115,	'2016-03-11 12:56:30'),
(335,	541,	40,	'2016-03-11 13:01:18'),
(336,	543,	115,	'2016-03-11 13:23:51'),
(337,	545,	115,	'2016-03-11 13:35:02'),
(338,	547,	115,	'2016-03-11 13:49:33'),
(339,	549,	115,	'2016-03-11 14:09:58'),
(340,	551,	115,	'2016-03-11 14:15:20'),
(341,	554,	115,	'2016-03-11 14:28:18'),
(342,	556,	115,	'2016-03-11 14:46:08'),
(343,	557,	40,	'2016-03-11 14:47:24'),
(344,	558,	115,	'2016-03-11 14:51:21'),
(345,	559,	115,	'2016-03-11 14:53:50'),
(346,	561,	115,	'2016-03-11 14:56:24'),
(347,	563,	115,	'2016-03-11 14:59:42'),
(348,	564,	115,	'2016-03-11 15:03:24'),
(349,	566,	115,	'2016-03-11 15:12:21'),
(350,	568,	115,	'2016-03-11 15:57:00'),
(351,	570,	115,	'2016-03-11 16:32:57'),
(352,	571,	115,	'2016-03-11 19:13:57'),
(353,	573,	115,	'2016-03-12 01:14:38'),
(354,	577,	115,	'2016-03-12 01:46:08'),
(355,	578,	19,	'2016-03-12 01:57:08'),
(356,	578,	12,	'2016-03-12 01:57:33'),
(357,	578,	8,	'2016-03-12 01:57:48'),
(358,	580,	115,	'2016-03-12 02:30:35'),
(359,	582,	115,	'2016-03-12 02:36:44'),
(360,	583,	19,	'2016-03-12 02:44:01'),
(361,	584,	8,	'2016-03-12 02:45:02'),
(362,	586,	115,	'2016-03-12 03:02:26'),
(363,	587,	40,	'2016-03-12 03:06:03'),
(364,	589,	115,	'2016-03-12 03:19:03'),
(365,	591,	115,	'2016-03-12 03:29:38'),
(366,	593,	115,	'2016-03-12 03:30:34'),
(367,	595,	115,	'2016-03-12 03:36:12'),
(368,	597,	115,	'2016-03-12 03:36:18'),
(369,	598,	63,	'2016-03-12 03:39:25'),
(370,	599,	115,	'2016-03-12 03:55:23'),
(371,	600,	9,	'2016-03-12 03:55:53'),
(372,	600,	16,	'2016-03-12 03:56:39'),
(373,	603,	115,	'2016-03-12 05:00:04'),
(374,	605,	115,	'2016-03-12 05:14:40'),
(375,	606,	40,	'2016-03-12 06:51:51'),
(376,	607,	115,	'2016-03-12 06:58:59'),
(377,	608,	115,	'2016-03-12 07:18:13'),
(378,	609,	12,	'2016-03-12 07:34:45'),
(379,	610,	40,	'2016-03-12 07:47:04'),
(380,	612,	121,	'2016-03-12 08:18:43'),
(381,	613,	115,	'2016-03-12 08:47:50'),
(382,	612,	19,	'2016-03-12 08:49:53'),
(383,	612,	16,	'2016-03-12 08:50:40'),
(384,	615,	115,	'2016-03-12 08:54:29'),
(385,	616,	40,	'2016-03-12 09:44:29'),
(386,	617,	40,	'2016-03-12 10:00:42'),
(387,	619,	115,	'2016-03-12 10:39:39'),
(388,	621,	115,	'2016-03-12 11:31:03'),
(389,	623,	115,	'2016-03-12 11:33:17'),
(390,	625,	115,	'2016-03-12 11:34:23'),
(391,	627,	115,	'2016-03-12 11:41:09'),
(392,	629,	63,	'2016-03-12 11:50:45'),
(393,	632,	115,	'2016-03-12 12:23:53'),
(394,	634,	9,	'2016-03-12 12:44:53'),
(395,	634,	19,	'2016-03-12 12:45:02'),
(396,	636,	115,	'2016-03-12 12:49:24'),
(397,	639,	115,	'2016-03-12 12:56:08'),
(398,	641,	115,	'2016-03-12 12:59:42'),
(399,	643,	115,	'2016-03-12 13:01:02'),
(400,	646,	115,	'2016-03-12 13:37:48'),
(401,	647,	115,	'2016-03-12 23:45:43'),
(402,	648,	40,	'2016-03-13 00:03:52'),
(403,	649,	40,	'2016-03-13 00:42:13'),
(404,	650,	40,	'2016-03-13 00:53:25'),
(405,	651,	40,	'2016-03-13 00:58:34'),
(406,	652,	40,	'2016-03-13 01:01:36'),
(407,	653,	40,	'2016-03-13 01:14:30'),
(408,	654,	114,	'2016-03-13 01:22:04'),
(409,	655,	40,	'2016-03-13 01:45:43'),
(410,	656,	40,	'2016-03-13 02:12:19'),
(411,	657,	40,	'2016-03-13 02:20:11'),
(412,	658,	40,	'2016-03-13 02:32:37'),
(413,	661,	115,	'2016-03-13 02:53:10'),
(414,	662,	40,	'2016-03-13 03:08:54'),
(415,	664,	115,	'2016-03-13 03:23:35'),
(416,	666,	115,	'2016-03-13 03:25:07'),
(417,	668,	115,	'2016-03-13 03:26:14'),
(418,	671,	115,	'2016-03-13 03:28:41'),
(419,	673,	115,	'2016-03-13 03:34:02'),
(420,	675,	115,	'2016-03-13 03:34:59'),
(421,	677,	115,	'2016-03-13 03:37:54'),
(422,	679,	115,	'2016-03-13 03:40:28'),
(423,	681,	115,	'2016-03-13 03:47:38'),
(424,	683,	115,	'2016-03-13 03:56:41'),
(425,	686,	115,	'2016-03-13 04:25:57'),
(426,	687,	40,	'2016-03-13 04:34:28'),
(427,	688,	40,	'2016-03-13 04:49:03'),
(428,	690,	115,	'2016-03-13 05:11:43'),
(429,	692,	115,	'2016-03-13 05:21:12'),
(430,	694,	115,	'2016-03-13 05:23:22'),
(431,	695,	123,	'2016-03-13 05:27:01'),
(432,	696,	9,	'2016-03-13 05:35:01'),
(433,	697,	40,	'2016-03-13 05:40:08'),
(434,	700,	115,	'2016-03-13 05:47:34'),
(435,	701,	40,	'2016-03-13 05:59:20'),
(436,	702,	9,	'2016-03-13 06:01:32'),
(437,	704,	115,	'2016-03-13 06:15:57'),
(438,	706,	115,	'2016-03-13 06:42:58'),
(439,	708,	115,	'2016-03-13 06:43:08'),
(440,	710,	115,	'2016-03-13 06:48:49'),
(441,	712,	115,	'2016-03-13 07:00:56'),
(442,	714,	115,	'2016-03-13 07:03:12'),
(443,	716,	115,	'2016-03-13 07:07:04'),
(444,	718,	115,	'2016-03-13 07:40:09'),
(445,	721,	115,	'2016-03-13 08:03:06'),
(446,	722,	40,	'2016-03-13 08:05:11'),
(447,	724,	115,	'2016-03-13 08:10:15'),
(448,	727,	115,	'2016-03-13 08:36:54'),
(449,	729,	115,	'2016-03-13 08:40:14'),
(450,	731,	115,	'2016-03-13 08:51:44'),
(451,	732,	40,	'2016-03-13 08:57:36'),
(452,	733,	114,	'2016-03-13 09:17:04'),
(453,	734,	114,	'2016-03-13 09:17:17'),
(454,	736,	115,	'2016-03-13 09:28:48'),
(455,	738,	115,	'2016-03-13 09:31:29'),
(456,	739,	40,	'2016-03-13 09:38:36'),
(457,	741,	115,	'2016-03-13 09:40:10'),
(458,	743,	115,	'2016-03-13 09:56:11'),
(459,	745,	115,	'2016-03-13 09:58:09'),
(460,	749,	115,	'2016-03-13 10:04:00'),
(461,	750,	115,	'2016-03-13 10:04:06'),
(462,	753,	115,	'2016-03-13 10:07:59'),
(463,	754,	115,	'2016-03-13 10:12:08'),
(464,	755,	40,	'2016-03-13 10:18:08'),
(465,	757,	115,	'2016-03-13 10:28:22'),
(466,	759,	115,	'2016-03-13 10:57:54'),
(467,	761,	40,	'2016-03-13 12:14:11'),
(468,	762,	40,	'2016-03-13 12:30:32'),
(469,	763,	8,	'2016-03-13 12:32:36'),
(470,	764,	80,	'2016-03-13 12:47:54'),
(471,	767,	115,	'2016-03-13 13:14:20'),
(472,	768,	115,	'2016-03-13 13:14:27'),
(473,	769,	115,	'2016-03-13 13:32:02'),
(474,	771,	115,	'2016-03-13 13:48:03'),
(475,	773,	115,	'2016-03-13 13:56:49'),
(476,	775,	115,	'2016-03-13 14:42:03'),
(477,	777,	115,	'2016-03-13 14:57:49'),
(478,	778,	40,	'2016-03-13 15:01:45'),
(479,	780,	115,	'2016-03-13 16:06:17'),
(480,	155,	115,	'2016-03-14 01:20:00'),
(481,	785,	115,	'2016-03-14 01:21:16'),
(482,	787,	115,	'2016-03-14 01:25:56'),
(483,	788,	40,	'2016-03-14 02:32:29'),
(484,	2,	3,	'2016-03-18 07:41:11');

DROP TABLE IF EXISTS `multi_wx_config`;
CREATE TABLE `multi_wx_config` (
  `id` int(5) NOT NULL AUTO_INCREMENT,
  `token` text DEFAULT NULL,
  `appid` text DEFAULT NULL,
  `appsecret` text DEFAULT NULL,
  `encodingaeskey` text DEFAULT NULL,
  `switch` int(11) DEFAULT 0,
  `mchid` text DEFAULT NULL,
  `key` text DEFAULT NULL,
  `time` timestamp NOT NULL DEFAULT CURRENT_TIMESTAMP ON UPDATE CURRENT_TIMESTAMP,
  PRIMARY KEY (`id`)
) ENGINE=InnoDB DEFAULT CHARSET=utf8;

INSERT INTO `multi_wx_config` (`id`, `token`, `appid`, `appsecret`, `encodingaeskey`, `switch`, `mchid`, `key`, `time`) VALUES
(1,	'wemall',	'wxd1ffeeb54f02ba24',	'ttttt',	'pvSkWJ92m5XK4EbatX61xCJYuxgx5y4fxYLDIIPRhwg',	0,	'1243050102',	'0IVTlxNMurPnBga2ulahd7g4m36jirgR',	'2016-06-15 02:42:42');

DROP TABLE IF EXISTS `multi_wx_menu`;
CREATE TABLE `multi_wx_menu` (
  `id` int(5) NOT NULL AUTO_INCREMENT,
  `type` text DEFAULT NULL,
  `name` text DEFAULT NULL,
  `key` text DEFAULT NULL,
  `url` text DEFAULT NULL,
  `pid` int(5) NOT NULL DEFAULT '0',
  `rank` text DEFAULT NULL,
  `status` tinyint(1) NOT NULL,
  `remark` text DEFAULT NULL,
  `time` timestamp NOT NULL DEFAULT CURRENT_TIMESTAMP ON UPDATE CURRENT_TIMESTAMP,
  PRIMARY KEY (`id`)
) ENGINE=InnoDB DEFAULT CHARSET=utf8;

INSERT INTO `multi_wx_menu` (`id`, `type`, `name`, `key`, `url`, `pid`, `rank`, `status`, `remark`, `time`) VALUES
(1,	'view',	'商业版',	'',	'http://1.inuoer.com/wemall/App/Index/index',	0,	'',	0,	NULL,	'2015-11-06 09:25:17'),
(2,	'view',	'分销版',	'',	'http://1.inuoer.com/wfx/App/Shop/index',	0,	'',	0,	NULL,	'2015-11-06 09:25:28'),
(3,	'click',	'QQ客服',	'qqkf',	'',	0,	'',	0,	'410016290',	'2016-04-13 02:58:31');

DROP TABLE IF EXISTS `multi_wx_print`;
CREATE TABLE `multi_wx_print` (
  `id` int(11) DEFAULT 0 AUTO_INCREMENT,
  `shop_id` int(11) DEFAULT 0,
  `apikey` varchar(100) DEFAULT NULL COMMENT 'apikey',
  `mkey` varchar(100) DEFAULT NULL COMMENT '秘钥',
  `partner` varchar(100) DEFAULT NULL COMMENT '用户id',
  `machine_code` varchar(100) DEFAULT NULL COMMENT '机器码',
  `switch` int(11) DEFAULT 0,
  `time` timestamp NOT NULL DEFAULT CURRENT_TIMESTAMP ON UPDATE CURRENT_TIMESTAMP,
  PRIMARY KEY (`id`)
) ENGINE=InnoDB DEFAULT CHARSET=utf8;

INSERT INTO `multi_wx_print` (`id`, `shop_id`, `apikey`, `mkey`, `partner`, `machine_code`, `switch`, `time`) VALUES
(1,	40,	'792b5530109d7c1527eb5bb5921f5f4bbf0fe6c1',	'juvn63uqnmf7',	'3706',	'4004506294',	1,	'2016-03-06 01:35:12'),
(4,	136,	'12',	'2',	'789',	'3',	1,	'2016-04-06 08:59:03'),
(5,	138,	'',	'',	'',	'',	0,	'2016-05-25 06:21:10'),
(6,	183,	'',	'',	'',	'',	1,	'2016-05-25 07:22:09');

DROP TABLE IF EXISTS `multi_wx_reply`;
CREATE TABLE `multi_wx_reply` (
  `id` int(10) unsigned NOT NULL AUTO_INCREMENT,
  `type` text DEFAULT NULL,
  `title` text DEFAULT NULL,
  `description` text DEFAULT NULL,
  `file_id` int(11) DEFAULT 0,
  `url` text DEFAULT NULL,
  `key` text DEFAULT NULL,
  `remark` text DEFAULT NULL,
  `time` timestamp NOT NULL DEFAULT CURRENT_TIMESTAMP ON UPDATE CURRENT_TIMESTAMP,
  PRIMARY KEY (`id`)
) ENGINE=InnoDB DEFAULT CHARSET=utf8;

INSERT INTO `multi_wx_reply` (`id`, `type`, `title`, `description`, `file_id`, `url`, `key`, `remark`, `time`) VALUES
(1,	'text',	'恭喜你加入WeMall，欢迎体验WeMall商业版，WeMall分销版和WeMall开源版。WeMall商业版更新，速度提升30%，致力于打造世界上最快，体验最好的微商城。客服QQ：2034210985',	'',	23,	'',	'subscribe',	'',	'2016-01-05 02:19:53'),
(2,	'news',	'欢迎来到商业版wemall商城',	'欢迎来到商业版wemall商城',	28,	'http://1.inuoer.com/3/App/Index/index',	'商城',	'',	'2016-01-05 02:23:41');

DROP TABLE IF EXISTS `multi_wx_tplmsg`;
CREATE TABLE `multi_wx_tplmsg` (
  `id` int(10) unsigned NOT NULL AUTO_INCREMENT,
  `template_id_short` text DEFAULT NULL,
  `template_id` text DEFAULT NULL,
  `time` timestamp NOT NULL DEFAULT CURRENT_TIMESTAMP ON UPDATE CURRENT_TIMESTAMP,
  PRIMARY KEY (`id`)
) ENGINE=InnoDB DEFAULT CHARSET=utf8;

INSERT INTO `multi_wx_tplmsg` (`id`, `template_id_short`, `template_id`, `time`) VALUES
(1,	'OPENTM201785396',	'2fXIC52dOVv9NXPbpBN7O9C9W5N5qT28G6OuzVilUt4',	'2015-11-16 05:30:56'),
(2,	'OPENTM207791277',	'gdKGxJYc6N-sKc7yvv1Gcf9YOOinCy2WiqPcTs3NfWU',	'2016-01-06 12:41:45'),
(3,	'OPENTM207763419',	'Geb3MkzmDZBCpz4Kwk6SwROTyRbxNC7ZsTigg8B3yw0',	'2016-04-07 08:27:07');

-- 2016-06-15 08:40:17
